student_id,phase,class,name,birth_year,age_2022,gender,admission_year,school_institution,inde_2022,iaa,ieg,ips,ida,math,portuguese,english,indicated_for_intervention,achieved_turning_point,ipv,ian,Fase ideal,deficiency,year,age,Fase Ideal,inde_2023,Data de Nasc,inde_2024,Nome Anonimizado,Ativo/ Inativo,ipp,Defasagem,Pedra 2023,ideal_phase
RA-1,7,A,Aluno-1,2003.0,19.0,Feminino,2016,Escola Pública,5.783,8.3,4.1,5.6,4.0,2.7,3.5,6.0,Sim,,7.278,5.0,Fase 8 (Universitários),0.0,PEDE2022,19.0,,,,,,,,,,Fase 8 (Universitários)
RA-2,7,A,Aluno-2,2005.0,17.0,Feminino,2017,Rede Decisão,7.055,8.8,5.2,6.3,6.8,6.3,4.5,9.7,,,6.778,10.0,Fase 7 (3º EM),0.0,PEDE2022,17.0,,,,,,,,,,Fase 7 (3º EM)
RA-3,7,A,Aluno-3,2005.0,17.0,Feminino,2016,Rede Decisão,6.591,0.0,7.9,5.6,5.6,5.8,4.0,6.9,,,7.556,10.0,Fase 7 (3º EM),0.0,PEDE2022,17.0,,,,,,,,,,Fase 7 (3º EM)
RA-4,7,A,Aluno-4,2005.0,17.0,Masculino,2017,Rede Decisão,5.951,8.8,4.5,5.6,5.0,2.8,3.5,8.7,,,5.278,10.0,Fase 7 (3º EM),0.0,PEDE2022,17.0,,,,,,,,,,Fase 7 (3º EM)
RA-5,7,A,Aluno-5,2005.0,17.0,Feminino,2016,Rede Decisão,7.427,7.9,8.6,5.6,5.2,7.0,2.9,5.7,,,7.389,10.0,Fase 7 (3º EM),0.0,PEDE2022,17.0,,,,,,,,,,Fase 7 (3º EM)
RA-6,7,A,Aluno-6,2004.0,18.0,Feminino,2021,Escola Pública,5.848,7.9,4.5,7.5,3.3,2.3,5.3,2.3,Sim,,7.222,5.0,Fase 8 (Universitários),0.0,PEDE2022,18.0,,,,,,,,,,Fase 8 (Universitários)
RA-7,7,A,Aluno-7,2004.0,18.0,Masculino,2017,Rede Decisão,6.818,0.0,8.4,7.5,7.6,8.2,5.7,9.0,,,7.667,5.0,Fase 8 (Universitários),0.0,PEDE2022,18.0,,,,,,,,,,Fase 8 (Universitários)
RA-8,7,A,Aluno-8,2002.0,20.0,Feminino,2018,Escola Pública,4.786,7.1,4.6,6.3,1.6,1.2,0.7,2.9,,,6.278,5.0,Fase 8 (Universitários),0.0,PEDE2022,20.0,,,,,,,,,,Fase 8 (Universitários)
RA-9,7,A,Aluno-9,2004.0,18.0,Feminino,2019,Escola Pública,8.109,8.8,9.5,7.5,6.7,5.5,6.0,8.7,Sim,Sim,9.5,5.0,Fase 8 (Universitários),0.0,PEDE2022,18.0,,,,,,,,,,Fase 8 (Universitários)
RA-10,7,A,Aluno-10,2004.0,18.0,Feminino,2021,Escola Pública,5.784,8.3,5.2,5.0,4.1,3.3,2.6,6.4,,,7.056,5.0,Fase 8 (Universitários),0.0,PEDE2022,18.0,,,,,,,,,,Fase 8 (Universitários)
RA-11,7,A,Aluno-11,2004.0,18.0,Feminino,2016,Escola Pública,5.323,9.2,4.2,5.0,3.0,1.8,2.5,4.5,,,6.389,5.0,Fase 8 (Universitários),0.0,PEDE2022,18.0,,,,,,,,,,Fase 8 (Universitários)
RA-12,7,A,Aluno-12,2005.0,17.0,Feminino,2020,Escola Pública,4.832,0.0,4.0,6.9,1.5,2.7,1.1,0.7,Sim,,6.389,10.0,Fase 7 (3º EM),0.0,PEDE2022,17.0,,,,,,,,,,Fase 7 (3º EM)
RA-13,7,A,Aluno-13,2004.0,18.0,Masculino,2016,Escola Pública,6.902,7.9,7.4,7.5,4.7,3.5,5.5,5.2,Sim,,8.056,5.0,Fase 8 (Universitários),0.0,PEDE2022,18.0,,,,,,,,,,Fase 8 (Universitários)
RA-14,7,D,Aluno-14,2001.0,21.0,Masculino,2022,Escola Pública,6.793,7.9,8.3,7.5,4.0,8.0,0.0,,Sim,,7.75,5.0,Fase 8 (Universitários),0.0,PEDE2022,21.0,,,,,,,,,,Fase 8 (Universitários)
RA-15,7,D,Aluno-15,2004.0,18.0,Masculino,2022,Escola Pública,7.783,8.8,10.0,7.5,7.3,8.0,6.5,,Sim,,7.292,5.0,Fase 8 (Universitários),0.0,PEDE2022,18.0,,,,,,,,,,Fase 8 (Universitários)
RA-16,7,D,Aluno-16,2003.0,19.0,Masculino,2022,Escola Pública,6.112,7.9,8.3,5.0,3.5,7.0,0.0,,Sim,,6.333,5.0,Fase 8 (Universitários),0.0,PEDE2022,19.0,,,,,,,,,,Fase 8 (Universitários)
RA-17,7,D,Aluno-17,2002.0,20.0,Masculino,2022,Escola Pública,8.068,8.8,10.0,7.5,7.8,9.0,6.5,,Sim,,8.292,5.0,Fase 8 (Universitários),0.0,PEDE2022,20.0,,,,,,,,,,Fase 8 (Universitários)
RA-18,7,D,Aluno-18,2003.0,19.0,Masculino,2022,Escola Pública,7.226,6.3,8.7,6.3,9.0,9.0,9.0,,Sim,,6.875,5.0,Fase 8 (Universitários),0.0,PEDE2022,19.0,,,,,,,,,,Fase 8 (Universitários)
RA-19,7,D,Aluno-19,2003.0,19.0,Feminino,2022,Escola Pública,7.665,7.9,9.5,7.5,8.0,7.0,9.0,,Sim,,7.0,5.0,Fase 8 (Universitários),0.0,PEDE2022,19.0,,,,,,,,,,Fase 8 (Universitários)
RA-20,7,D,Aluno-20,2003.0,19.0,Feminino,2022,Escola Pública,7.535,7.1,10.0,6.3,7.8,9.0,6.5,,Sim,,7.167,5.0,Fase 8 (Universitários),0.0,PEDE2022,19.0,,,,,,,,,,Fase 8 (Universitários)
RA-21,7,D,Aluno-21,2004.0,18.0,Masculino,2022,Escola Pública,6.945,9.6,9.2,7.5,3.8,7.0,0.5,,Sim,,7.25,5.0,Fase 8 (Universitários),0.0,PEDE2022,18.0,,,,,,,,,,Fase 8 (Universitários)
RA-22,6,A,Aluno-22,2005.0,17.0,Feminino,2019,Rede Decisão,7.474,8.3,7.4,8.1,6.7,9.0,3.1,7.8,,Sim,8.833,5.0,Fase 7 (3º EM),0.0,PEDE2022,17.0,,,,,,,,,,Fase 7 (3º EM)
RA-23,6,A,Aluno-23,2005.0,17.0,Masculino,2021,Escola Pública,7.677,8.3,8.2,8.1,6.7,7.2,4.7,8.2,Sim,Sim,8.556,5.0,Fase 7 (3º EM),0.0,PEDE2022,17.0,,,,,,,,,,Fase 7 (3º EM)
RA-24,6,A,Aluno-24,2005.0,17.0,Feminino,2021,Rede Decisão,8.087,9.2,7.9,6.9,8.6,10.0,6.3,9.7,,Sim,9.111,5.0,Fase 7 (3º EM),0.0,PEDE2022,17.0,,,,,,,,,,Fase 7 (3º EM)
RA-25,6,A,Aluno-25,2005.0,17.0,Feminino,2021,Escola Pública,7.979,8.3,8.3,8.8,6.9,9.2,3.8,7.7,Sim,Sim,9.667,5.0,Fase 7 (3º EM),0.0,PEDE2022,17.0,,,,,,,,,,Fase 7 (3º EM)
RA-26,6,A,Aluno-26,2005.0,17.0,Masculino,2022,Escola Pública,8.677,9.6,8.8,10.0,8.0,9.5,4.4,10.0,Sim,Sim,10.0,5.0,Fase 7 (3º EM),0.0,PEDE2022,17.0,,,,,,,,,,Fase 7 (3º EM)
RA-27,6,A,Aluno-27,2005.0,17.0,Masculino,2016,Rede Decisão,7.124,0.0,7.6,8.1,8.0,7.7,6.3,10.0,,Sim,9.111,5.0,Fase 7 (3º EM),0.0,PEDE2022,17.0,,,,,,,,,,Fase 7 (3º EM)
RA-28,6,A,Aluno-28,2005.0,17.0,Feminino,2019,Escola Pública,6.242,7.9,6.1,7.5,5.0,8.2,1.5,5.3,,,6.333,5.0,Fase 7 (3º EM),0.0,PEDE2022,17.0,,,,,,,,,,Fase 7 (3º EM)
RA-29,6,A,Aluno-29,2005.0,17.0,Masculino,2022,Escola Pública,4.985,0.0,4.0,8.8,3.7,6.3,1.1,3.8,Sim,,7.611,5.0,Fase 7 (3º EM),0.0,PEDE2022,17.0,,,,,,,,,,Fase 7 (3º EM)
RA-30,6,A,Aluno-30,2006.0,16.0,Feminino,2021,Escola Pública,7.605,8.8,6.4,7.5,7.5,8.5,4.4,9.7,,,7.333,10.0,Fase 6 (2º EM),0.0,PEDE2022,16.0,,,,,,,,,,Fase 6 (2º EM)
RA-31,6,A,Aluno-31,2005.0,17.0,Feminino,2019,Rede Decisão,8.843,10.0,9.5,9.4,8.0,9.0,5.7,9.3,,Sim,10.0,5.0,Fase 7 (3º EM),0.0,PEDE2022,17.0,,,,,,,,,,Fase 7 (3º EM)
RA-32,6,A,Aluno-32,2006.0,16.0,Feminino,2018,Rede Decisão,7.37,8.8,5.2,8.8,6.1,5.7,3.6,8.9,,,7.944,10.0,Fase 6 (2º EM),0.0,PEDE2022,16.0,,,,,,,,,,Fase 6 (2º EM)
RA-33,6,A,Aluno-33,2005.0,17.0,Feminino,2020,Escola Pública,4.952,0.0,4.6,7.5,4.8,9.0,1.6,3.7,,,6.0,5.0,Fase 7 (3º EM),0.0,PEDE2022,17.0,,,,,,,,,,Fase 7 (3º EM)
RA-34,6,A,Aluno-34,2005.0,17.0,Masculino,2016,Rede Decisão,6.259,9.6,4.8,8.1,3.8,4.7,4.0,2.8,,,7.278,5.0,Fase 7 (3º EM),0.0,PEDE2022,17.0,,,,,,,,,,Fase 7 (3º EM)
RA-35,6,A,Aluno-35,2005.0,17.0,Feminino,2019,Rede Decisão,8.965,10.0,9.6,9.4,8.5,9.0,7.1,9.3,,Sim,10.0,5.0,Fase 7 (3º EM),0.0,PEDE2022,17.0,,,,,,,,,,Fase 7 (3º EM)
RA-36,6,A,Aluno-36,2005.0,17.0,Feminino,2019,Rede Decisão,7.876,9.2,9.0,6.9,6.8,8.5,4.3,7.8,,Sim,8.944,5.0,Fase 7 (3º EM),0.0,PEDE2022,17.0,,,,,,,,,,Fase 7 (3º EM)
RA-37,6,A,Aluno-37,2005.0,17.0,Feminino,2019,Rede Decisão,4.95,0.0,5.4,5.0,5.9,2.3,5.3,10.0,,,5.222,5.0,Fase 7 (3º EM),0.0,PEDE2022,17.0,,,,,,,,,,Fase 7 (3º EM)
RA-38,6,A,Aluno-38,2005.0,17.0,Feminino,2017,Rede Decisão,8.523,9.2,8.9,7.5,8.6,9.0,7.0,9.7,,Sim,9.833,5.0,Fase 7 (3º EM),0.0,PEDE2022,17.0,,,,,,,,,,Fase 7 (3º EM)
RA-39,6,A,Aluno-39,2006.0,16.0,Feminino,2017,Rede Decisão,6.033,0.0,4.8,6.9,6.9,7.7,5.1,7.8,,,6.111,10.0,Fase 6 (2º EM),0.0,PEDE2022,16.0,,,,,,,,,,Fase 6 (2º EM)
RA-40,5,A,Aluno-40,2006.0,16.0,Feminino,2016,Rede Decisão,7.203,7.9,7.8,7.5,6.8,4.7,7.3,8.4,,,7.75,5.0,Fase 6 (2º EM),0.0,PEDE2022,16.0,,,,,,,,,,Fase 6 (2º EM)
RA-41,5,A,Aluno-41,2005.0,17.0,Masculino,2018,Escola Pública,5.581,9.2,6.1,5.0,5.6,6.3,2.5,8.0,,,4.375,5.0,Fase 7 (3º EM),0.0,PEDE2022,17.0,,,,,,,,,,Fase 7 (3º EM)
RA-42,5,A,Aluno-42,2007.0,15.0,Masculino,2019,Rede Decisão,6.72,8.3,7.9,5.6,4.8,3.7,4.5,6.2,,,6.083,10.0,Fase 5 (1º EM),0.0,PEDE2022,15.0,,,,,,,,,,Fase 5 (1º EM)
RA-43,5,A,Aluno-43,2006.0,16.0,Feminino,2019,Escola Pública,5.486,6.3,6.5,5.6,4.3,4.0,5.8,3.2,,,5.958,5.0,Fase 6 (2º EM),0.0,PEDE2022,16.0,,,,,,,,,,Fase 6 (2º EM)
RA-44,5,A,Aluno-44,2005.0,17.0,Feminino,2021,Escola Pública,5.542,5.0,5.9,7.5,3.0,2.3,3.5,3.2,Sim,,7.292,5.0,Fase 7 (3º EM),0.0,PEDE2022,17.0,,,,,,,,,,Fase 7 (3º EM)
RA-45,5,A,Aluno-45,2007.0,15.0,Feminino,2019,Rede Decisão,7.591,7.9,8.9,5.6,6.8,6.3,5.2,8.8,,,7.417,10.0,Fase 5 (1º EM),0.0,PEDE2022,15.0,,,,,,,,,,Fase 5 (1º EM)
RA-46,5,A,Aluno-46,2005.0,17.0,Feminino,2022,Escola Pública,6.048,8.8,8.4,6.3,2.1,2.8,2.8,0.7,,,7.083,5.0,Fase 7 (3º EM),0.0,PEDE2022,17.0,,,,,,,,,,Fase 7 (3º EM)
RA-47,5,A,Aluno-47,2005.0,17.0,Feminino,2022,Escola Pública,5.677,7.9,6.3,7.5,2.1,2.5,2.2,1.5,,,7.042,5.0,Fase 7 (3º EM),0.0,PEDE2022,17.0,,,,,,,,,,Fase 7 (3º EM)
RA-48,5,A,Aluno-48,2007.0,15.0,Feminino,2017,Rede Decisão,8.006,6.7,8.4,7.5,8.1,6.7,8.0,9.5,,Sim,8.5,10.0,Fase 5 (1º EM),0.0,PEDE2022,15.0,,,,,,,,,,Fase 5 (1º EM)
RA-49,5,A,Aluno-49,2005.0,17.0,Feminino,2022,Escola Pública,6.304,7.5,7.4,7.5,3.9,1.5,4.2,6.2,,,7.042,5.0,Fase 7 (3º EM),0.0,PEDE2022,17.0,,,,,,,,,,Fase 7 (3º EM)
RA-50,5,A,Aluno-50,2004.0,18.0,Feminino,2022,Escola Pública,7.138,7.5,8.4,7.5,7.8,6.5,7.3,9.7,,,7.542,2.5,Fase 8 (Universitários),0.0,PEDE2022,18.0,,,,,,,,,,Fase 8 (Universitários)
RA-51,5,B,Aluno-51,2005.0,17.0,Feminino,2022,Escola Pública,6.488,8.8,7.6,7.5,5.0,4.5,4.5,6.0,,,6.5,5.0,Fase 7 (3º EM),0.0,PEDE2022,17.0,,,,,,,,,,Fase 7 (3º EM)
RA-52,5,B,Aluno-52,2009.0,13.0,Masculino,2018,Rede Decisão,7.861,9.6,8.9,7.5,6.2,3.3,6.3,8.8,,,7.5,10.0,Fase 3 (7º e 8º ano),1.0,PEDE2022,13.0,,,,,,,,,,Fase 3 (7º e 8º ano)
RA-53,5,B,Aluno-53,2005.0,17.0,Masculino,2022,Escola Pública,6.725,9.2,7.0,7.5,7.0,6.0,8.0,,,,6.458,5.0,Fase 7 (3º EM),0.0,PEDE2022,17.0,,,,,,,,,,Fase 7 (3º EM)
RA-54,5,B,Aluno-54,2006.0,16.0,Feminino,2022,Escola Pública,6.058,7.9,6.9,7.5,4.8,3.0,6.5,,,,6.125,5.0,Fase 6 (2º EM),0.0,PEDE2022,16.0,,,,,,,,,,Fase 6 (2º EM)
RA-55,5,B,Aluno-55,2006.0,16.0,Feminino,2017,Escola Pública,6.576,7.1,7.6,5.6,7.5,6.7,7.8,7.9,,,6.5,5.0,Fase 6 (2º EM),0.0,PEDE2022,16.0,,,,,,,,,,Fase 6 (2º EM)
RA-56,5,B,Aluno-56,2007.0,15.0,Feminino,2019,Rede Decisão,8.404,10.0,10.0,7.5,7.0,4.5,6.5,10.0,,,8.25,10.0,Fase 5 (1º EM),0.0,PEDE2022,15.0,,,,,,,,,,Fase 5 (1º EM)
RA-57,5,B,Aluno-57,2006.0,16.0,Masculino,2017,Rede Decisão,7.305,7.1,8.1,5.6,8.4,9.0,7.0,9.3,,,7.875,5.0,Fase 6 (2º EM),0.0,PEDE2022,16.0,,,,,,,,,,Fase 6 (2º EM)
RA-58,5,B,Aluno-58,2007.0,15.0,Masculino,2017,Rede Decisão,8.136,9.6,9.2,6.3,7.2,4.5,8.0,9.0,,,8.125,10.0,Fase 5 (1º EM),0.0,PEDE2022,15.0,,,,,,,,,,Fase 5 (1º EM)
RA-59,5,B,Aluno-59,2005.0,17.0,Masculino,2022,Escola Pública,7.642,9.2,9.3,7.5,7.2,7.0,5.7,8.8,,,7.917,5.0,Fase 7 (3º EM),0.0,PEDE2022,17.0,,,,,,,,,,Fase 7 (3º EM)
RA-60,5,B,Aluno-60,2004.0,18.0,Feminino,2021,Escola Pública,5.537,6.7,6.0,7.5,4.9,5.0,6.2,3.5,,,6.167,2.5,Fase 8 (Universitários),0.0,PEDE2022,18.0,,,,,,,,,,Fase 8 (Universitários)
RA-61,5,B,Aluno-61,2007.0,15.0,Masculino,2021,Escola Pública,7.533,9.2,7.4,7.5,5.8,1.7,6.3,9.3,Sim,,7.875,10.0,Fase 5 (1º EM),0.0,PEDE2022,15.0,,,,,,,,,,Fase 5 (1º EM)
RA-62,5,B,Aluno-62,2005.0,17.0,Masculino,2022,Escola Pública,7.891,8.8,9.4,7.5,9.3,8.5,10.0,,Sim,,7.25,5.0,Fase 7 (3º EM),0.0,PEDE2022,17.0,,,,,,,,,,Fase 7 (3º EM)
RA-63,5,B,Aluno-63,2006.0,16.0,Masculino,2018,Rede Decisão,8.282,8.3,9.1,8.8,8.7,8.2,8.2,9.7,,Sim,9.417,5.0,Fase 6 (2º EM),0.0,PEDE2022,16.0,,,,,,,,,,Fase 6 (2º EM)
RA-64,5,B,Aluno-64,2006.0,16.0,Masculino,2019,Escola Pública,7.368,7.1,8.1,8.1,7.5,4.8,8.2,9.4,Sim,,8.25,5.0,Fase 6 (2º EM),0.0,PEDE2022,16.0,,,,,,,,,,Fase 6 (2º EM)
RA-65,5,B,Aluno-65,2005.0,17.0,Feminino,2022,Escola Pública,7.712,8.3,7.7,7.5,9.3,9.0,9.5,9.5,Sim,,7.875,5.0,Fase 7 (3º EM),0.0,PEDE2022,17.0,,,,,,,,,,Fase 7 (3º EM)
RA-66,5,B,Aluno-66,2005.0,17.0,Feminino,2022,Escola Pública,5.665,7.5,5.6,7.5,4.5,3.0,6.0,,,,5.917,5.0,Fase 7 (3º EM),0.0,PEDE2022,17.0,,,,,,,,,,Fase 7 (3º EM)
RA-67,5,C,Aluno-67,2006.0,16.0,Feminino,2019,Escola Pública,5.195,5.8,3.0,7.5,3.6,3.0,4.2,3.5,,,6.889,5.0,Fase 6 (2º EM),0.0,PEDE2022,16.0,,,,,,,,,,Fase 6 (2º EM)
RA-68,5,C,Aluno-68,2006.0,16.0,Masculino,2019,Escola Pública,6.438,8.3,6.0,7.5,4.0,4.7,4.8,2.7,Sim,,7.944,5.0,Fase 6 (2º EM),0.0,PEDE2022,16.0,,,,,,,,,,Fase 6 (2º EM)
RA-69,5,C,Aluno-69,2006.0,16.0,Masculino,2018,Escola Pública,5.718,8.3,6.1,7.5,2.5,4.7,2.6,0.3,,,6.167,5.0,Fase 6 (2º EM),0.0,PEDE2022,16.0,,,,,,,,,,Fase 6 (2º EM)
RA-70,5,C,Aluno-70,2006.0,16.0,Feminino,2017,Escola Pública,5.712,8.8,6.6,5.0,2.9,5.7,2.9,0.2,,,6.111,5.0,Fase 6 (2º EM),0.0,PEDE2022,16.0,,,,,,,,,,Fase 6 (2º EM)
RA-71,5,C,Aluno-71,2005.0,17.0,Feminino,2019,Escola Pública,4.332,7.9,2.0,7.5,1.2,1.3,2.2,0.0,,,5.833,5.0,Fase 7 (3º EM),0.0,PEDE2022,17.0,,,,,,,,,,Fase 7 (3º EM)
RA-72,5,C,Aluno-72,2005.0,17.0,Feminino,2022,Escola Pública,7.64,8.3,7.5,7.5,7.8,7.5,7.8,8.0,Sim,Sim,8.667,5.0,Fase 7 (3º EM),0.0,PEDE2022,17.0,,,,,,,,,,Fase 7 (3º EM)
RA-73,5,C,Aluno-73,2005.0,17.0,Feminino,2022,Escola Pública,5.271,7.1,3.0,7.5,3.3,4.5,3.0,2.3,Sim,,7.278,5.0,Fase 7 (3º EM),0.0,PEDE2022,17.0,,,,,,,,,,Fase 7 (3º EM)
RA-74,5,C,Aluno-74,2006.0,16.0,Masculino,2022,Escola Pública,4.989,9.6,3.3,7.5,2.0,6.0,0.0,0.0,,,5.833,5.0,Fase 6 (2º EM),0.0,PEDE2022,16.0,,,,,,,,,,Fase 6 (2º EM)
RA-75,5,F,Aluno-75,2006.0,16.0,Feminino,2022,Escola Pública,3.915,5.4,3.8,6.3,0.0,0.0,0.0,,,,4.625,5.0,Fase 6 (2º EM),0.0,PEDE2022,16.0,,,,,,,,,,Fase 6 (2º EM)
RA-76,5,F,Aluno-76,2007.0,15.0,Feminino,2017,Rede Decisão,9.105,10.0,9.1,8.1,8.7,9.3,8.3,8.4,,Sim,9.292,10.0,Fase 5 (1º EM),0.0,PEDE2022,15.0,,,,,,,,,,Fase 5 (1º EM)
RA-77,5,F,Aluno-77,2006.0,16.0,Masculino,2019,Escola Pública,3.846,7.1,2.7,5.0,0.7,0.3,1.8,0.0,,,4.625,5.0,Fase 6 (2º EM),0.0,PEDE2022,16.0,,,,,,,,,,Fase 6 (2º EM)
RA-78,5,F,Aluno-78,2005.0,17.0,Masculino,2018,Rede Decisão,7.04,8.3,6.6,5.6,7.2,8.7,5.7,7.3,,,8.0,5.0,Fase 7 (3º EM),0.0,PEDE2022,17.0,,,,,,,,,,Fase 7 (3º EM)
RA-79,5,F,Aluno-79,2006.0,16.0,Feminino,2018,Rede Decisão,6.847,5.4,6.3,5.6,8.9,9.5,7.7,9.5,,,7.292,5.0,Fase 6 (2º EM),0.0,PEDE2022,16.0,,,,,,,,,,Fase 6 (2º EM)
RA-80,5,K,Aluno-80,2006.0,16.0,Feminino,2017,Rede Decisão,7.29,9.2,8.3,5.0,7.1,6.5,7.7,7.3,,,7.625,5.0,Fase 6 (2º EM),0.0,PEDE2022,16.0,,,,,,,,,,Fase 6 (2º EM)
RA-81,5,K,Aluno-81,2008.0,14.0,Feminino,2017,Rede Decisão,7.675,9.2,9.2,5.0,6.0,5.5,5.2,7.3,,,7.458,10.0,Fase 4 (9º ano),1.0,PEDE2022,14.0,,,,,,,,,,Fase 4 (9º ano)
RA-82,5,K,Aluno-82,2005.0,17.0,Feminino,2022,Escola Pública,6.596,8.8,6.8,7.5,5.5,6.0,5.0,,Sim,,6.417,5.0,Fase 7 (3º EM),0.0,PEDE2022,17.0,,,,,,,,,,Fase 7 (3º EM)
RA-83,5,K,Aluno-83,2005.0,17.0,Feminino,2022,Escola Pública,6.671,7.9,6.8,7.5,6.8,6.0,7.5,,Sim,,5.958,5.0,Fase 7 (3º EM),0.0,PEDE2022,17.0,,,,,,,,,,Fase 7 (3º EM)
RA-84,5,K,Aluno-84,2005.0,17.0,Feminino,2018,Rede Decisão,6.682,7.1,8.8,5.0,5.8,5.7,6.5,5.2,,,6.75,5.0,Fase 7 (3º EM),0.0,PEDE2022,17.0,,,,,,,,,,Fase 7 (3º EM)
RA-85,5,K,Aluno-85,2007.0,15.0,Masculino,2022,Escola Pública,6.243,6.7,7.3,5.0,4.3,5.0,3.5,,,,5.833,10.0,Fase 5 (1º EM),0.0,PEDE2022,15.0,,,,,,,,,,Fase 5 (1º EM)
RA-86,5,K,Aluno-86,2006.0,16.0,Masculino,2016,Rede Decisão,7.566,7.5,9.6,5.6,6.7,6.2,7.2,6.9,,Sim,8.458,5.0,Fase 6 (2º EM),0.0,PEDE2022,16.0,,,,,,,,,,Fase 6 (2º EM)
RA-87,5,K,Aluno-87,2007.0,15.0,Masculino,2021,Rede Decisão,8.712,8.3,9.6,7.5,8.8,8.3,8.0,10.0,,Sim,8.5,10.0,Fase 5 (1º EM),0.0,PEDE2022,15.0,,,,,,,,,,Fase 5 (1º EM)
RA-88,5,K,Aluno-88,2005.0,17.0,Masculino,2021,Escola Pública,7.498,7.1,9.2,5.6,6.5,6.8,6.2,6.4,Sim,Sim,9.208,5.0,Fase 7 (3º EM),0.0,PEDE2022,17.0,,,,,,,,,,Fase 7 (3º EM)
RA-89,5,K,Aluno-89,2006.0,16.0,Masculino,2021,Escola Pública,7.323,9.6,7.8,7.5,5.9,7.5,5.7,4.7,Sim,,8.0,5.0,Fase 6 (2º EM),0.0,PEDE2022,16.0,,,,,,,,,,Fase 6 (2º EM)
RA-90,5,L,Aluno-90,2009.0,13.0,Feminino,2019,Rede Decisão,9.442,10.0,9.7,9.4,8.5,7.7,8.0,9.8,,Sim,9.75,10.0,Fase 3 (7º e 8º ano),1.0,PEDE2022,13.0,,,,,,,,,,Fase 3 (7º e 8º ano)
RA-91,5,L,Aluno-91,2006.0,16.0,Feminino,2016,Rede Decisão,6.645,9.2,5.7,5.6,6.6,5.5,5.7,8.5,,,7.125,5.0,Fase 6 (2º EM),0.0,PEDE2022,16.0,,,,,,,,,,Fase 6 (2º EM)
RA-92,5,L,Aluno-92,2006.0,16.0,Feminino,2016,Rede Decisão,6.957,9.2,7.1,5.0,7.4,7.8,5.5,8.8,,,6.667,5.0,Fase 6 (2º EM),0.0,PEDE2022,16.0,,,,,,,,,,Fase 6 (2º EM)
RA-93,5,L,Aluno-93,2007.0,15.0,Feminino,2016,Rede Decisão,8.941,8.3,9.7,8.1,8.5,8.8,8.3,8.4,,Sim,9.083,10.0,Fase 5 (1º EM),0.0,PEDE2022,15.0,,,,,,,,,,Fase 5 (1º EM)
RA-94,5,L,Aluno-94,2007.0,15.0,Feminino,2018,Rede Decisão,8.921,8.3,9.6,8.1,7.7,7.0,6.7,9.5,,Sim,9.583,10.0,Fase 5 (1º EM),0.0,PEDE2022,15.0,,,,,,,,,,Fase 5 (1º EM)
RA-95,5,L,Aluno-95,2005.0,17.0,Feminino,2022,Escola Pública,6.308,8.3,6.6,7.5,4.8,6.0,8.0,0.5,,,6.292,5.0,Fase 7 (3º EM),0.0,PEDE2022,17.0,,,,,,,,,,Fase 7 (3º EM)
RA-96,5,L,Aluno-96,2006.0,16.0,Masculino,2021,Escola Pública,7.54,9.2,7.8,6.9,6.7,5.7,6.5,8.0,Sim,Sim,8.5,5.0,Fase 6 (2º EM),0.0,PEDE2022,16.0,,,,,,,,,,Fase 6 (2º EM)
RA-97,5,L,Aluno-97,2007.0,15.0,Feminino,2017,Rede Decisão,7.468,7.5,8.8,5.0,6.9,5.3,6.7,8.8,,,6.292,10.0,Fase 5 (1º EM),0.0,PEDE2022,15.0,,,,,,,,,,Fase 5 (1º EM)
RA-98,5,L,Aluno-98,2007.0,15.0,Feminino,2017,Rede Decisão,9.354,8.8,10.0,9.4,8.5,8.4,8.2,8.9,,Sim,9.667,10.0,Fase 5 (1º EM),0.0,PEDE2022,15.0,,,,,,,,,,Fase 5 (1º EM)
RA-99,5,L,Aluno-99,2006.0,16.0,Masculino,2019,Escola Pública,6.158,8.8,6.3,7.5,5.0,5.7,3.4,5.8,,,5.833,5.0,Fase 6 (2º EM),0.0,PEDE2022,16.0,,,,,,,,,,Fase 6 (2º EM)
RA-100,4,A,Aluno-100,2009.0,13.0,Feminino,2019,Rede Decisão,7.618,8.8,7.8,5.0,7.6,7.0,7.8,8.1,,,7.25,10.0,Fase 3 (7º e 8º ano),1.0,PEDE2022,13.0,,,,,,,,,,Fase 3 (7º e 8º ano)
RA-101,4,A,Aluno-101,2007.0,15.0,Feminino,2021,Escola Pública,7.305,7.9,8.3,7.5,7.6,7.2,6.5,9.2,Sim,,6.833,5.0,Fase 5 (1º EM),0.0,PEDE2022,15.0,,,,,,,,,,Fase 5 (1º EM)
RA-102,4,A,Aluno-102,2008.0,14.0,Masculino,2019,Escola Pública,6.922,6.7,7.7,6.9,5.7,4.7,6.8,5.5,,,6.0,10.0,Fase 4 (9º ano),0.0,PEDE2022,14.0,,,,,,,,,,Fase 4 (9º ano)
RA-103,4,A,Aluno-103,2009.0,13.0,Feminino,2020,Rede Decisão,8.107,7.9,8.7,7.5,7.3,7.3,7.3,7.3,,,7.708,10.0,Fase 3 (7º e 8º ano),1.0,PEDE2022,13.0,,,,,,,,,,Fase 3 (7º e 8º ano)
RA-104,4,A,Aluno-104,2004.0,18.0,Masculino,2022,Escola Pública,6.315,7.9,8.7,7.5,3.7,4.8,5.8,0.3,,,6.708,2.5,Fase 8 (Universitários),0.0,PEDE2022,18.0,,,,,,,,,,Fase 8 (Universitários)
RA-105,4,A,Aluno-105,2005.0,17.0,Masculino,2016,Rede Decisão,6.846,7.9,8.2,5.6,6.7,7.2,6.2,6.8,,,7.417,2.5,Fase 7 (3º EM),0.0,PEDE2022,17.0,,,,,,,,,,Fase 7 (3º EM)
RA-106,4,A,Aluno-106,2007.0,15.0,Feminino,2016,Rede Decisão,7.973,9.2,8.0,9.4,7.4,7.8,7.2,7.2,,Sim,8.375,5.0,Fase 5 (1º EM),0.0,PEDE2022,15.0,,,,,,,,,,Fase 5 (1º EM)
RA-107,4,A,Aluno-107,2007.0,15.0,Feminino,2018,Escola Pública,6.258,7.5,6.4,7.5,4.6,3.3,4.3,6.0,Sim,,6.5,5.0,Fase 5 (1º EM),0.0,PEDE2022,15.0,,,,,,,,,,Fase 5 (1º EM)
RA-108,4,A,Aluno-108,2005.0,17.0,Feminino,2019,Escola Pública,5.547,4.6,7.7,5.0,5.0,3.0,5.8,6.2,,,6.125,2.5,Fase 7 (3º EM),0.0,PEDE2022,17.0,,,,,,,,,,Fase 7 (3º EM)
RA-109,4,A,Aluno-109,2006.0,16.0,Masculino,2021,Rede Decisão,8.512,8.8,10.0,8.8,8.4,7.8,7.5,9.9,,Sim,8.667,5.0,Fase 6 (2º EM),0.0,PEDE2022,16.0,,,,,,,,,,Fase 6 (2º EM)
RA-110,4,A,Aluno-110,2008.0,14.0,Masculino,2017,Rede Decisão,8.15,9.2,9.7,5.6,6.7,8.3,5.7,6.0,,,8.0,10.0,Fase 4 (9º ano),0.0,PEDE2022,14.0,,,,,,,,,,Fase 4 (9º ano)
RA-111,4,A,Aluno-111,2009.0,13.0,Feminino,2020,Rede Decisão,8.646,7.5,9.4,8.1,8.0,6.7,7.5,9.7,,Sim,8.667,10.0,Fase 3 (7º e 8º ano),1.0,PEDE2022,13.0,,,,,,,,,,Fase 3 (7º e 8º ano)
RA-112,4,A,Aluno-112,2007.0,15.0,Feminino,2016,Rede Decisão,7.836,7.9,7.8,6.3,8.5,9.0,7.5,9.1,,Sim,8.833,5.0,Fase 5 (1º EM),0.0,PEDE2022,15.0,,,,,,,,,,Fase 5 (1º EM)
RA-113,4,A,Aluno-113,2007.0,15.0,Feminino,2017,Rede Decisão,3.032,0.0,0.0,5.0,3.7,3.3,5.5,2.3,,,3.792,5.0,Fase 5 (1º EM),0.0,PEDE2022,15.0,,,,,,,,,,Fase 5 (1º EM)
RA-114,4,A,Aluno-114,2006.0,16.0,Masculino,2022,Escola Pública,5.894,7.9,6.3,7.5,5.3,6.0,4.5,,,,5.0,5.0,Fase 6 (2º EM),0.0,PEDE2022,16.0,,,,,,,,,,Fase 6 (2º EM)
RA-115,4,A,Aluno-115,2006.0,16.0,Feminino,2019,Escola Pública,5.886,8.3,6.8,6.3,3.8,3.0,5.7,2.7,,,5.583,5.0,Fase 6 (2º EM),0.0,PEDE2022,16.0,,,,,,,,,,Fase 6 (2º EM)
RA-116,4,B,Aluno-116,2006.0,16.0,Feminino,2019,Escola Pública,6.854,5.8,8.1,6.3,5.9,5.0,7.2,5.5,Sim,,7.792,5.0,Fase 6 (2º EM),0.0,PEDE2022,16.0,,,,,,,,,,Fase 6 (2º EM)
RA-117,4,B,Aluno-117,2007.0,15.0,Feminino,2022,Escola Pública,6.685,7.9,6.3,6.9,6.1,4.7,6.7,7.0,,,7.417,5.0,Fase 5 (1º EM),0.0,PEDE2022,15.0,,,,,,,,,,Fase 5 (1º EM)
RA-118,4,B,Aluno-118,2008.0,14.0,Feminino,2021,Escola Pública,5.597,0.0,5.3,6.3,3.9,3.7,4.7,3.5,,,6.958,10.0,Fase 4 (9º ano),0.0,PEDE2022,14.0,,,,,,,,,,Fase 4 (9º ano)
RA-119,4,B,Aluno-119,2008.0,14.0,Feminino,2016,Rede Decisão,7.501,8.3,8.2,5.6,5.4,5.7,7.0,3.4,,,7.875,10.0,Fase 4 (9º ano),0.0,PEDE2022,14.0,,,,,,,,,,Fase 4 (9º ano)
RA-120,4,B,Aluno-120,2007.0,15.0,Masculino,2019,Escola Pública,6.825,8.3,5.9,7.5,6.2,3.7,5.2,9.7,Sim,,7.667,5.0,Fase 5 (1º EM),0.0,PEDE2022,15.0,,,,,,,,,,Fase 5 (1º EM)
RA-121,4,B,Aluno-121,2006.0,16.0,Feminino,2021,Escola Pública,7.245,7.1,8.4,6.3,7.2,5.7,6.8,9.0,Sim,,7.625,5.0,Fase 6 (2º EM),0.0,PEDE2022,16.0,,,,,,,,,,Fase 6 (2º EM)
RA-122,4,B,Aluno-122,2008.0,14.0,Feminino,2019,Escola Pública,5.061,7.9,3.4,7.5,1.8,1.7,3.7,0.0,,,4.958,10.0,Fase 4 (9º ano),0.0,PEDE2022,14.0,,,,,,,,,,Fase 4 (9º ano)
RA-123,4,B,Aluno-123,2006.0,16.0,Masculino,2017,Rede Decisão,7.084,7.9,8.6,5.6,6.5,7.3,6.3,5.9,,,7.292,5.0,Fase 6 (2º EM),0.0,PEDE2022,16.0,,,,,,,,,,Fase 6 (2º EM)
RA-124,4,B,Aluno-124,2008.0,14.0,Masculino,2016,Rede Decisão,7.388,7.9,7.8,5.0,6.7,5.7,7.0,7.5,,,7.167,10.0,Fase 4 (9º ano),0.0,PEDE2022,14.0,,,,,,,,,,Fase 4 (9º ano)
RA-125,4,B,Aluno-125,2007.0,15.0,Feminino,2022,Escola Pública,7.619,8.8,8.5,7.5,7.1,5.0,7.2,9.2,Sim,,7.75,5.0,Fase 5 (1º EM),0.0,PEDE2022,15.0,,,,,,,,,,Fase 5 (1º EM)
RA-126,4,B,Aluno-126,2007.0,15.0,Masculino,2018,Escola Pública,6.289,7.1,5.8,7.5,4.4,4.0,5.0,4.2,Sim,,7.417,5.0,Fase 5 (1º EM),0.0,PEDE2022,15.0,,,,,,,,,,Fase 5 (1º EM)
RA-127,4,B,Aluno-127,2008.0,14.0,Feminino,2022,Escola Pública,8.283,7.5,8.7,7.5,7.9,7.7,7.7,8.3,Sim,,8.125,10.0,Fase 4 (9º ano),0.0,PEDE2022,14.0,,,,,,,,,,Fase 4 (9º ano)
RA-128,4,B,Aluno-128,2007.0,15.0,Masculino,2019,Escola Pública,5.563,0.0,6.2,7.5,5.6,6.7,6.8,3.2,Sim,,6.167,5.0,Fase 5 (1º EM),0.0,PEDE2022,15.0,,,,,,,,,,Fase 5 (1º EM)
RA-129,4,B,Aluno-129,2007.0,15.0,Masculino,2019,Escola Pública,6.926,6.7,6.4,7.5,6.7,6.0,5.3,8.7,Sim,,7.792,5.0,Fase 5 (1º EM),0.0,PEDE2022,15.0,,,,,,,,,,Fase 5 (1º EM)
RA-130,4,F,Aluno-130,2006.0,16.0,Feminino,2018,Escola Pública,5.624,8.3,4.7,5.0,4.1,3.7,5.2,3.5,,,6.5,5.0,Fase 6 (2º EM),0.0,PEDE2022,16.0,,,,,,,,,,Fase 6 (2º EM)
RA-131,4,F,Aluno-131,2007.0,15.0,Feminino,2016,Escola Pública,7.174,8.8,9.0,5.6,5.6,6.0,6.5,4.2,Sim,,7.75,5.0,Fase 5 (1º EM),0.0,PEDE2022,15.0,,,,,,,,,,Fase 5 (1º EM)
RA-132,4,F,Aluno-132,2008.0,14.0,Feminino,2019,Rede Decisão,8.355,10.0,8.8,5.6,7.7,6.5,7.5,9.1,,Sim,8.458,10.0,Fase 4 (9º ano),0.0,PEDE2022,14.0,,,,,,,,,,Fase 4 (9º ano)
RA-133,4,F,Aluno-133,2007.0,15.0,Feminino,2016,Escola Pública,6.875,7.9,7.1,7.5,5.6,4.7,7.2,5.0,,,7.625,5.0,Fase 5 (1º EM),0.0,PEDE2022,15.0,,,,,,,,,,Fase 5 (1º EM)
RA-134,4,F,Aluno-134,2007.0,15.0,Feminino,2021,Escola Pública,6.607,8.8,6.8,7.5,4.7,4.7,6.8,2.5,Sim,,7.375,5.0,Fase 5 (1º EM),0.0,PEDE2022,15.0,,,,,,,,,,Fase 5 (1º EM)
RA-135,4,F,Aluno-135,2007.0,15.0,Feminino,2019,Escola Pública,7.692,8.3,7.8,5.6,8.6,8.0,8.2,9.5,Sim,Sim,8.583,5.0,Fase 5 (1º EM),0.0,PEDE2022,15.0,,,,,,,,,,Fase 5 (1º EM)
RA-136,4,F,Aluno-136,2007.0,15.0,Masculino,2019,Escola Pública,6.478,10.0,6.3,7.5,4.6,5.3,5.7,2.8,,,6.667,5.0,Fase 5 (1º EM),0.0,PEDE2022,15.0,,,,,,,,,,Fase 5 (1º EM)
RA-137,4,F,Aluno-137,2005.0,17.0,Feminino,2016,Rede Decisão,7.056,7.5,8.9,5.0,7.3,6.0,7.3,8.5,,,7.792,2.5,Fase 7 (3º EM),0.0,PEDE2022,17.0,,,,,,,,,,Fase 7 (3º EM)
RA-138,4,F,Aluno-138,2007.0,15.0,Masculino,2016,Escola Pública,6.738,9.6,8.0,5.6,5.6,5.0,6.5,5.2,Sim,,6.375,5.0,Fase 5 (1º EM),0.0,PEDE2022,15.0,,,,,,,,,,Fase 5 (1º EM)
RA-139,4,F,Aluno-139,2005.0,17.0,Masculino,2019,Escola Pública,3.738,7.1,3.5,5.0,1.4,1.7,2.7,0.0,,,3.917,2.5,Fase 7 (3º EM),0.0,PEDE2022,17.0,,,,,,,,,,Fase 7 (3º EM)
RA-140,4,F,Aluno-140,2008.0,14.0,Feminino,2021,Escola Pública,7.407,7.9,7.6,6.9,5.7,5.0,6.5,5.6,Sim,,7.667,10.0,Fase 4 (9º ano),0.0,PEDE2022,14.0,,,,,,,,,,Fase 4 (9º ano)
RA-141,4,F,Aluno-141,2008.0,14.0,Masculino,2017,Escola Pública,7.118,9.2,8.2,5.6,5.7,5.8,6.2,5.0,,,5.917,10.0,Fase 4 (9º ano),0.0,PEDE2022,14.0,,,,,,,,,,Fase 4 (9º ano)
RA-142,4,F,Aluno-142,2008.0,14.0,Feminino,2021,Escola Pública,7.457,6.7,8.6,5.6,6.3,6.0,6.8,6.0,,,7.583,10.0,Fase 4 (9º ano),0.0,PEDE2022,14.0,,,,,,,,,,Fase 4 (9º ano)
RA-143,4,F,Aluno-143,2009.0,13.0,Masculino,2019,Rede Decisão,8.638,8.3,9.9,5.6,7.9,9.7,7.7,6.4,,Sim,9.5,10.0,Fase 3 (7º e 8º ano),1.0,PEDE2022,13.0,,,,,,,,,,Fase 3 (7º e 8º ano)
RA-144,4,F,Aluno-144,2008.0,14.0,Feminino,2017,Rede Decisão,8.181,7.5,9.3,5.0,7.9,7.5,7.2,9.0,,,8.292,10.0,Fase 4 (9º ano),0.0,PEDE2022,14.0,,,,,,,,,,Fase 4 (9º ano)
RA-145,4,H,Aluno-145,2006.0,16.0,Masculino,2017,Escola Pública,5.846,0.0,6.3,8.1,5.2,3.0,4.8,7.8,Sim,,7.25,5.0,Fase 6 (2º EM),0.0,PEDE2022,16.0,,,,,,,,,,Fase 6 (2º EM)
RA-146,4,H,Aluno-146,2007.0,15.0,Feminino,2022,Escola Pública,7.947,8.3,9.2,7.5,7.9,6.3,7.3,10.0,Sim,,8.208,5.0,Fase 5 (1º EM),0.0,PEDE2022,15.0,,,,,,,,,,Fase 5 (1º EM)
RA-147,4,H,Aluno-147,2008.0,14.0,Feminino,2022,Escola Pública,7.541,8.3,7.7,7.5,6.1,5.8,4.8,7.7,,,7.25,10.0,Fase 4 (9º ano),0.0,PEDE2022,14.0,,,,,,,,,,Fase 4 (9º ano)
RA-148,4,H,Aluno-148,2008.0,14.0,Masculino,2022,Escola Pública,7.894,9.2,7.9,10.0,5.3,4.7,6.3,5.0,Sim,,7.708,10.0,Fase 4 (9º ano),0.0,PEDE2022,14.0,,,,,,,,,,Fase 4 (9º ano)
RA-149,4,H,Aluno-149,2007.0,15.0,Feminino,2022,Escola Pública,6.323,9.2,6.5,7.5,5.0,4.0,6.0,,,,6.125,5.0,Fase 5 (1º EM),0.0,PEDE2022,15.0,,,,,,,,,,Fase 5 (1º EM)
RA-150,4,H,Aluno-150,2006.0,16.0,Feminino,2020,Escola Pública,6.962,9.6,6.3,6.9,6.9,5.3,6.7,8.6,Sim,,7.333,5.0,Fase 6 (2º EM),0.0,PEDE2022,16.0,,,,,,,,,,Fase 6 (2º EM)
RA-151,4,H,Aluno-151,2006.0,16.0,Feminino,2020,Escola Pública,7.563,8.8,7.5,6.9,8.3,7.3,8.0,9.5,Sim,,7.958,5.0,Fase 6 (2º EM),0.0,PEDE2022,16.0,,,,,,,,,,Fase 6 (2º EM)
RA-152,4,L,Aluno-152,2006.0,16.0,Feminino,2022,Escola Pública,6.712,8.3,7.0,7.5,6.5,4.0,7.0,8.5,,,6.292,5.0,Fase 6 (2º EM),0.0,PEDE2022,16.0,,,,,,,,,,Fase 6 (2º EM)
RA-153,4,L,Aluno-153,2008.0,14.0,Feminino,2018,Rede Decisão,7.535,7.9,8.2,5.0,6.6,3.3,7.7,8.8,,,7.708,10.0,Fase 4 (9º ano),0.0,PEDE2022,14.0,,,,,,,,,,Fase 4 (9º ano)
RA-154,4,L,Aluno-154,2007.0,15.0,Masculino,2017,Escola Pública,6.073,8.3,6.1,6.3,4.0,3.7,6.2,2.1,Sim,,6.833,5.0,Fase 5 (1º EM),0.0,PEDE2022,15.0,,,,,,,,,,Fase 5 (1º EM)
RA-155,4,L,Aluno-155,2006.0,16.0,Masculino,2022,Escola Pública,7.051,10.0,8.3,7.5,5.2,4.3,6.8,4.3,Sim,,6.833,5.0,Fase 6 (2º EM),0.0,PEDE2022,16.0,,,,,,,,,,Fase 6 (2º EM)
RA-156,4,L,Aluno-156,2007.0,15.0,Masculino,2018,Escola Pública,7.357,10.0,8.3,9.4,4.4,4.7,6.5,2.1,Sim,,7.792,5.0,Fase 5 (1º EM),0.0,PEDE2022,15.0,,,,,,,,,,Fase 5 (1º EM)
RA-157,4,L,Aluno-157,2010.0,12.0,Feminino,2018,Rede Decisão,8.317,7.5,10.0,6.3,7.7,7.0,7.5,8.7,,,8.292,10.0,Fase 3 (7º e 8º ano),1.0,PEDE2022,12.0,,,,,,,,,,Fase 3 (7º e 8º ano)
RA-158,4,L,Aluno-158,2005.0,17.0,Feminino,2017,Rede Decisão,7.302,7.9,9.8,5.6,6.6,5.0,6.7,8.1,,,8.125,2.5,Fase 7 (3º EM),0.0,PEDE2022,17.0,,,,,,,,,,Fase 7 (3º EM)
RA-159,4,L,Aluno-159,2007.0,15.0,Feminino,2021,Escola Pública,6.49,8.3,8.1,5.6,4.7,4.3,5.8,3.9,,,6.458,5.0,Fase 5 (1º EM),0.0,PEDE2022,15.0,,,,,,,,,,Fase 5 (1º EM)
RA-160,4,L,Aluno-160,2007.0,15.0,Feminino,2021,Escola Pública,6.746,7.5,7.2,5.6,5.3,2.7,6.0,7.1,Sim,,8.25,5.0,Fase 5 (1º EM),0.0,PEDE2022,15.0,,,,,,,,,,Fase 5 (1º EM)
RA-161,4,L,Aluno-161,2011.0,11.0,Feminino,2018,Rede Decisão,7.957,7.9,9.1,5.6,6.9,5.3,6.8,8.5,,,8.083,10.0,Fase 2 (5º e 6º ano),1.0,PEDE2022,11.0,,,,,,,,,,Fase 2 (5º e 6º ano)
RA-162,4,L,Aluno-162,2008.0,14.0,Feminino,2021,Escola Pública,7.215,6.7,8.5,7.5,5.5,4.7,5.5,6.4,,,6.542,10.0,Fase 4 (9º ano),0.0,PEDE2022,14.0,,,,,,,,,,Fase 4 (9º ano)
RA-163,4,L,Aluno-163,2007.0,15.0,Feminino,2021,Escola Pública,6.797,8.8,7.9,5.6,6.7,6.5,6.3,7.4,,,6.5,5.0,Fase 5 (1º EM),0.0,PEDE2022,15.0,,,,,,,,,,Fase 5 (1º EM)
RA-164,4,L,Aluno-164,2006.0,16.0,Masculino,2018,Escola Pública,6.776,8.3,7.3,5.6,6.5,4.7,6.5,8.3,Sim,,7.208,5.0,Fase 6 (2º EM),0.0,PEDE2022,16.0,,,,,,,,,,Fase 6 (2º EM)
RA-165,4,L,Aluno-165,2008.0,14.0,Feminino,2017,Rede Decisão,8.063,7.1,9.8,5.6,7.6,5.3,7.8,9.7,,,7.5,10.0,Fase 4 (9º ano),0.0,PEDE2022,14.0,,,,,,,,,,Fase 4 (9º ano)
RA-166,4,L,Aluno-166,2008.0,14.0,Masculino,2020,Escola Pública,8.253,9.2,9.0,6.3,8.1,7.0,7.2,10.0,Sim,,7.542,10.0,Fase 4 (9º ano),0.0,PEDE2022,14.0,,,,,,,,,,Fase 4 (9º ano)
RA-167,4,P,Aluno-167,2006.0,16.0,Feminino,2018,Rede Decisão,7.798,9.2,9.7,5.6,7.9,9.3,8.0,6.3,,,7.833,5.0,Fase 6 (2º EM),0.0,PEDE2022,16.0,,,,,,,,,,Fase 6 (2º EM)
RA-168,4,P,Aluno-168,2007.0,15.0,Feminino,2018,Rede Decisão,6.917,7.9,8.3,6.3,5.9,4.7,8.2,5.0,,,7.083,5.0,Fase 5 (1º EM),0.0,PEDE2022,15.0,,,,,,,,,,Fase 5 (1º EM)
RA-169,4,P,Aluno-169,2007.0,15.0,Feminino,2018,Escola Pública,5.159,7.5,5.1,6.3,3.2,1.3,4.5,3.8,,,4.792,5.0,Fase 5 (1º EM),0.0,PEDE2022,15.0,,,,,,,,,,Fase 5 (1º EM)
RA-170,4,P,Aluno-170,2008.0,14.0,Feminino,2018,Rede Decisão,7.007,8.3,9.2,5.6,4.9,3.7,6.7,4.3,,,5.792,10.0,Fase 4 (9º ano),0.0,PEDE2022,14.0,,,,,,,,,,Fase 4 (9º ano)
RA-171,4,P,Aluno-171,2006.0,16.0,Masculino,2022,Escola Pública,6.581,7.5,6.8,7.5,5.5,3.0,8.0,,,,6.875,5.0,Fase 6 (2º EM),0.0,PEDE2022,16.0,,,,,,,,,,Fase 6 (2º EM)
RA-172,4,P,Aluno-172,2008.0,14.0,Feminino,2018,Rede Decisão,8.673,9.2,8.9,9.4,7.3,6.0,7.7,8.1,,Sim,8.917,10.0,Fase 4 (9º ano),0.0,PEDE2022,14.0,,,,,,,,,,Fase 4 (9º ano)
RA-173,4,P,Aluno-173,2005.0,17.0,Masculino,2019,Rede Decisão,7.816,8.3,9.2,6.9,7.9,9.0,7.5,7.1,,Sim,9.25,2.5,Fase 7 (3º EM),0.0,PEDE2022,17.0,,,,,,,,,,Fase 7 (3º EM)
RA-174,4,P,Aluno-174,2007.0,15.0,Feminino,2019,Escola Pública,6.075,7.9,6.2,7.5,4.4,4.0,5.3,3.8,,,6.042,5.0,Fase 5 (1º EM),0.0,PEDE2022,15.0,,,,,,,,,,Fase 5 (1º EM)
RA-175,4,P,Aluno-175,2007.0,15.0,Feminino,2018,Rede Decisão,6.75,8.3,9.2,5.6,5.9,4.7,7.2,5.9,,,5.833,5.0,Fase 5 (1º EM),0.0,PEDE2022,15.0,,,,,,,,,,Fase 5 (1º EM)
RA-176,3,A,Aluno-176,2009.0,13.0,Feminino,2018,Rede Decisão,8.427,9.6,9.1,5.6,6.9,5.1,6.8,8.7,,Sim,9.083,10.0,Fase 3 (7º e 8º ano),0.0,PEDE2022,13.0,,,,,,,,,,Fase 3 (7º e 8º ano)
RA-177,3,A,Aluno-177,2009.0,13.0,Feminino,2022,Escola Pública,7.424,7.9,8.8,4.4,6.8,6.0,7.5,,,,6.958,10.0,Fase 3 (7º e 8º ano),0.0,PEDE2022,13.0,,,,,,,,,,Fase 3 (7º e 8º ano)
RA-178,3,A,Aluno-178,2009.0,13.0,Feminino,2016,Rede Decisão,7.025,0.0,8.8,4.4,6.3,6.2,5.3,7.3,,Sim,8.458,10.0,Fase 3 (7º e 8º ano),0.0,PEDE2022,13.0,,,,,,,,,,Fase 3 (7º e 8º ano)
RA-179,3,A,Aluno-179,2010.0,12.0,Masculino,2022,Escola Pública,7.993,7.5,9.2,7.5,6.1,3.7,6.7,8.0,Sim,,8.042,10.0,Fase 3 (7º e 8º ano),0.0,PEDE2022,12.0,,,,,,,,,,Fase 3 (7º e 8º ano)
RA-180,3,A,Aluno-180,2010.0,12.0,Masculino,2018,Rede Decisão,8.442,9.2,8.3,6.3,8.1,7.7,8.3,8.3,,Sim,8.625,10.0,Fase 3 (7º e 8º ano),0.0,PEDE2022,12.0,,,,,,,,,,Fase 3 (7º e 8º ano)
RA-181,3,A,Aluno-181,2009.0,13.0,Feminino,2019,Rede Decisão,8.623,9.2,9.5,8.8,6.8,6.8,7.3,6.2,,Sim,8.458,10.0,Fase 3 (7º e 8º ano),0.0,PEDE2022,13.0,,,,,,,,,,Fase 3 (7º e 8º ano)
RA-182,3,A,Aluno-182,2006.0,16.0,Feminino,2021,Escola Pública,6.328,7.5,8.0,7.5,4.1,1.3,5.7,5.4,,,6.958,2.5,Fase 6 (2º EM),0.0,PEDE2022,16.0,,,,,,,,,,Fase 6 (2º EM)
RA-183,3,A,Aluno-183,2009.0,13.0,Feminino,2022,Escola Pública,7.3,8.3,8.8,7.5,3.8,0.0,7.5,,,,7.25,10.0,Fase 3 (7º e 8º ano),0.0,PEDE2022,13.0,,,,,,,,,,Fase 3 (7º e 8º ano)
RA-184,3,A,Aluno-184,2006.0,16.0,Masculino,2019,Escola Pública,7.28,8.8,7.7,7.5,7.2,5.0,7.3,9.3,Sim,,8.0,2.5,Fase 6 (2º EM),0.0,PEDE2022,16.0,,,,,,,,,,Fase 6 (2º EM)
RA-185,3,A,Aluno-185,2007.0,15.0,Masculino,2021,Escola Pública,6.615,7.9,7.7,7.5,4.5,3.3,5.7,4.5,,,6.875,5.0,Fase 5 (1º EM),0.0,PEDE2022,15.0,,,,,,,,,,Fase 5 (1º EM)
RA-186,3,A,Aluno-186,2009.0,13.0,Feminino,2019,Escola Pública,7.832,8.3,8.5,7.5,6.6,6.0,5.7,8.0,Sim,,7.5,10.0,Fase 3 (7º e 8º ano),0.0,PEDE2022,13.0,,,,,,,,,,Fase 3 (7º e 8º ano)
RA-187,3,A,Aluno-187,2010.0,12.0,Feminino,2019,Rede Decisão,7.928,8.8,8.9,7.5,5.8,5.3,7.2,4.8,,,7.917,10.0,Fase 3 (7º e 8º ano),0.0,PEDE2022,12.0,,,,,,,,,,Fase 3 (7º e 8º ano)
RA-188,3,A,Aluno-188,2008.0,14.0,Masculino,2021,Escola Pública,5.307,0.0,6.1,7.5,2.7,3.0,3.2,2.0,Sim,,7.583,5.0,Fase 4 (9º ano),0.0,PEDE2022,14.0,,,,,,,,,,Fase 4 (9º ano)
RA-189,3,A,Aluno-189,2008.0,14.0,Masculino,2018,Rede Decisão,7.629,10.0,9.7,5.0,7.2,6.3,7.2,8.0,,,7.333,5.0,Fase 4 (9º ano),0.0,PEDE2022,14.0,,,,,,,,,,Fase 4 (9º ano)
RA-190,3,A,Aluno-190,2009.0,13.0,Feminino,2022,Escola Pública,7.335,6.7,6.9,8.8,6.3,5.0,7.5,,,,7.25,10.0,Fase 3 (7º e 8º ano),0.0,PEDE2022,13.0,,,,,,,,,,Fase 3 (7º e 8º ano)
RA-191,3,A,Aluno-191,2009.0,13.0,Masculino,2019,Rede Decisão,8.74,10.0,9.4,8.8,7.2,8.0,7.2,6.3,,Sim,8.5,10.0,Fase 3 (7º e 8º ano),0.0,PEDE2022,13.0,,,,,,,,,,Fase 3 (7º e 8º ano)
RA-192,3,B,Aluno-192,2007.0,15.0,Masculino,2021,Escola Pública,4.932,8.8,3.6,7.5,2.7,1.7,4.7,1.7,,,4.708,5.0,Fase 5 (1º EM),0.0,PEDE2022,15.0,,,,,,,,,,Fase 5 (1º EM)
RA-193,3,B,Aluno-193,2010.0,12.0,Masculino,2016,Rede Decisão,8.155,9.2,8.9,5.6,6.7,5.0,6.3,8.7,,Sim,8.5,10.0,Fase 3 (7º e 8º ano),0.0,PEDE2022,12.0,,,,,,,,,,Fase 3 (7º e 8º ano)
RA-194,3,B,Aluno-194,2008.0,14.0,Feminino,2022,Escola Pública,4.265,0.0,6.2,5.0,3.2,3.7,5.8,0.0,,,3.75,5.0,Fase 4 (9º ano),0.0,PEDE2022,14.0,,,,,,,,,,Fase 4 (9º ano)
RA-195,3,B,Aluno-195,2009.0,13.0,Feminino,2017,Rede Decisão,8.017,8.8,9.2,5.0,6.3,6.8,6.3,5.8,,,8.25,10.0,Fase 3 (7º e 8º ano),0.0,PEDE2022,13.0,,,,,,,,,,Fase 3 (7º e 8º ano)
RA-196,3,B,Aluno-196,2010.0,12.0,Masculino,2018,Rede Decisão,8.124,9.2,9.1,7.5,5.1,4.0,6.0,5.3,,Sim,8.625,10.0,Fase 3 (7º e 8º ano),0.0,PEDE2022,12.0,,,,,,,,,,Fase 3 (7º e 8º ano)
RA-197,3,B,Aluno-197,2009.0,13.0,Feminino,2021,Rede Decisão,8.218,8.8,9.7,4.4,7.3,6.0,7.5,8.3,,,8.292,10.0,Fase 3 (7º e 8º ano),0.0,PEDE2022,13.0,,,,,,,,,,Fase 3 (7º e 8º ano)
RA-198,3,B,Aluno-198,2009.0,13.0,Masculino,2017,Escola Pública,5.554,0.0,6.2,5.0,4.6,5.2,5.8,2.8,,,5.958,10.0,Fase 3 (7º e 8º ano),0.0,PEDE2022,13.0,,,,,,,,,,Fase 3 (7º e 8º ano)
RA-199,3,B,Aluno-199,2009.0,13.0,Masculino,2022,Escola Pública,7.564,8.3,7.1,7.5,7.5,5.7,7.8,9.0,,,6.458,10.0,Fase 3 (7º e 8º ano),0.0,PEDE2022,13.0,,,,,,,,,,Fase 3 (7º e 8º ano)
RA-200,3,B,Aluno-200,2007.0,15.0,Masculino,2018,Outros,5.705,7.9,5.6,4.4,5.5,4.7,5.0,6.8,,,4.917,5.0,Fase 5 (1º EM),0.0,PEDE2022,15.0,,,,,,,,,,Fase 5 (1º EM)
RA-201,3,B,Aluno-201,2007.0,15.0,Feminino,2021,Escola Pública,7.078,7.9,7.3,7.5,6.5,6.0,7.2,6.3,,,7.542,5.0,Fase 5 (1º EM),0.0,PEDE2022,15.0,,,,,,,,,,Fase 5 (1º EM)
RA-202,3,B,Aluno-202,2008.0,14.0,Feminino,2017,Escola Pública,5.201,0.0,5.2,4.4,5.4,6.3,5.8,4.2,Sim,,6.917,5.0,Fase 4 (9º ano),0.0,PEDE2022,14.0,,,,,,,,,,Fase 4 (9º ano)
RA-203,3,B,Aluno-203,2008.0,14.0,Feminino,2021,Escola Pública,5.669,8.8,4.3,7.5,2.8,2.3,3.5,2.5,,,6.875,5.0,Fase 4 (9º ano),0.0,PEDE2022,14.0,,,,,,,,,,Fase 4 (9º ano)
RA-204,3,B,Aluno-204,2009.0,13.0,Feminino,2019,Escola Pública,6.943,7.9,6.7,4.4,7.4,5.3,8.5,8.5,,,5.708,10.0,Fase 3 (7º e 8º ano),0.0,PEDE2022,13.0,,,,,,,,,,Fase 3 (7º e 8º ano)
RA-205,3,B,Aluno-205,2008.0,14.0,Masculino,2020,Escola Pública,5.372,9.6,3.8,7.5,4.1,5.7,1.7,5.0,,,4.833,5.0,Fase 4 (9º ano),0.0,PEDE2022,14.0,,,,,,,,,,Fase 4 (9º ano)
RA-206,3,B,Aluno-206,2010.0,12.0,Feminino,2022,Escola Pública,7.101,8.3,8.8,7.5,5.0,4.0,6.0,,,,5.167,10.0,Fase 3 (7º e 8º ano),0.0,PEDE2022,12.0,,,,,,,,,,Fase 3 (7º e 8º ano)
RA-207,3,C,Aluno-207,2006.0,16.0,Masculino,2021,Escola Pública,4.936,0.0,4.8,7.5,5.8,5.3,4.0,8.0,,,5.708,2.5,Fase 6 (2º EM),0.0,PEDE2022,16.0,,,,,,,,,,Fase 6 (2º EM)
RA-208,3,C,Aluno-208,2008.0,14.0,Masculino,2018,Escola Pública,6.667,7.5,7.1,7.5,6.1,5.0,7.5,5.8,,,6.417,5.0,Fase 4 (9º ano),0.0,PEDE2022,14.0,,,,,,,,,,Fase 4 (9º ano)
RA-209,3,C,Aluno-209,2008.0,14.0,Masculino,2019,Escola Pública,4.499,0.0,4.8,5.6,6.0,5.0,5.2,7.8,,,3.75,5.0,Fase 4 (9º ano),0.0,PEDE2022,14.0,,,,,,,,,,Fase 4 (9º ano)
RA-210,3,C,Aluno-210,2008.0,14.0,Masculino,2022,Escola Pública,4.44,0.0,5.1,7.5,3.4,2.7,5.3,2.3,,,4.417,5.0,Fase 4 (9º ano),0.0,PEDE2022,14.0,,,,,,,,,,Fase 4 (9º ano)
RA-211,3,C,Aluno-211,2009.0,13.0,Masculino,2021,Escola Pública,8.465,9.2,8.8,7.5,7.6,6.7,7.5,8.5,Sim,Sim,8.458,10.0,Fase 3 (7º e 8º ano),0.0,PEDE2022,13.0,,,,,,,,,,Fase 3 (7º e 8º ano)
RA-212,3,C,Aluno-212,2008.0,14.0,Masculino,2022,Escola Pública,7.268,9.6,8.4,7.5,6.2,4.8,5.8,7.8,,,6.958,5.0,Fase 4 (9º ano),0.0,PEDE2022,14.0,,,,,,,,,,Fase 4 (9º ano)
RA-213,3,C,Aluno-213,2009.0,13.0,Masculino,2022,Escola Pública,7.209,9.6,8.7,7.5,3.5,5.0,2.0,,,,6.833,10.0,Fase 3 (7º e 8º ano),0.0,PEDE2022,13.0,,,,,,,,,,Fase 3 (7º e 8º ano)
RA-214,3,C,Aluno-214,2007.0,15.0,Masculino,2022,Escola Pública,4.87,0.0,6.1,7.5,4.3,5.0,3.5,,,,5.125,5.0,Fase 5 (1º EM),0.0,PEDE2022,15.0,,,,,,,,,,Fase 5 (1º EM)
RA-215,3,D,Aluno-215,2009.0,13.0,Feminino,2021,Escola Pública,7.172,6.7,5.8,7.5,7.8,5.7,7.7,10.0,,,6.542,10.0,Fase 3 (7º e 8º ano),0.0,PEDE2022,13.0,,,,,,,,,,Fase 3 (7º e 8º ano)
RA-216,3,D,Aluno-216,2009.0,13.0,Feminino,2018,Escola Pública,7.502,7.9,8.5,7.5,7.0,5.3,6.5,9.2,,,5.583,10.0,Fase 3 (7º e 8º ano),0.0,PEDE2022,13.0,,,,,,,,,,Fase 3 (7º e 8º ano)
RA-217,3,D,Aluno-217,2007.0,15.0,Feminino,2021,Escola Pública,7.397,7.9,8.5,7.5,7.1,6.3,7.2,7.7,Sim,,7.292,5.0,Fase 5 (1º EM),0.0,PEDE2022,15.0,,,,,,,,,,Fase 5 (1º EM)
RA-218,3,D,Aluno-218,2008.0,14.0,Feminino,2022,Escola Pública,6.1,6.3,7.3,7.5,4.0,5.0,7.0,0.0,,,6.125,5.0,Fase 4 (9º ano),0.0,PEDE2022,14.0,,,,,,,,,,Fase 4 (9º ano)
RA-219,3,D,Aluno-219,2006.0,16.0,Masculino,2019,Escola Pública,5.942,8.8,6.9,7.5,3.5,4.0,4.8,1.7,,,6.375,2.5,Fase 6 (2º EM),0.0,PEDE2022,16.0,,,,,,,,,,Fase 6 (2º EM)
RA-220,3,D,Aluno-220,2009.0,13.0,Feminino,2022,Escola Pública,7.028,0.0,8.1,7.5,6.5,6.8,6.8,5.8,Sim,,7.833,10.0,Fase 3 (7º e 8º ano),0.0,PEDE2022,13.0,,,,,,,,,,Fase 3 (7º e 8º ano)
RA-221,3,D,Aluno-221,2008.0,14.0,Masculino,2022,Escola Pública,6.892,9.6,8.5,7.5,5.2,7.0,3.5,5.0,,,6.0,5.0,Fase 4 (9º ano),0.0,PEDE2022,14.0,,,,,,,,,,Fase 4 (9º ano)
RA-222,3,D,Aluno-222,2007.0,15.0,Feminino,2019,Escola Pública,5.604,7.1,4.6,7.5,6.2,5.0,7.5,6.0,,,4.917,5.0,Fase 5 (1º EM),0.0,PEDE2022,15.0,,,,,,,,,,Fase 5 (1º EM)
RA-223,3,E,Aluno-223,2009.0,13.0,Feminino,2022,Escola Pública,4.966,0.0,4.6,7.5,3.1,4.3,4.7,0.2,,,5.583,10.0,Fase 3 (7º e 8º ano),0.0,PEDE2022,13.0,,,,,,,,,,Fase 3 (7º e 8º ano)
RA-224,3,E,Aluno-224,2009.0,13.0,Masculino,2021,Escola Pública,5.671,9.6,4.3,7.5,2.6,5.0,2.7,0.0,,,4.875,10.0,Fase 3 (7º e 8º ano),0.0,PEDE2022,13.0,,,,,,,,,,Fase 3 (7º e 8º ano)
RA-225,3,E,Aluno-225,2008.0,14.0,Masculino,2022,Escola Pública,5.918,8.3,5.3,7.5,5.0,3.0,7.0,,,,5.708,5.0,Fase 4 (9º ano),0.0,PEDE2022,14.0,,,,,,,,,,Fase 4 (9º ano)
RA-226,3,E,Aluno-226,2008.0,14.0,Feminino,2022,Escola Pública,6.549,7.5,6.1,7.5,6.8,7.0,6.5,,,,6.208,5.0,Fase 4 (9º ano),0.0,PEDE2022,14.0,,,,,,,,,,Fase 4 (9º ano)
RA-227,3,E,Aluno-227,2010.0,12.0,Masculino,2022,Escola Pública,6.471,9.2,6.4,7.5,3.3,4.7,4.3,1.0,,,5.833,10.0,Fase 3 (7º e 8º ano),0.0,PEDE2022,12.0,,,,,,,,,,Fase 3 (7º e 8º ano)
RA-228,3,E,Aluno-228,2007.0,15.0,Feminino,2017,Escola Pública,6.196,7.5,6.7,7.5,4.8,3.0,6.0,5.3,,,6.417,5.0,Fase 5 (1º EM),0.0,PEDE2022,15.0,,,,,,,,,,Fase 5 (1º EM)
RA-229,3,E,Aluno-229,2010.0,12.0,Masculino,2022,Escola Pública,8.62,10.0,9.4,7.5,6.9,7.0,6.7,7.2,Sim,Sim,8.5,10.0,Fase 3 (7º e 8º ano),0.0,PEDE2022,12.0,,,,,,,,,,Fase 3 (7º e 8º ano)
RA-230,3,E,Aluno-230,2008.0,14.0,Masculino,2022,Escola Pública,6.328,7.9,5.1,7.5,5.7,3.7,4.3,9.0,Sim,,6.75,5.0,Fase 4 (9º ano),0.0,PEDE2022,14.0,,,,,,,,,,Fase 4 (9º ano)
RA-231,3,E,Aluno-231,2008.0,14.0,Masculino,2022,Escola Pública,6.116,8.8,7.4,7.5,3.8,3.0,4.5,,,,5.333,5.0,Fase 4 (9º ano),0.0,PEDE2022,14.0,,,,,,,,,,Fase 4 (9º ano)
RA-232,3,E,Aluno-232,2010.0,12.0,Masculino,2022,Escola Pública,4.245,0.0,4.9,7.5,0.0,0.0,0.0,,,,4.542,10.0,Fase 3 (7º e 8º ano),0.0,PEDE2022,12.0,,,,,,,,,,Fase 3 (7º e 8º ano)
RA-233,3,E,Aluno-233,2008.0,14.0,Masculino,2022,Escola Pública,6.051,7.9,7.4,7.5,3.8,3.0,4.5,,,,5.5,5.0,Fase 4 (9º ano),0.0,PEDE2022,14.0,,,,,,,,,,Fase 4 (9º ano)
RA-234,3,E,Aluno-234,2009.0,13.0,Masculino,2022,Escola Pública,6.719,10.0,7.6,5.6,4.3,3.7,6.3,2.8,,,5.583,10.0,Fase 3 (7º e 8º ano),0.0,PEDE2022,13.0,,,,,,,,,,Fase 3 (7º e 8º ano)
RA-235,3,E,Aluno-235,2008.0,14.0,Feminino,2022,Escola Pública,6.79,8.3,7.3,7.5,6.3,7.0,5.5,,,,6.417,5.0,Fase 4 (9º ano),0.0,PEDE2022,14.0,,,,,,,,,,Fase 4 (9º ano)
RA-236,3,F,Aluno-236,2010.0,12.0,Feminino,2022,Escola Pública,7.11,9.6,7.5,7.5,3.7,4.0,4.0,3.0,,,7.208,10.0,Fase 3 (7º e 8º ano),0.0,PEDE2022,12.0,,,,,,,,,,Fase 3 (7º e 8º ano)
RA-237,3,F,Aluno-237,2008.0,14.0,Feminino,2022,Escola Pública,8.084,10.0,9.0,7.5,7.8,6.8,7.7,8.8,Sim,Sim,8.417,5.0,Fase 4 (9º ano),0.0,PEDE2022,14.0,,,,,,,,,,Fase 4 (9º ano)
RA-238,3,F,Aluno-238,2008.0,14.0,Feminino,2021,Escola Pública,6.331,8.8,6.4,5.0,5.1,4.3,6.5,4.5,,,7.208,5.0,Fase 4 (9º ano),0.0,PEDE2022,14.0,,,,,,,,,,Fase 4 (9º ano)
RA-239,3,F,Aluno-239,2007.0,15.0,Feminino,2021,Escola Pública,4.572,0.0,3.7,7.5,3.7,2.0,4.7,4.5,,,5.958,5.0,Fase 5 (1º EM),0.0,PEDE2022,15.0,,,,,,,,,,Fase 5 (1º EM)
RA-240,3,F,Aluno-240,2009.0,13.0,Feminino,2017,Rede Decisão,6.943,7.1,8.1,5.0,4.7,6.3,5.0,2.8,,,7.042,10.0,Fase 3 (7º e 8º ano),0.0,PEDE2022,13.0,,,,,,,,,,Fase 3 (7º e 8º ano)
RA-241,3,F,Aluno-241,2008.0,14.0,Masculino,2016,Rede Decisão,8.468,10.0,10.0,7.5,7.7,8.2,7.5,7.3,,Sim,9.125,5.0,Fase 4 (9º ano),0.0,PEDE2022,14.0,,,,,,,,,,Fase 4 (9º ano)
RA-242,3,F,Aluno-242,2009.0,13.0,Masculino,2018,Rede Decisão,8.673,9.6,9.7,5.6,8.2,8.7,7.2,8.7,,Sim,8.708,10.0,Fase 3 (7º e 8º ano),0.0,PEDE2022,13.0,,,,,,,,,,Fase 3 (7º e 8º ano)
RA-243,3,F,Aluno-243,2007.0,15.0,Feminino,2022,Escola Pública,6.982,7.1,8.7,5.0,6.0,5.0,5.3,7.7,,,7.875,5.0,Fase 5 (1º EM),0.0,PEDE2022,15.0,,,,,,,,,,Fase 5 (1º EM)
RA-244,3,F,Aluno-244,2010.0,12.0,Feminino,2018,Rede Decisão,8.51,7.5,9.4,6.3,7.8,6.7,8.0,8.7,,Sim,9.208,10.0,Fase 3 (7º e 8º ano),0.0,PEDE2022,12.0,,,,,,,,,,Fase 3 (7º e 8º ano)
RA-245,3,F,Aluno-245,2008.0,14.0,Masculino,2016,Rede Decisão,8.656,10.0,9.9,7.5,8.4,8.3,8.2,8.8,,Sim,9.25,5.0,Fase 4 (9º ano),0.0,PEDE2022,14.0,,,,,,,,,,Fase 4 (9º ano)
RA-246,3,F,Aluno-246,2009.0,13.0,Masculino,2022,Escola Pública,8.639,8.3,9.4,7.5,7.6,8.0,6.7,8.0,Sim,Sim,9.167,10.0,Fase 3 (7º e 8º ano),0.0,PEDE2022,13.0,,,,,,,,,,Fase 3 (7º e 8º ano)
RA-247,3,F,Aluno-247,2009.0,13.0,Feminino,2021,Escola Pública,7.72,8.3,8.2,7.5,5.8,5.3,5.7,6.3,Sim,,7.875,10.0,Fase 3 (7º e 8º ano),0.0,PEDE2022,13.0,,,,,,,,,,Fase 3 (7º e 8º ano)
RA-248,3,F,Aluno-248,2009.0,13.0,Masculino,2022,Escola Pública,7.429,9.2,7.6,7.5,5.2,4.0,5.5,6.0,,,7.292,10.0,Fase 3 (7º e 8º ano),0.0,PEDE2022,13.0,,,,,,,,,,Fase 3 (7º e 8º ano)
RA-249,3,G,Aluno-249,2008.0,14.0,Masculino,2017,Escola Pública,5.097,6.7,7.4,5.0,2.9,2.3,4.2,2.2,,,4.292,5.0,Fase 4 (9º ano),0.0,PEDE2022,14.0,,,,,,,,,,Fase 4 (9º ano)
RA-250,3,G,Aluno-250,2010.0,12.0,Feminino,2022,Escola Pública,7.958,8.3,8.6,7.5,6.6,6.7,6.5,6.7,Sim,,7.625,10.0,Fase 3 (7º e 8º ano),0.0,PEDE2022,12.0,,,,,,,,,,Fase 3 (7º e 8º ano)
RA-251,3,G,Aluno-251,2007.0,15.0,Masculino,2018,Escola Pública,7.022,10.0,8.1,5.6,6.3,5.3,6.3,7.2,,,6.625,5.0,Fase 5 (1º EM),0.0,PEDE2022,15.0,,,,,,,,,,Fase 5 (1º EM)
RA-252,3,G,Aluno-252,2008.0,14.0,Masculino,2018,Escola Pública,4.277,9.2,2.8,7.5,0.9,1.3,1.2,0.2,,,3.875,5.0,Fase 4 (9º ano),0.0,PEDE2022,14.0,,,,,,,,,,Fase 4 (9º ano)
RA-253,3,G,Aluno-253,2007.0,15.0,Masculino,2019,Escola Pública,4.312,9.2,3.6,5.0,1.8,1.0,3.7,0.7,,,3.75,5.0,Fase 5 (1º EM),0.0,PEDE2022,15.0,,,,,,,,,,Fase 5 (1º EM)
RA-254,3,G,Aluno-254,2008.0,14.0,Masculino,2019,Escola Pública,6.715,10.0,7.4,5.6,5.3,5.0,6.8,4.0,,,6.917,5.0,Fase 4 (9º ano),0.0,PEDE2022,14.0,,,,,,,,,,Fase 4 (9º ano)
RA-255,3,G,Aluno-255,2008.0,14.0,Masculino,2019,Escola Pública,4.563,7.5,3.8,5.0,1.3,1.0,2.3,0.5,,,5.542,5.0,Fase 4 (9º ano),0.0,PEDE2022,14.0,,,,,,,,,,Fase 4 (9º ano)
RA-256,3,G,Aluno-256,2010.0,12.0,Feminino,2019,Escola Pública,7.192,8.8,8.5,5.0,5.2,5.3,6.7,3.5,,,6.708,10.0,Fase 3 (7º e 8º ano),0.0,PEDE2022,12.0,,,,,,,,,,Fase 3 (7º e 8º ano)
RA-257,3,G,Aluno-257,2008.0,14.0,Feminino,2018,Escola Pública,5.149,0.0,6.4,5.6,3.6,4.0,5.2,1.5,,,6.708,5.0,Fase 4 (9º ano),0.0,PEDE2022,14.0,,,,,,,,,,Fase 4 (9º ano)
RA-258,3,G,Aluno-258,2010.0,12.0,Feminino,2018,Escola Pública,6.926,10.0,7.3,5.6,4.8,2.7,6.2,5.5,,,6.125,10.0,Fase 3 (7º e 8º ano),0.0,PEDE2022,12.0,,,,,,,,,,Fase 3 (7º e 8º ano)
RA-259,3,G,Aluno-259,2006.0,16.0,Masculino,2017,Escola Pública,4.182,8.8,2.9,7.5,0.9,0.0,2.7,0.2,,,4.625,2.5,Fase 6 (2º EM),0.0,PEDE2022,16.0,,,,,,,,,,Fase 6 (2º EM)
RA-260,3,G,Aluno-260,2009.0,13.0,Feminino,2019,Escola Pública,7.44,10.0,8.2,7.5,5.0,5.7,5.2,4.2,,,6.458,10.0,Fase 3 (7º e 8º ano),0.0,PEDE2022,13.0,,,,,,,,,,Fase 3 (7º e 8º ano)
RA-261,3,G,Aluno-261,2008.0,14.0,Feminino,2019,Escola Pública,6.763,8.8,7.2,5.6,5.8,6.2,5.8,5.5,Sim,,7.042,5.0,Fase 4 (9º ano),0.0,PEDE2022,14.0,,,,,,,,,,Fase 4 (9º ano)
RA-262,3,G,Aluno-262,2007.0,15.0,Masculino,2021,Escola Pública,4.786,0.0,5.8,5.6,3.4,1.3,5.5,3.5,,,5.625,5.0,Fase 5 (1º EM),0.0,PEDE2022,15.0,,,,,,,,,,Fase 5 (1º EM)
RA-263,3,G,Aluno-263,2007.0,15.0,Feminino,2019,Escola Pública,5.319,5.8,5.6,7.5,3.7,3.0,2.8,5.4,,,4.417,5.0,Fase 5 (1º EM),0.0,PEDE2022,15.0,,,,,,,,,,Fase 5 (1º EM)
RA-264,3,I,Aluno-264,2007.0,15.0,Feminino,2022,Escola Pública,7.087,10.0,9.2,5.6,5.8,6.0,5.5,,,,6.625,5.0,Fase 5 (1º EM),0.0,PEDE2022,15.0,,,,,,,,,,Fase 5 (1º EM)
RA-265,3,I,Aluno-265,2009.0,13.0,Masculino,2019,Escola Pública,7.926,8.3,7.7,7.5,6.9,5.3,7.0,8.5,Sim,,7.917,10.0,Fase 3 (7º e 8º ano),0.0,PEDE2022,13.0,,,,,,,,,,Fase 3 (7º e 8º ano)
RA-266,3,I,Aluno-266,2006.0,16.0,Feminino,2019,Escola Pública,5.987,7.5,5.8,5.6,6.0,5.0,6.7,6.3,,,6.583,2.5,Fase 6 (2º EM),0.0,PEDE2022,16.0,,,,,,,,,,Fase 6 (2º EM)
RA-267,3,I,Aluno-267,2007.0,15.0,Feminino,2016,Escola Pública,6.012,10.0,7.4,5.0,3.3,2.3,4.8,2.7,,,6.292,5.0,Fase 5 (1º EM),0.0,PEDE2022,15.0,,,,,,,,,,Fase 5 (1º EM)
RA-268,3,K,Aluno-268,2008.0,14.0,Feminino,2021,Escola Pública,6.695,9.2,6.7,6.3,5.7,7.0,6.8,3.2,Sim,,7.208,5.0,Fase 4 (9º ano),0.0,PEDE2022,14.0,,,,,,,,,,Fase 4 (9º ano)
RA-269,3,K,Aluno-269,2009.0,13.0,Masculino,2022,Escola Pública,8.231,9.2,8.6,6.3,8.9,8.7,9.5,8.5,,,7.25,10.0,Fase 3 (7º e 8º ano),0.0,PEDE2022,13.0,,,,,,,,,,Fase 3 (7º e 8º ano)
RA-270,3,K,Aluno-270,2009.0,13.0,Feminino,2019,Rede Decisão,8.226,8.3,8.4,6.9,7.9,8.0,7.2,8.5,,,8.125,10.0,Fase 3 (7º e 8º ano),0.0,PEDE2022,13.0,,,,,,,,,,Fase 3 (7º e 8º ano)
RA-271,3,K,Aluno-271,2007.0,15.0,Feminino,2022,Escola Pública,7.255,9.2,8.5,5.6,7.1,6.3,6.5,8.3,Sim,,6.958,5.0,Fase 5 (1º EM),0.0,PEDE2022,15.0,,,,,,,,,,Fase 5 (1º EM)
RA-272,3,K,Aluno-272,2008.0,14.0,Masculino,2021,Escola Pública,6.361,9.2,5.7,7.5,5.1,5.0,6.8,3.5,,,6.417,5.0,Fase 4 (9º ano),0.0,PEDE2022,14.0,,,,,,,,,,Fase 4 (9º ano)
RA-273,3,K,Aluno-273,2008.0,14.0,Feminino,2018,Escola Pública,5.679,9.2,5.3,7.5,3.0,3.8,4.7,0.5,,,5.833,5.0,Fase 4 (9º ano),0.0,PEDE2022,14.0,,,,,,,,,,Fase 4 (9º ano)
RA-274,3,K,Aluno-274,2011.0,11.0,Feminino,2019,Rede Decisão,7.946,7.9,8.3,7.5,8.1,8.1,9.3,7.0,,,7.0,10.0,Fase 2 (5º e 6º ano),1.0,PEDE2022,11.0,,,,,,,,,,Fase 2 (5º e 6º ano)
RA-275,3,K,Aluno-275,2007.0,15.0,Masculino,2018,Escola Pública,6.665,9.6,6.9,7.5,4.6,5.0,6.0,2.7,Sim,,6.667,5.0,Fase 5 (1º EM),0.0,PEDE2022,15.0,,,,,,,,,,Fase 5 (1º EM)
RA-276,3,K,Aluno-276,2008.0,14.0,Feminino,2017,Escola Pública,5.527,7.1,5.7,5.6,4.3,3.7,6.0,3.3,,,5.125,5.0,Fase 4 (9º ano),0.0,PEDE2022,14.0,,,,,,,,,,Fase 4 (9º ano)
RA-277,3,K,Aluno-277,2008.0,14.0,Masculino,2021,Escola Pública,7.411,7.1,8.8,7.5,7.4,7.2,7.0,8.2,Sim,,7.208,5.0,Fase 4 (9º ano),0.0,PEDE2022,14.0,,,,,,,,,,Fase 4 (9º ano)
RA-278,3,K,Aluno-278,2010.0,12.0,Masculino,2018,Rede Decisão,7.741,8.8,9.2,5.6,6.0,5.7,5.8,6.4,,,7.417,10.0,Fase 3 (7º e 8º ano),0.0,PEDE2022,12.0,,,,,,,,,,Fase 3 (7º e 8º ano)
RA-279,3,K,Aluno-279,2009.0,13.0,Masculino,2019,Rede Decisão,8.815,9.2,9.9,6.3,9.1,9.7,8.3,9.3,,,8.208,10.0,Fase 3 (7º e 8º ano),0.0,PEDE2022,13.0,,,,,,,,,,Fase 3 (7º e 8º ano)
RA-280,3,K,Aluno-280,2009.0,13.0,Feminino,2021,Rede Decisão,8.046,7.5,9.2,7.5,7.1,5.7,7.0,8.7,,,7.333,10.0,Fase 3 (7º e 8º ano),0.0,PEDE2022,13.0,,,,,,,,,,Fase 3 (7º e 8º ano)
RA-281,3,K,Aluno-281,2009.0,13.0,Feminino,2019,Escola Pública,6.806,6.7,6.9,7.5,5.9,5.0,6.8,6.0,,,5.625,10.0,Fase 3 (7º e 8º ano),0.0,PEDE2022,13.0,,,,,,,,,,Fase 3 (7º e 8º ano)
RA-282,3,K,Aluno-282,2009.0,13.0,Feminino,2019,Escola Pública,6.618,8.8,6.8,7.5,4.0,4.7,6.3,1.0,,,5.625,10.0,Fase 3 (7º e 8º ano),0.0,PEDE2022,13.0,,,,,,,,,,Fase 3 (7º e 8º ano)
RA-283,3,K,Aluno-283,2008.0,14.0,Masculino,2020,Escola Pública,7.131,9.6,8.8,7.5,5.6,4.5,5.8,6.6,,,6.625,5.0,Fase 4 (9º ano),0.0,PEDE2022,14.0,,,,,,,,,,Fase 4 (9º ano)
RA-284,3,L,Aluno-284,2009.0,13.0,Masculino,2022,Escola Pública,5.939,6.7,5.1,5.6,3.8,7.0,4.5,0.0,,,5.958,10.0,Fase 3 (7º e 8º ano),0.0,PEDE2022,13.0,,,,,,,,,,Fase 3 (7º e 8º ano)
RA-285,3,L,Aluno-285,2006.0,16.0,Feminino,2020,Escola Pública,5.063,9.2,4.1,7.5,2.8,4.0,3.2,1.2,,,5.75,2.5,Fase 6 (2º EM),0.0,PEDE2022,16.0,,,,,,,,,,Fase 6 (2º EM)
RA-286,3,L,Aluno-286,2007.0,15.0,Feminino,2022,Escola Pública,5.424,7.1,5.8,6.3,3.0,4.7,2.3,2.0,,,5.625,5.0,Fase 5 (1º EM),0.0,PEDE2022,15.0,,,,,,,,,,Fase 5 (1º EM)
RA-287,3,L,Aluno-287,2005.0,17.0,Feminino,2022,Escola Pública,3.7,7.9,3.4,5.0,1.1,0.7,2.5,0.2,,,4.292,2.5,Fase 7 (3º EM),0.0,PEDE2022,17.0,,,,,,,,,,Fase 7 (3º EM)
RA-288,3,L,Aluno-288,2006.0,16.0,Feminino,2022,Escola Pública,4.097,0.0,5.6,6.3,0.0,,,,,,6.833,2.5,Fase 6 (2º EM),0.0,PEDE2022,16.0,,,,,,,,,,Fase 6 (2º EM)
RA-289,3,L,Aluno-289,2008.0,14.0,Feminino,2020,Escola Pública,6.236,0.0,7.8,6.3,6.8,5.3,7.5,7.5,,,7.25,5.0,Fase 4 (9º ano),0.0,PEDE2022,14.0,,,,,,,,,,Fase 4 (9º ano)
RA-290,3,L,Aluno-290,2005.0,17.0,Feminino,2022,Escola Pública,4.929,10.0,3.9,6.3,1.7,1.0,2.3,1.8,,,6.042,2.5,Fase 7 (3º EM),0.0,PEDE2022,17.0,,,,,,,,,,Fase 7 (3º EM)
RA-291,3,L,Aluno-291,2009.0,13.0,Masculino,2022,Escola Pública,8.122,8.3,8.2,6.9,8.0,8.0,7.5,8.5,Sim,,7.792,10.0,Fase 3 (7º e 8º ano),0.0,PEDE2022,13.0,,,,,,,,,,Fase 3 (7º e 8º ano)
RA-292,3,L,Aluno-292,2006.0,16.0,Masculino,2022,Escola Pública,4.837,7.9,3.7,7.5,1.8,0.0,5.0,0.5,,,6.292,2.5,Fase 6 (2º EM),0.0,PEDE2022,16.0,,,,,,,,,,Fase 6 (2º EM)
RA-293,3,L,Aluno-293,2009.0,13.0,Masculino,2022,Escola Pública,4.875,8.8,2.9,7.5,2.3,2.0,3.8,1.0,,,3.333,10.0,Fase 3 (7º e 8º ano),0.0,PEDE2022,13.0,,,,,,,,,,Fase 3 (7º e 8º ano)
RA-294,3,L,Aluno-294,2004.0,18.0,Feminino,2022,Escola Pública,5.031,9.6,5.8,7.5,0.0,,,,,,5.917,2.5,Fase 8 (Universitários),0.0,PEDE2022,18.0,,,,,,,,,,Fase 8 (Universitários)
RA-295,3,M,Aluno-295,2008.0,14.0,Feminino,2022,Escola Pública,7.305,7.9,8.0,7.5,6.9,5.3,7.7,7.7,Sim,,7.375,5.0,Fase 4 (9º ano),0.0,PEDE2022,14.0,,,,,,,,,,Fase 4 (9º ano)
RA-296,3,M,Aluno-296,2007.0,15.0,Feminino,2022,Escola Pública,4.665,8.8,3.6,7.5,2.8,5.7,2.7,0.2,,,3.833,5.0,Fase 5 (1º EM),0.0,PEDE2022,15.0,,,,,,,,,,Fase 5 (1º EM)
RA-297,3,M,Aluno-297,2009.0,13.0,Feminino,2022,Escola Pública,7.478,7.1,7.9,6.3,6.6,6.3,5.3,8.2,Sim,,7.417,10.0,Fase 3 (7º e 8º ano),0.0,PEDE2022,13.0,,,,,,,,,,Fase 3 (7º e 8º ano)
RA-298,3,M,Aluno-298,2009.0,13.0,Masculino,2019,Escola Pública,6.409,9.2,6.3,5.6,5.2,5.5,4.8,,,,5.417,10.0,Fase 3 (7º e 8º ano),0.0,PEDE2022,13.0,,,,,,,,,,Fase 3 (7º e 8º ano)
RA-299,3,M,Aluno-299,2009.0,13.0,Feminino,2019,Rede Decisão,7.278,7.1,8.2,5.0,6.8,6.3,7.3,6.7,,,6.708,10.0,Fase 3 (7º e 8º ano),0.0,PEDE2022,13.0,,,,,,,,,,Fase 3 (7º e 8º ano)
RA-300,3,M,Aluno-300,2008.0,14.0,Masculino,2022,Escola Pública,5.557,5.4,6.9,6.3,3.1,2.7,4.8,1.7,Sim,,5.875,5.0,Fase 4 (9º ano),0.0,PEDE2022,14.0,,,,,,,,,,Fase 4 (9º ano)
RA-301,3,M,Aluno-301,2009.0,13.0,Feminino,2019,Escola Pública,6.802,8.8,5.8,5.6,6.3,6.5,7.2,5.4,Sim,,6.042,10.0,Fase 3 (7º e 8º ano),0.0,PEDE2022,13.0,,,,,,,,,,Fase 3 (7º e 8º ano)
RA-302,3,M,Aluno-302,2006.0,16.0,Masculino,2022,Escola Pública,6.334,9.2,7.7,6.9,4.8,4.3,5.0,5.0,,,6.208,2.5,Fase 6 (2º EM),0.0,PEDE2022,16.0,,,,,,,,,,Fase 6 (2º EM)
RA-303,3,M,Aluno-303,2008.0,14.0,Masculino,2019,Escola Pública,6.03,7.5,7.2,7.5,3.9,3.8,4.0,,,,5.375,5.0,Fase 4 (9º ano),0.0,PEDE2022,14.0,,,,,,,,,,Fase 4 (9º ano)
RA-304,3,M,Aluno-304,2007.0,15.0,Masculino,2020,Escola Pública,6.355,8.8,7.7,7.5,4.3,3.0,5.5,,Sim,,5.542,5.0,Fase 5 (1º EM),0.0,PEDE2022,15.0,,,,,,,,,,Fase 5 (1º EM)
RA-305,3,M,Aluno-305,2008.0,14.0,Masculino,2019,Escola Pública,6.058,7.9,6.6,7.5,4.8,2.8,6.7,,,,5.208,5.0,Fase 4 (9º ano),0.0,PEDE2022,14.0,,,,,,,,,,Fase 4 (9º ano)
RA-306,3,M,Aluno-306,2008.0,14.0,Feminino,2021,Escola Pública,6.427,8.3,6.8,7.5,5.2,4.7,5.8,5.0,,,5.958,5.0,Fase 4 (9º ano),0.0,PEDE2022,14.0,,,,,,,,,,Fase 4 (9º ano)
RA-307,3,M,Aluno-307,2008.0,14.0,Masculino,2022,Escola Pública,4.733,5.4,4.5,7.5,2.5,5.0,0.0,,,,4.708,5.0,Fase 4 (9º ano),0.0,PEDE2022,14.0,,,,,,,,,,Fase 4 (9º ano)
RA-308,3,M,Aluno-308,2009.0,13.0,Masculino,2019,Escola Pública,6.93,7.9,7.4,6.9,5.0,6.7,5.5,2.8,Sim,,6.167,10.0,Fase 3 (7º e 8º ano),0.0,PEDE2022,13.0,,,,,,,,,,Fase 3 (7º e 8º ano)
RA-309,3,M,Aluno-309,2008.0,14.0,Feminino,2022,Escola Pública,6.151,9.2,5.2,7.5,6.5,7.0,6.0,,,,5.083,5.0,Fase 4 (9º ano),0.0,PEDE2022,14.0,,,,,,,,,,Fase 4 (9º ano)
RA-310,3,M,Aluno-310,2007.0,15.0,Feminino,2022,Escola Pública,6.4,7.9,7.5,7.5,4.5,3.7,3.8,6.0,Sim,,6.0,5.0,Fase 5 (1º EM),0.0,PEDE2022,15.0,,,,,,,,,,Fase 5 (1º EM)
RA-311,3,N,Aluno-311,2006.0,16.0,Feminino,2022,Escola Pública,5.652,7.9,5.6,5.0,5.2,5.0,6.2,4.3,,,6.222,2.5,Fase 6 (2º EM),0.0,PEDE2022,16.0,,,,,,,,,,Fase 6 (2º EM)
RA-312,3,N,Aluno-312,2009.0,13.0,Feminino,2022,Escola Pública,7.339,9.6,8.1,7.5,5.2,6.0,4.5,5.0,,,6.167,10.0,Fase 3 (7º e 8º ano),0.0,PEDE2022,13.0,,,,,,,,,,Fase 3 (7º e 8º ano)
RA-313,3,N,Aluno-313,2008.0,14.0,Feminino,2022,Escola Pública,5.8,7.5,7.0,5.0,4.1,4.7,5.0,2.5,,,5.889,5.0,Fase 4 (9º ano),0.0,PEDE2022,14.0,,,,,,,,,,Fase 4 (9º ano)
RA-314,3,N,Aluno-314,2009.0,13.0,Feminino,2022,Escola Pública,6.1,5.4,5.4,5.0,5.3,4.3,3.3,8.3,,,6.0,10.0,Fase 3 (7º e 8º ano),0.0,PEDE2022,13.0,,,,,,,,,,Fase 3 (7º e 8º ano)
RA-315,3,N,Aluno-315,2009.0,13.0,Feminino,2022,Escola Pública,5.672,6.7,5.1,7.5,3.0,3.0,4.2,1.8,,,5.056,10.0,Fase 3 (7º e 8º ano),0.0,PEDE2022,13.0,,,,,,,,,,Fase 3 (7º e 8º ano)
RA-316,3,N,Aluno-316,2008.0,14.0,Feminino,2022,Escola Pública,7.889,10.0,10.0,6.9,6.1,7.0,6.5,4.7,Sim,Sim,8.389,5.0,Fase 4 (9º ano),0.0,PEDE2022,14.0,,,,,,,,,,Fase 4 (9º ano)
RA-317,3,N,Aluno-317,2009.0,13.0,Masculino,2021,Escola Pública,7.04,8.8,5.6,7.5,6.8,4.7,5.7,10.0,,,5.944,10.0,Fase 3 (7º e 8º ano),0.0,PEDE2022,13.0,,,,,,,,,,Fase 3 (7º e 8º ano)
RA-318,3,N,Aluno-318,2008.0,14.0,Feminino,2019,Escola Pública,6.527,8.3,6.9,6.9,5.8,4.3,5.8,7.3,,,6.111,5.0,Fase 4 (9º ano),0.0,PEDE2022,14.0,,,,,,,,,,Fase 4 (9º ano)
RA-319,3,N,Aluno-319,2009.0,13.0,Masculino,2022,Escola Pública,7.448,9.2,7.7,7.5,5.2,6.3,4.3,5.0,,,7.5,10.0,Fase 3 (7º e 8º ano),0.0,PEDE2022,13.0,,,,,,,,,,Fase 3 (7º e 8º ano)
RA-320,3,N,Aluno-320,2008.0,14.0,Feminino,2022,Escola Pública,7.897,8.8,10.0,6.9,6.4,7.3,6.3,5.7,Sim,Sim,8.667,5.0,Fase 4 (9º ano),0.0,PEDE2022,14.0,,,,,,,,,,Fase 4 (9º ano)
RA-321,3,N,Aluno-321,2010.0,12.0,Feminino,2022,Escola Pública,7.792,9.2,9.1,5.6,5.2,5.7,6.2,3.7,Sim,,8.278,10.0,Fase 3 (7º e 8º ano),0.0,PEDE2022,12.0,,,,,,,,,,Fase 3 (7º e 8º ano)
RA-322,3,N,Aluno-322,2009.0,13.0,Feminino,2022,Escola Pública,6.859,7.1,8.1,5.0,4.7,4.3,5.7,4.0,,,6.778,10.0,Fase 3 (7º e 8º ano),0.0,PEDE2022,13.0,,,,,,,,,,Fase 3 (7º e 8º ano)
RA-323,3,N,Aluno-323,2009.0,13.0,Masculino,2022,Escola Pública,6.86,9.2,7.3,7.5,3.4,7.3,2.5,0.5,,,6.611,10.0,Fase 3 (7º e 8º ano),0.0,PEDE2022,13.0,,,,,,,,,,Fase 3 (7º e 8º ano)
RA-324,2,A,Aluno-324,2012.0,10.0,Feminino,2022,Escola Pública,8.27,10.0,9.3,6.9,6.8,6.3,7.2,,Sim,Sim,8.611,10.0,Fase 2 (5º e 6º ano),0.0,PEDE2022,10.0,,,,,,,,,,Fase 2 (5º e 6º ano)
RA-325,2,A,Aluno-325,2012.0,10.0,Masculino,2022,Escola Pública,7.619,9.5,6.8,7.5,6.0,6.0,6.0,,Sim,Sim,8.444,10.0,Fase 2 (5º e 6º ano),0.0,PEDE2022,10.0,,,,,,,,,,Fase 2 (5º e 6º ano)
RA-326,2,A,Aluno-326,2010.0,12.0,Feminino,2022,Escola Pública,8.22,10.0,9.7,5.0,9.0,8.7,9.3,,Sim,Sim,8.944,5.0,Fase 3 (7º e 8º ano),0.0,PEDE2022,12.0,,,,,,,,,,Fase 3 (7º e 8º ano)
RA-327,2,A,Aluno-327,2011.0,11.0,Masculino,2021,Escola Pública,6.986,8.5,8.8,7.5,2.8,2.3,3.2,,,,7.333,10.0,Fase 2 (5º e 6º ano),0.0,PEDE2022,11.0,,,,,,,,,,Fase 2 (5º e 6º ano)
RA-328,2,A,Aluno-328,2010.0,12.0,Masculino,2020,Escola Pública,6.823,10.0,7.0,7.5,5.3,4.0,6.5,,,,7.5,5.0,Fase 3 (7º e 8º ano),0.0,PEDE2022,12.0,,,,,,,,,,Fase 3 (7º e 8º ano)
RA-329,2,A,Aluno-329,2011.0,11.0,Masculino,2019,Escola Pública,6.313,7.4,6.9,4.4,5.0,3.0,7.0,,,,5.778,10.0,Fase 2 (5º e 6º ano),0.0,PEDE2022,11.0,,,,,,,,,,Fase 2 (5º e 6º ano)
RA-330,2,A,Aluno-330,2008.0,14.0,Feminino,2018,Escola Pública,6.446,9.5,8.8,7.5,2.5,2.3,2.7,,,,7.056,5.0,Fase 4 (9º ano),0.0,PEDE2022,14.0,,,,,,,,,,Fase 4 (9º ano)
RA-331,2,A,Aluno-331,2010.0,12.0,Feminino,2019,Escola Pública,6.636,9.0,8.7,7.5,3.7,2.3,5.0,,,,6.944,5.0,Fase 3 (7º e 8º ano),0.0,PEDE2022,12.0,,,,,,,,,,Fase 3 (7º e 8º ano)
RA-332,2,A,Aluno-332,2009.0,13.0,Masculino,2017,Rede Decisão,7.883,9.5,9.0,8.1,7.5,7.5,7.5,,,Sim,8.5,5.0,Fase 3 (7º e 8º ano),0.0,PEDE2022,13.0,,,,,,,,,,Fase 3 (7º e 8º ano)
RA-333,2,A,Aluno-333,2008.0,14.0,Masculino,2018,Outros,5.249,8.0,5.8,3.8,2.9,0.2,5.7,,,,6.722,5.0,Fase 4 (9º ano),0.0,PEDE2022,14.0,,,,,,,,,,Fase 4 (9º ano)
RA-334,2,A,Aluno-334,2011.0,11.0,Feminino,2019,Rede Decisão,7.961,6.9,9.2,4.4,8.0,7.0,9.0,,,Sim,8.722,10.0,Fase 2 (5º e 6º ano),0.0,PEDE2022,11.0,,,,,,,,,,Fase 2 (5º e 6º ano)
RA-335,2,A,Aluno-335,2012.0,10.0,Masculino,2022,Escola Pública,7.902,9.5,9.4,7.5,7.4,5.8,9.0,,,,6.833,10.0,Fase 2 (5º e 6º ano),0.0,PEDE2022,10.0,,,,,,,,,,Fase 2 (5º e 6º ano)
RA-336,2,A,Aluno-336,2009.0,13.0,Masculino,2016,Escola Pública,6.787,9.5,8.5,4.4,5.1,4.5,5.7,,,,7.889,5.0,Fase 3 (7º e 8º ano),0.0,PEDE2022,13.0,,,,,,,,,,Fase 3 (7º e 8º ano)
RA-337,2,B,Aluno-337,2011.0,11.0,Masculino,2022,Escola Pública,7.914,10.0,9.3,7.5,5.8,7.5,4.0,,,,7.611,10.0,Fase 2 (5º e 6º ano),0.0,PEDE2022,11.0,,,,,,,,,,Fase 2 (5º e 6º ano)
RA-338,2,B,Aluno-338,2010.0,12.0,Masculino,2019,Escola Pública,6.837,8.5,7.3,7.5,5.8,5.3,6.2,,,,7.611,5.0,Fase 3 (7º e 8º ano),0.0,PEDE2022,12.0,,,,,,,,,,Fase 3 (7º e 8º ano)
RA-339,2,B,Aluno-339,2011.0,11.0,Feminino,2019,Escola Pública,8.488,6.9,9.9,7.5,8.1,7.1,9.2,,Sim,Sim,8.889,10.0,Fase 2 (5º e 6º ano),0.0,PEDE2022,11.0,,,,,,,,,,Fase 2 (5º e 6º ano)
RA-340,2,B,Aluno-340,2011.0,11.0,Masculino,2017,Escola Pública,7.721,9.0,8.2,7.5,6.5,6.0,7.0,,,,7.667,10.0,Fase 2 (5º e 6º ano),0.0,PEDE2022,11.0,,,,,,,,,,Fase 2 (5º e 6º ano)
RA-341,2,B,Aluno-341,2010.0,12.0,Masculino,2022,Escola Pública,6.854,8.0,7.7,7.5,5.8,5.0,6.5,,,,7.5,5.0,Fase 3 (7º e 8º ano),0.0,PEDE2022,12.0,,,,,,,,,,Fase 3 (7º e 8º ano)
RA-342,2,B,Aluno-342,2008.0,14.0,Feminino,2021,Escola Pública,6.941,9.0,6.7,7.5,6.6,5.5,7.7,,,,7.5,5.0,Fase 4 (9º ano),0.0,PEDE2022,14.0,,,,,,,,,,Fase 4 (9º ano)
RA-343,2,B,Aluno-343,2008.0,14.0,Masculino,2020,Escola Pública,6.9,9.5,7.4,7.5,5.9,4.2,7.7,,,,7.167,5.0,Fase 4 (9º ano),0.0,PEDE2022,14.0,,,,,,,,,,Fase 4 (9º ano)
RA-344,2,B,Aluno-344,2011.0,11.0,Masculino,2019,Escola Pública,7.263,8.5,8.3,7.5,4.5,2.3,6.7,,,,7.5,10.0,Fase 2 (5º e 6º ano),0.0,PEDE2022,11.0,,,,,,,,,,Fase 2 (5º e 6º ano)
RA-345,2,B,Aluno-345,2009.0,13.0,Masculino,2021,Escola Pública,5.75,9.5,5.4,5.6,3.6,1.3,5.8,,,,6.667,5.0,Fase 3 (7º e 8º ano),0.0,PEDE2022,13.0,,,,,,,,,,Fase 3 (7º e 8º ano)
RA-346,2,B,Aluno-346,2012.0,10.0,Masculino,2022,Escola Pública,8.143,10.0,9.1,7.5,7.0,6.0,8.0,,,,7.889,10.0,Fase 2 (5º e 6º ano),0.0,PEDE2022,10.0,,,,,,,,,,Fase 2 (5º e 6º ano)
RA-347,2,B,Aluno-347,2010.0,12.0,Feminino,2019,Escola Pública,7.908,9.0,10.0,5.6,8.5,8.5,8.5,,Sim,,8.0,5.0,Fase 3 (7º e 8º ano),0.0,PEDE2022,12.0,,,,,,,,,,Fase 3 (7º e 8º ano)
RA-348,2,B,Aluno-348,2010.0,12.0,Masculino,2022,Escola Pública,5.864,9.0,8.7,7.5,1.8,0.5,3.0,,,,5.833,5.0,Fase 3 (7º e 8º ano),0.0,PEDE2022,12.0,,,,,,,,,,Fase 3 (7º e 8º ano)
RA-349,2,B,Aluno-349,2010.0,12.0,Masculino,2021,Escola Pública,5.658,9.5,7.7,7.5,3.7,2.2,5.2,,,,3.944,5.0,Fase 3 (7º e 8º ano),0.0,PEDE2022,12.0,,,,,,,,,,Fase 3 (7º e 8º ano)
RA-350,2,D,Aluno-350,2011.0,11.0,Feminino,2022,Escola Pública,8.206,10.0,8.8,7.5,6.5,7.0,6.0,,,Sim,8.611,10.0,Fase 2 (5º e 6º ano),0.0,PEDE2022,11.0,,,,,,,,,,Fase 2 (5º e 6º ano)
RA-351,2,D,Aluno-351,2008.0,14.0,Masculino,2022,Escola Pública,6.622,9.0,7.2,7.5,4.0,3.2,4.8,,,,8.111,5.0,Fase 4 (9º ano),0.0,PEDE2022,14.0,,,,,,,,,,Fase 4 (9º ano)
RA-352,2,D,Aluno-352,2011.0,11.0,Masculino,2019,Escola Pública,7.834,9.0,8.1,5.6,7.0,7.3,6.7,,,Sim,8.389,10.0,Fase 2 (5º e 6º ano),0.0,PEDE2022,11.0,,,,,,,,,,Fase 2 (5º e 6º ano)
RA-353,2,D,Aluno-353,2011.0,11.0,Feminino,2022,Escola Pública,8.264,7.0,10.0,7.5,7.5,8.0,7.0,,,Sim,8.444,10.0,Fase 2 (5º e 6º ano),0.0,PEDE2022,11.0,,,,,,,,,,Fase 2 (5º e 6º ano)
RA-354,2,D,Aluno-354,2009.0,13.0,Feminino,2018,Escola Pública,5.858,8.5,4.3,7.5,4.5,2.8,6.2,,,,7.333,5.0,Fase 3 (7º e 8º ano),0.0,PEDE2022,13.0,,,,,,,,,,Fase 3 (7º e 8º ano)
RA-355,2,D,Aluno-355,2010.0,12.0,Feminino,2018,Escola Pública,5.379,5.8,5.0,7.5,4.5,5.5,3.5,,,,6.056,5.0,Fase 3 (7º e 8º ano),0.0,PEDE2022,12.0,,,,,,,,,,Fase 3 (7º e 8º ano)
RA-356,2,D,Aluno-356,2010.0,12.0,Masculino,2019,Escola Pública,6.69,10.0,8.4,5.0,4.6,5.3,3.8,,,,8.278,5.0,Fase 3 (7º e 8º ano),0.0,PEDE2022,12.0,,,,,,,,,,Fase 3 (7º e 8º ano)
RA-357,2,D,Aluno-357,2010.0,12.0,Masculino,2022,Escola Pública,7.836,8.0,9.6,7.5,8.5,10.0,7.0,,,,7.778,5.0,Fase 3 (7º e 8º ano),0.0,PEDE2022,12.0,,,,,,,,,,Fase 3 (7º e 8º ano)
RA-358,2,D,Aluno-358,2009.0,13.0,Masculino,2022,Escola Pública,5.412,7.5,6.5,7.5,0.0,0.0,0.0,,,,7.556,5.0,Fase 3 (7º e 8º ano),0.0,PEDE2022,13.0,,,,,,,,,,Fase 3 (7º e 8º ano)
RA-359,2,D,Aluno-359,2010.0,12.0,Feminino,2019,Escola Pública,6.606,9.0,7.0,7.5,4.6,3.3,5.8,,,,7.5,5.0,Fase 3 (7º e 8º ano),0.0,PEDE2022,12.0,,,,,,,,,,Fase 3 (7º e 8º ano)
RA-360,2,D,Aluno-360,2010.0,12.0,Feminino,2019,Escola Pública,7.075,9.5,8.5,7.5,5.2,4.7,5.7,,,,7.5,5.0,Fase 3 (7º e 8º ano),0.0,PEDE2022,12.0,,,,,,,,,,Fase 3 (7º e 8º ano)
RA-361,2,F,Aluno-361,2009.0,13.0,Feminino,2022,Escola Pública,6.731,7.9,9.2,6.3,5.0,4.0,6.0,,,,6.778,5.0,Fase 3 (7º e 8º ano),0.0,PEDE2022,13.0,,,,,,,,,,Fase 3 (7º e 8º ano)
RA-362,2,F,Aluno-362,2010.0,12.0,Feminino,2018,Escola Pública,7.413,8.5,7.9,7.5,7.9,6.5,9.3,,,,7.5,5.0,Fase 3 (7º e 8º ano),0.0,PEDE2022,12.0,,,,,,,,,,Fase 3 (7º e 8º ano)
RA-363,2,F,Aluno-363,2010.0,12.0,Masculino,2022,Escola Pública,6.644,10.0,10.0,6.9,2.0,1.0,3.0,,,,7.056,5.0,Fase 3 (7º e 8º ano),0.0,PEDE2022,12.0,,,,,,,,,,Fase 3 (7º e 8º ano)
RA-364,2,F,Aluno-364,2011.0,11.0,Masculino,2019,Escola Pública,8.75,9.5,10.0,7.5,8.8,9.5,8.0,,,,8.167,10.0,Fase 2 (5º e 6º ano),0.0,PEDE2022,11.0,,,,,,,,,,Fase 2 (5º e 6º ano)
RA-365,2,F,Aluno-365,2012.0,10.0,Feminino,2022,Escola Pública,8.063,8.0,10.0,5.0,7.8,6.0,9.5,,,,7.833,10.0,Fase 2 (5º e 6º ano),0.0,PEDE2022,10.0,,,,,,,,,,Fase 2 (5º e 6º ano)
RA-366,2,F,Aluno-366,2010.0,12.0,Masculino,2022,Escola Pública,7.181,9.5,9.4,7.5,5.5,6.0,5.0,,,,6.833,5.0,Fase 3 (7º e 8º ano),0.0,PEDE2022,12.0,,,,,,,,,,Fase 3 (7º e 8º ano)
RA-367,2,F,Aluno-367,2010.0,12.0,Feminino,2018,Escola Pública,6.95,8.5,7.4,6.3,6.7,5.2,8.2,,,,7.5,5.0,Fase 3 (7º e 8º ano),0.0,PEDE2022,12.0,,,,,,,,,,Fase 3 (7º e 8º ano)
RA-368,2,F,Aluno-368,2009.0,13.0,Masculino,2018,Rede Decisão,6.969,8.0,7.9,5.0,7.3,5.5,9.0,,,,7.5,5.0,Fase 3 (7º e 8º ano),0.0,PEDE2022,13.0,,,,,,,,,,Fase 3 (7º e 8º ano)
RA-369,2,F,Aluno-369,2011.0,11.0,Masculino,2022,Escola Pública,6.973,9.0,6.9,7.5,4.8,4.0,5.5,,,,6.889,10.0,Fase 2 (5º e 6º ano),0.0,PEDE2022,11.0,,,,,,,,,,Fase 2 (5º e 6º ano)
RA-370,2,F,Aluno-370,2010.0,12.0,Feminino,2018,Rede Decisão,7.066,8.5,8.2,5.0,7.2,5.2,9.2,,,,7.611,5.0,Fase 3 (7º e 8º ano),0.0,PEDE2022,12.0,,,,,,,,,,Fase 3 (7º e 8º ano)
RA-371,2,F,Aluno-371,2012.0,10.0,Feminino,2022,Escola Pública,8.112,9.5,8.0,6.9,8.4,7.8,9.0,,,,7.667,10.0,Fase 2 (5º e 6º ano),0.0,PEDE2022,10.0,,,,,,,,,,Fase 2 (5º e 6º ano)
RA-372,2,F,Aluno-372,2012.0,10.0,Masculino,2021,Escola Pública,7.304,8.5,5.5,6.9,7.8,8.3,7.2,,,,7.389,10.0,Fase 2 (5º e 6º ano),0.0,PEDE2022,10.0,,,,,,,,,,Fase 2 (5º e 6º ano)
RA-373,2,F,Aluno-373,2011.0,11.0,Masculino,2022,Escola Pública,7.503,6.4,9.5,5.0,7.3,6.5,8.0,,,,6.944,10.0,Fase 2 (5º e 6º ano),0.0,PEDE2022,11.0,,,,,,,,,,Fase 2 (5º e 6º ano)
RA-374,2,F,Aluno-374,2010.0,12.0,Feminino,2021,Escola Pública,7.747,9.0,9.8,7.5,6.9,5.3,8.5,,,,7.944,5.0,Fase 3 (7º e 8º ano),0.0,PEDE2022,12.0,,,,,,,,,,Fase 3 (7º e 8º ano)
RA-375,2,F,Aluno-375,2011.0,11.0,Masculino,2019,Escola Pública,7.831,9.0,9.5,7.5,5.4,3.3,7.5,,,,7.667,10.0,Fase 2 (5º e 6º ano),0.0,PEDE2022,11.0,,,,,,,,,,Fase 2 (5º e 6º ano)
RA-376,2,F,Aluno-376,2010.0,12.0,Feminino,2019,Escola Pública,6.957,9.0,9.0,7.5,4.3,2.0,6.7,,,,7.5,5.0,Fase 3 (7º e 8º ano),0.0,PEDE2022,12.0,,,,,,,,,,Fase 3 (7º e 8º ano)
RA-377,2,F,Aluno-377,2010.0,12.0,Feminino,2021,Escola Pública,6.743,9.0,7.7,5.6,6.2,4.3,8.0,,,,6.833,5.0,Fase 3 (7º e 8º ano),0.0,PEDE2022,12.0,,,,,,,,,,Fase 3 (7º e 8º ano)
RA-378,2,I,Aluno-378,2010.0,12.0,Masculino,2021,Escola Pública,7.203,9.0,6.8,5.6,8.1,8.7,7.5,,Sim,,7.889,5.0,Fase 3 (7º e 8º ano),0.0,PEDE2022,12.0,,,,,,,,,,Fase 3 (7º e 8º ano)
RA-379,2,I,Aluno-379,2009.0,13.0,Feminino,2022,Escola Pública,6.722,8.5,8.1,7.5,5.0,5.0,5.0,,,,6.778,5.0,Fase 3 (7º e 8º ano),0.0,PEDE2022,13.0,,,,,,,,,,Fase 3 (7º e 8º ano)
RA-380,2,I,Aluno-380,2009.0,13.0,Masculino,2017,Escola Pública,4.556,7.9,4.4,5.0,2.5,2.3,2.7,,,,4.833,5.0,Fase 3 (7º e 8º ano),0.0,PEDE2022,13.0,,,,,,,,,,Fase 3 (7º e 8º ano)
RA-381,2,I,Aluno-381,2009.0,13.0,Masculino,2018,Escola Pública,6.454,9.0,8.3,6.9,3.3,1.5,5.2,,,,6.944,5.0,Fase 3 (7º e 8º ano),0.0,PEDE2022,13.0,,,,,,,,,,Fase 3 (7º e 8º ano)
RA-382,2,I,Aluno-382,2008.0,14.0,Masculino,2017,Escola Pública,6.777,9.0,7.7,6.3,5.4,4.0,6.8,,,,7.333,5.0,Fase 4 (9º ano),0.0,PEDE2022,14.0,,,,,,,,,,Fase 4 (9º ano)
RA-383,2,I,Aluno-383,2011.0,11.0,Masculino,2019,Escola Pública,8.4,9.0,9.6,7.5,8.1,8.0,8.2,,,,7.778,10.0,Fase 2 (5º e 6º ano),0.0,PEDE2022,11.0,,,,,,,,,,Fase 2 (5º e 6º ano)
RA-384,2,I,Aluno-384,2010.0,12.0,Feminino,2017,Escola Pública,7.558,9.0,8.4,6.3,8.1,8.0,8.2,,,,8.0,5.0,Fase 3 (7º e 8º ano),0.0,PEDE2022,12.0,,,,,,,,,,Fase 3 (7º e 8º ano)
RA-385,2,I,Aluno-385,2010.0,12.0,Feminino,2022,Escola Pública,6.083,7.4,7.5,5.0,4.9,2.7,7.2,,,,6.5,5.0,Fase 3 (7º e 8º ano),0.0,PEDE2022,12.0,,,,,,,,,,Fase 3 (7º e 8º ano)
RA-386,2,I,Aluno-386,2009.0,13.0,Masculino,2019,Escola Pública,6.104,10.0,5.9,5.6,4.0,3.7,4.3,,,,7.222,5.0,Fase 3 (7º e 8º ano),0.0,PEDE2022,13.0,,,,,,,,,,Fase 3 (7º e 8º ano)
RA-387,2,I,Aluno-387,2009.0,13.0,Masculino,2019,Escola Pública,6.323,7.0,8.2,7.5,3.7,1.3,6.0,,,,6.833,5.0,Fase 3 (7º e 8º ano),0.0,PEDE2022,13.0,,,,,,,,,,Fase 3 (7º e 8º ano)
RA-388,2,I,Aluno-388,2008.0,14.0,Feminino,2019,Escola Pública,6.654,7.9,8.5,5.6,4.5,3.5,5.5,,,,7.722,5.0,Fase 4 (9º ano),0.0,PEDE2022,14.0,,,,,,,,,,Fase 4 (9º ano)
RA-389,2,I,Aluno-389,2011.0,11.0,Masculino,2019,Escola Pública,7.184,8.0,8.9,7.5,3.5,2.0,5.0,,,,7.556,10.0,Fase 2 (5º e 6º ano),0.0,PEDE2022,11.0,,,,,,,,,,Fase 2 (5º e 6º ano)
RA-390,2,I,Aluno-390,2010.0,12.0,Feminino,2022,Escola Pública,6.776,7.4,8.8,6.3,4.7,4.0,5.3,,,,7.722,5.0,Fase 3 (7º e 8º ano),0.0,PEDE2022,12.0,,,,,,,,,,Fase 3 (7º e 8º ano)
RA-391,2,J,Aluno-391,2010.0,12.0,Feminino,2022,Escola Pública,7.117,10.0,8.1,7.5,5.1,5.0,5.2,,,,8.056,5.0,Fase 3 (7º e 8º ano),0.0,PEDE2022,12.0,,,,,,,,,,Fase 3 (7º e 8º ano)
RA-392,2,J,Aluno-392,2008.0,14.0,Masculino,2022,Escola Pública,6.418,9.5,8.8,5.6,4.8,3.7,5.8,,,,6.778,5.0,Fase 4 (9º ano),0.0,PEDE2022,14.0,,,,,,,,,,Fase 4 (9º ano)
RA-393,2,J,Aluno-393,2006.0,16.0,Feminino,2018,Escola Pública,5.518,10.0,5.4,5.0,4.6,4.7,4.5,,,,6.778,2.5,Fase 6 (2º EM),0.0,PEDE2022,16.0,,,,,,,,,,Fase 6 (2º EM)
RA-394,2,J,Aluno-394,2011.0,11.0,Feminino,2022,Escola Pública,7.897,9.5,8.6,7.5,5.9,4.3,7.5,,,Sim,8.444,10.0,Fase 2 (5º e 6º ano),0.0,PEDE2022,11.0,,,,,,,,,,Fase 2 (5º e 6º ano)
RA-395,2,J,Aluno-395,2011.0,11.0,Feminino,2018,Escola Pública,7.683,9.0,8.9,7.5,4.9,4.2,5.7,,,,8.333,10.0,Fase 2 (5º e 6º ano),0.0,PEDE2022,11.0,,,,,,,,,,Fase 2 (5º e 6º ano)
RA-396,2,J,Aluno-396,2010.0,12.0,Masculino,2022,Escola Pública,6.556,9.0,8.0,6.3,5.6,4.7,6.5,,,,6.556,5.0,Fase 3 (7º e 8º ano),0.0,PEDE2022,12.0,,,,,,,,,,Fase 3 (7º e 8º ano)
RA-397,2,J,Aluno-397,2008.0,14.0,Feminino,2017,Escola Pública,5.852,9.0,5.7,6.9,2.8,3.3,2.3,,,,7.167,5.0,Fase 4 (9º ano),0.0,PEDE2022,14.0,,,,,,,,,,Fase 4 (9º ano)
RA-398,2,K,Aluno-398,2012.0,10.0,Feminino,2022,Escola Pública,7.742,9.0,9.3,7.5,5.5,3.0,8.0,,,,7.5,10.0,Fase 2 (5º e 6º ano),0.0,PEDE2022,10.0,,,,,,,,,,Fase 2 (5º e 6º ano)
RA-399,2,K,Aluno-399,2010.0,12.0,Feminino,2022,Escola Pública,6.58,6.8,9.3,5.6,4.3,3.0,5.5,,,,7.5,5.0,Fase 3 (7º e 8º ano),0.0,PEDE2022,12.0,,,,,,,,,,Fase 3 (7º e 8º ano)
RA-400,2,K,Aluno-400,2008.0,14.0,Masculino,2018,Escola Pública,6.042,9.0,8.5,5.0,1.7,1.2,2.2,,,,7.444,5.0,Fase 4 (9º ano),0.0,PEDE2022,14.0,,,,,,,,,,Fase 4 (9º ano)
RA-401,2,K,Aluno-401,2010.0,12.0,Feminino,2021,Escola Pública,6.645,6.9,9.6,7.5,4.3,3.7,5.0,,,,6.722,5.0,Fase 3 (7º e 8º ano),0.0,PEDE2022,12.0,,,,,,,,,,Fase 3 (7º e 8º ano)
RA-402,2,K,Aluno-402,2010.0,12.0,Feminino,2019,Escola Pública,5.261,9.0,3.7,5.0,3.0,4.3,1.7,,,,7.222,5.0,Fase 3 (7º e 8º ano),0.0,PEDE2022,12.0,,,,,,,,,,Fase 3 (7º e 8º ano)
RA-403,2,K,Aluno-403,2010.0,12.0,Masculino,2020,Escola Pública,7.455,9.5,9.3,7.5,6.3,6.5,6.2,,,,7.5,5.0,Fase 3 (7º e 8º ano),0.0,PEDE2022,12.0,,,,,,,,,,Fase 3 (7º e 8º ano)
RA-404,2,K,Aluno-404,2010.0,12.0,Feminino,2020,Escola Pública,6.658,9.0,7.3,7.5,5.3,4.0,6.5,,,,6.944,5.0,Fase 3 (7º e 8º ano),0.0,PEDE2022,12.0,,,,,,,,,,Fase 3 (7º e 8º ano)
RA-405,2,K,Aluno-405,2009.0,13.0,Masculino,2016,Escola Pública,5.661,9.5,6.2,5.0,3.3,2.7,3.8,,,,6.0,5.0,Fase 3 (7º e 8º ano),0.0,PEDE2022,13.0,,,,,,,,,,Fase 3 (7º e 8º ano)
RA-406,2,K,Aluno-406,2009.0,13.0,Feminino,2019,Escola Pública,7.496,9.5,9.5,7.5,6.6,5.4,7.8,,,,7.333,5.0,Fase 3 (7º e 8º ano),0.0,PEDE2022,13.0,,,,,,,,,,Fase 3 (7º e 8º ano)
RA-407,2,K,Aluno-407,2009.0,13.0,Masculino,2022,Escola Pública,7.195,8.5,9.3,7.5,6.0,4.0,8.0,,,,7.056,5.0,Fase 3 (7º e 8º ano),0.0,PEDE2022,13.0,,,,,,,,,,Fase 3 (7º e 8º ano)
RA-408,2,K,Aluno-408,2010.0,12.0,Feminino,2022,Escola Pública,6.725,8.0,9.7,7.5,3.3,1.0,5.5,,,,7.333,5.0,Fase 3 (7º e 8º ano),0.0,PEDE2022,12.0,,,,,,,,,,Fase 3 (7º e 8º ano)
RA-409,2,K,Aluno-409,2011.0,11.0,Feminino,2022,Escola Pública,8.15,7.9,9.7,7.5,7.8,6.0,9.5,,,,7.5,10.0,Fase 2 (5º e 6º ano),0.0,PEDE2022,11.0,,,,,,,,,,Fase 2 (5º e 6º ano)
RA-410,2,K,Aluno-410,2008.0,14.0,Masculino,2018,Escola Pública,5.675,7.4,6.5,6.3,2.0,2.0,2.0,,,,7.444,5.0,Fase 4 (9º ano),0.0,PEDE2022,14.0,,,,,,,,,,Fase 4 (9º ano)
RA-411,2,L,Aluno-411,2010.0,12.0,Feminino,2019,Escola Pública,7.232,6.4,8.6,7.5,7.1,6.7,7.5,,,,7.833,5.0,Fase 3 (7º e 8º ano),0.0,PEDE2022,12.0,,,,,,,,,,Fase 3 (7º e 8º ano)
RA-412,2,L,Aluno-412,2010.0,12.0,Feminino,2018,Escola Pública,7.556,8.5,9.0,7.5,7.3,6.5,8.2,,,,7.778,5.0,Fase 3 (7º e 8º ano),0.0,PEDE2022,12.0,,,,,,,,,,Fase 3 (7º e 8º ano)
RA-413,2,L,Aluno-413,2010.0,12.0,Feminino,2022,Escola Pública,6.408,6.4,8.7,5.6,4.7,4.2,5.2,,,,7.056,5.0,Fase 3 (7º e 8º ano),0.0,PEDE2022,12.0,,,,,,,,,,Fase 3 (7º e 8º ano)
RA-414,2,L,Aluno-414,2010.0,12.0,Feminino,2021,Escola Pública,7.284,8.0,9.3,7.5,5.9,5.7,6.2,,,,7.667,5.0,Fase 3 (7º e 8º ano),0.0,PEDE2022,12.0,,,,,,,,,,Fase 3 (7º e 8º ano)
RA-415,2,L,Aluno-415,2011.0,11.0,Feminino,2019,Escola Pública,7.695,8.0,8.3,7.5,6.2,4.8,7.5,,,,8.056,10.0,Fase 2 (5º e 6º ano),0.0,PEDE2022,11.0,,,,,,,,,,Fase 2 (5º e 6º ano)
RA-416,2,L,Aluno-416,2010.0,12.0,Masculino,2018,Rede Decisão,7.913,9.5,9.3,8.8,7.2,6.7,7.7,,,,8.222,5.0,Fase 3 (7º e 8º ano),0.0,PEDE2022,12.0,,,,,,,,,,Fase 3 (7º e 8º ano)
RA-417,2,L,Aluno-417,2009.0,13.0,Feminino,2022,Escola Pública,8.428,10.0,10.0,7.5,8.0,6.0,10.0,,,Sim,9.556,5.0,Fase 3 (7º e 8º ano),0.0,PEDE2022,13.0,,,,,,,,,,Fase 3 (7º e 8º ano)
RA-418,2,L,Aluno-418,2012.0,10.0,Feminino,2020,Rede Decisão,8.175,8.0,9.4,7.5,7.5,6.5,8.5,,,,8.222,10.0,Fase 2 (5º e 6º ano),0.0,PEDE2022,10.0,,,,,,,,,,Fase 2 (5º e 6º ano)
RA-419,2,L,Aluno-419,2010.0,12.0,Feminino,2019,Rede Decisão,7.359,7.5,9.2,5.6,6.9,5.3,8.5,,,Sim,8.389,5.0,Fase 3 (7º e 8º ano),0.0,PEDE2022,12.0,,,,,,,,,,Fase 3 (7º e 8º ano)
RA-420,2,L,Aluno-420,2011.0,11.0,Feminino,2019,Rede Decisão,7.461,9.5,9.0,5.6,4.5,1.3,7.7,,,,8.0,10.0,Fase 2 (5º e 6º ano),0.0,PEDE2022,11.0,,,,,,,,,,Fase 2 (5º e 6º ano)
RA-421,2,L,Aluno-421,2011.0,11.0,Masculino,2021,Escola Pública,8.717,8.5,9.3,7.5,8.8,9.2,8.5,,Sim,Sim,9.111,10.0,Fase 2 (5º e 6º ano),0.0,PEDE2022,11.0,,,,,,,,,,Fase 2 (5º e 6º ano)
RA-422,2,L,Aluno-422,2010.0,12.0,Masculino,2022,Escola Pública,6.746,8.5,10.0,7.5,2.5,1.0,4.0,,,,7.5,5.0,Fase 3 (7º e 8º ano),0.0,PEDE2022,12.0,,,,,,,,,,Fase 3 (7º e 8º ano)
RA-423,2,L,Aluno-423,2010.0,12.0,Feminino,2022,Escola Pública,6.647,8.4,9.6,7.5,2.3,0.5,4.0,,,,7.667,5.0,Fase 3 (7º e 8º ano),0.0,PEDE2022,12.0,,,,,,,,,,Fase 3 (7º e 8º ano)
RA-424,2,L,Aluno-424,2010.0,12.0,Feminino,2022,Escola Pública,7.94,9.0,10.0,7.5,7.5,10.0,5.0,,,,8.222,5.0,Fase 3 (7º e 8º ano),0.0,PEDE2022,12.0,,,,,,,,,,Fase 3 (7º e 8º ano)
RA-425,2,L,Aluno-425,2010.0,12.0,Masculino,2022,Escola Pública,8.117,9.0,10.0,7.5,9.0,9.0,9.0,,,,7.5,5.0,Fase 3 (7º e 8º ano),0.0,PEDE2022,12.0,,,,,,,,,,Fase 3 (7º e 8º ano)
RA-426,2,M,Aluno-426,2008.0,14.0,Feminino,2022,Escola Pública,6.35,9.0,6.5,7.5,4.6,2.3,6.8,,,,7.111,5.0,Fase 4 (9º ano),0.0,PEDE2022,14.0,,,,,,,,,,Fase 4 (9º ano)
RA-427,2,M,Aluno-427,2009.0,13.0,Masculino,2022,Escola Pública,6.245,8.0,8.5,7.5,2.5,3.0,2.0,,,,6.778,5.0,Fase 3 (7º e 8º ano),0.0,PEDE2022,13.0,,,,,,,,,,Fase 3 (7º e 8º ano)
RA-428,2,M,Aluno-428,2009.0,13.0,Masculino,2022,Escola Pública,7.683,6.8,8.7,7.5,9.5,10.0,9.0,,,,7.111,5.0,Fase 3 (7º e 8º ano),0.0,PEDE2022,13.0,,,,,,,,,,Fase 3 (7º e 8º ano)
RA-429,2,M,Aluno-429,2009.0,13.0,Masculino,2019,Escola Pública,5.811,10.0,5.3,7.5,2.7,2.8,2.5,,,,6.611,5.0,Fase 3 (7º e 8º ano),0.0,PEDE2022,13.0,,,,,,,,,,Fase 3 (7º e 8º ano)
RA-430,2,M,Aluno-430,2009.0,13.0,Masculino,2022,Escola Pública,7.585,9.5,8.6,7.5,8.5,7.5,9.5,,,,6.611,5.0,Fase 3 (7º e 8º ano),0.0,PEDE2022,13.0,,,,,,,,,,Fase 3 (7º e 8º ano)
RA-431,2,M,Aluno-431,2011.0,11.0,Masculino,2022,Escola Pública,7.175,9.0,8.1,7.5,4.5,5.0,4.0,,,,6.778,10.0,Fase 2 (5º e 6º ano),0.0,PEDE2022,11.0,,,,,,,,,,Fase 2 (5º e 6º ano)
RA-432,2,M,Aluno-432,2008.0,14.0,Feminino,2019,Escola Pública,6.34,10.0,6.8,5.0,5.1,5.7,4.5,,,,6.611,5.0,Fase 4 (9º ano),0.0,PEDE2022,14.0,,,,,,,,,,Fase 4 (9º ano)
RA-433,2,M,Aluno-433,2010.0,12.0,Masculino,2022,Escola Pública,5.557,8.5,7.3,5.0,2.6,2.2,3.0,,,,5.778,5.0,Fase 3 (7º e 8º ano),0.0,PEDE2022,12.0,,,,,,,,,,Fase 3 (7º e 8º ano)
RA-434,2,M,Aluno-434,2011.0,11.0,Masculino,2022,Escola Pública,7.403,9.0,8.1,7.5,5.7,4.8,6.5,,,,6.778,10.0,Fase 2 (5º e 6º ano),0.0,PEDE2022,11.0,,,,,,,,,,Fase 2 (5º e 6º ano)
RA-435,2,M,Aluno-435,2012.0,10.0,Feminino,2022,Escola Pública,6.599,7.9,6.2,7.5,4.7,3.7,5.7,,,,6.444,10.0,Fase 2 (5º e 6º ano),0.0,PEDE2022,10.0,,,,,,,,,,Fase 2 (5º e 6º ano)
RA-436,2,M,Aluno-436,2011.0,11.0,Masculino,2022,Escola Pública,6.687,9.5,8.1,7.5,2.0,4.0,0.0,,,,6.611,10.0,Fase 2 (5º e 6º ano),0.0,PEDE2022,11.0,,,,,,,,,,Fase 2 (5º e 6º ano)
RA-437,2,M,Aluno-437,2009.0,13.0,Masculino,2022,Escola Pública,6.875,8.5,8.3,7.5,5.8,6.0,5.5,,,,6.611,5.0,Fase 3 (7º e 8º ano),0.0,PEDE2022,13.0,,,,,,,,,,Fase 3 (7º e 8º ano)
RA-438,2,M,Aluno-438,2012.0,10.0,Masculino,2022,Escola Pública,7.764,8.0,8.7,7.5,7.3,6.5,8.0,,,,6.889,10.0,Fase 2 (5º e 6º ano),0.0,PEDE2022,10.0,,,,,,,,,,Fase 2 (5º e 6º ano)
RA-439,2,M,Aluno-439,2010.0,12.0,Masculino,2022,Escola Pública,5.519,9.0,4.9,7.5,2.3,3.2,1.3,,,,6.5,5.0,Fase 3 (7º e 8º ano),0.0,PEDE2022,12.0,,,,,,,,,,Fase 3 (7º e 8º ano)
RA-440,2,P,Aluno-440,2011.0,11.0,Masculino,2022,Escola Pública,7.329,9.5,9.0,6.9,5.5,6.0,5.0,,,,5.833,10.0,Fase 2 (5º e 6º ano),0.0,PEDE2022,11.0,,,,,,,,,,Fase 2 (5º e 6º ano)
RA-441,2,P,Aluno-441,2011.0,11.0,Feminino,2019,Escola Pública,8.188,9.0,7.9,7.5,8.0,8.0,8.0,,,,8.333,10.0,Fase 2 (5º e 6º ano),0.0,PEDE2022,11.0,,,,,,,,,,Fase 2 (5º e 6º ano)
RA-442,2,P,Aluno-442,2011.0,11.0,Feminino,2022,Escola Pública,8.226,10.0,8.2,7.5,7.5,9.0,6.0,,,,8.222,10.0,Fase 2 (5º e 6º ano),0.0,PEDE2022,11.0,,,,,,,,,,Fase 2 (5º e 6º ano)
RA-443,2,P,Aluno-443,2009.0,13.0,Feminino,2019,Escola Pública,7.482,9.0,9.1,7.5,5.6,8.0,3.2,,Sim,Sim,8.5,5.0,Fase 3 (7º e 8º ano),0.0,PEDE2022,13.0,,,,,,,,,,Fase 3 (7º e 8º ano)
RA-444,2,P,Aluno-444,2011.0,11.0,Masculino,2018,Escola Pública,6.665,9.0,7.2,5.0,3.1,1.5,4.7,,,,7.778,10.0,Fase 2 (5º e 6º ano),0.0,PEDE2022,11.0,,,,,,,,,,Fase 2 (5º e 6º ano)
RA-445,2,P,Aluno-445,2010.0,12.0,Masculino,2022,Escola Pública,6.924,9.0,9.4,7.5,3.8,0.0,7.5,,,,7.5,5.0,Fase 3 (7º e 8º ano),0.0,PEDE2022,12.0,,,,,,,,,,Fase 3 (7º e 8º ano)
RA-446,2,P,Aluno-446,2009.0,13.0,Feminino,2018,Escola Pública,7.367,9.5,8.9,5.0,6.9,6.3,7.5,,,,7.889,5.0,Fase 3 (7º e 8º ano),0.0,PEDE2022,13.0,,,,,,,,,,Fase 3 (7º e 8º ano)
RA-447,2,P,Aluno-447,2012.0,10.0,Feminino,2022,Escola Pública,5.607,0.0,7.0,7.5,3.5,7.0,0.0,,,,5.556,10.0,Fase 2 (5º e 6º ano),0.0,PEDE2022,10.0,,,,,,,,,,Fase 2 (5º e 6º ano)
RA-448,2,P,Aluno-448,2011.0,11.0,Feminino,2022,Escola Pública,7.972,9.0,9.7,7.5,5.5,5.0,6.0,,,,8.111,10.0,Fase 2 (5º e 6º ano),0.0,PEDE2022,11.0,,,,,,,,,,Fase 2 (5º e 6º ano)
RA-449,2,P,Aluno-449,2010.0,12.0,Feminino,2022,Escola Pública,6.143,0.0,6.0,7.5,7.0,6.0,8.0,,,,8.111,5.0,Fase 3 (7º e 8º ano),0.0,PEDE2022,12.0,,,,,,,,,,Fase 3 (7º e 8º ano)
RA-450,2,Q,Aluno-450,2009.0,13.0,Masculino,2021,Escola Pública,7.843,10.0,9.1,7.5,7.5,6.8,8.2,,,,8.111,5.0,Fase 3 (7º e 8º ano),0.0,PEDE2022,13.0,,,,,,,,,,Fase 3 (7º e 8º ano)
RA-451,2,Q,Aluno-451,2009.0,13.0,Feminino,2019,Escola Pública,6.434,9.0,6.0,6.3,6.1,3.1,9.2,,,,6.889,5.0,Fase 3 (7º e 8º ano),0.0,PEDE2022,13.0,,,,,,,,,,Fase 3 (7º e 8º ano)
RA-452,2,Q,Aluno-452,2009.0,13.0,Feminino,2021,Escola Pública,6.287,9.0,5.6,7.5,4.8,5.0,4.5,,,,7.167,5.0,Fase 3 (7º e 8º ano),0.0,PEDE2022,13.0,,,,,,,,,,Fase 3 (7º e 8º ano)
RA-453,2,Q,Aluno-453,2009.0,13.0,Feminino,2022,Escola Pública,7.845,9.0,8.7,7.5,8.8,8.0,9.5,,,,7.778,5.0,Fase 3 (7º e 8º ano),0.0,PEDE2022,13.0,,,,,,,,,,Fase 3 (7º e 8º ano)
RA-454,2,Q,Aluno-454,2008.0,14.0,Masculino,2018,Escola Pública,5.561,9.5,8.6,5.0,2.3,0.0,4.7,,,,5.444,5.0,Fase 4 (9º ano),0.0,PEDE2022,14.0,,,,,,,,,,Fase 4 (9º ano)
RA-455,2,Q,Aluno-455,2010.0,12.0,Feminino,2022,Escola Pública,6.876,7.0,7.9,7.5,6.3,6.0,6.5,,,,7.278,5.0,Fase 3 (7º e 8º ano),0.0,PEDE2022,12.0,,,,,,,,,,Fase 3 (7º e 8º ano)
RA-456,2,Q,Aluno-456,2010.0,12.0,Feminino,2022,Escola Pública,7.193,6.4,8.2,6.3,7.3,6.0,8.7,,,Sim,8.389,5.0,Fase 3 (7º e 8º ano),0.0,PEDE2022,12.0,,,,,,,,,,Fase 3 (7º e 8º ano)
RA-457,2,Q,Aluno-457,2010.0,12.0,Feminino,2022,Escola Pública,7.68,8.0,8.8,7.5,8.5,7.0,10.0,,,,7.667,5.0,Fase 3 (7º e 8º ano),0.0,PEDE2022,12.0,,,,,,,,,,Fase 3 (7º e 8º ano)
RA-458,2,Q,Aluno-458,2009.0,13.0,Masculino,2019,Escola Pública,6.512,8.0,7.7,7.5,5.6,4.7,6.5,,,,5.833,5.0,Fase 3 (7º e 8º ano),0.0,PEDE2022,13.0,,,,,,,,,,Fase 3 (7º e 8º ano)
RA-459,2,Q,Aluno-459,2010.0,12.0,Masculino,2019,Escola Pública,7.28,7.0,9.1,8.1,7.3,5.3,9.2,,,,7.222,5.0,Fase 3 (7º e 8º ano),0.0,PEDE2022,12.0,,,,,,,,,,Fase 3 (7º e 8º ano)
RA-460,2,Q,Aluno-460,2010.0,12.0,Masculino,2022,Escola Pública,5.711,6.8,8.1,7.5,3.3,0.5,6.0,,,,5.056,5.0,Fase 3 (7º e 8º ano),0.0,PEDE2022,12.0,,,,,,,,,,Fase 3 (7º e 8º ano)
RA-461,2,Q,Aluno-461,2010.0,12.0,Feminino,2018,Escola Pública,5.451,0.0,6.7,7.5,3.8,1.5,6.2,,,,7.222,5.0,Fase 3 (7º e 8º ano),0.0,PEDE2022,12.0,,,,,,,,,,Fase 3 (7º e 8º ano)
RA-462,2,Q,Aluno-462,2008.0,14.0,Masculino,2022,Escola Pública,6.626,10.0,8.5,7.5,3.6,2.0,5.2,,,,6.778,5.0,Fase 4 (9º ano),0.0,PEDE2022,14.0,,,,,,,,,,Fase 4 (9º ano)
RA-463,2,U,Aluno-463,2010.0,12.0,Feminino,2020,Escola Pública,6.41,10.0,7.8,7.5,2.5,2.0,3.0,,,,7.389,5.0,Fase 3 (7º e 8º ano),0.0,PEDE2022,12.0,,,,,,,,,,Fase 3 (7º e 8º ano)
RA-464,2,U,Aluno-464,2009.0,13.0,Feminino,2022,Escola Pública,6.745,7.5,8.0,7.5,4.8,2.7,7.0,,,,7.722,5.0,Fase 3 (7º e 8º ano),0.0,PEDE2022,13.0,,,,,,,,,,Fase 3 (7º e 8º ano)
RA-465,2,U,Aluno-465,2011.0,11.0,Masculino,2019,Escola Pública,8.012,8.0,7.9,7.5,7.8,9.3,6.3,,,Sim,8.444,10.0,Fase 2 (5º e 6º ano),0.0,PEDE2022,11.0,,,,,,,,,,Fase 2 (5º e 6º ano)
RA-466,2,U,Aluno-466,2009.0,13.0,Masculino,2022,Escola Pública,6.826,8.5,9.7,7.5,3.3,0.5,6.0,,,,7.556,5.0,Fase 3 (7º e 8º ano),0.0,PEDE2022,13.0,,,,,,,,,,Fase 3 (7º e 8º ano)
RA-467,2,U,Aluno-467,2009.0,13.0,Feminino,2022,Escola Pública,6.38,5.8,8.4,5.0,5.5,5.0,6.0,,,,7.111,5.0,Fase 3 (7º e 8º ano),0.0,PEDE2022,13.0,,,,,,,,,,Fase 3 (7º e 8º ano)
RA-468,2,U,Aluno-468,2009.0,13.0,Masculino,2022,Escola Pública,6.313,9.5,6.7,7.5,4.1,4.5,3.7,,,,6.722,5.0,Fase 3 (7º e 8º ano),0.0,PEDE2022,13.0,,,,,,,,,,Fase 3 (7º e 8º ano)
RA-469,2,U,Aluno-469,2011.0,11.0,Feminino,2022,Escola Pública,7.624,9.0,9.6,5.0,5.7,6.2,5.2,,,,7.833,10.0,Fase 2 (5º e 6º ano),0.0,PEDE2022,11.0,,,,,,,,,,Fase 2 (5º e 6º ano)
RA-470,2,U,Aluno-470,2009.0,13.0,Feminino,2019,Escola Pública,7.378,8.0,9.7,7.5,6.3,5.3,7.3,,,,7.5,5.0,Fase 3 (7º e 8º ano),0.0,PEDE2022,13.0,,,,,,,,,,Fase 3 (7º e 8º ano)
RA-471,2,U,Aluno-471,2009.0,13.0,Feminino,2020,Escola Pública,6.535,3.5,8.5,5.0,6.3,5.7,6.8,,,,8.056,5.0,Fase 3 (7º e 8º ano),0.0,PEDE2022,13.0,,,,,,,,,,Fase 3 (7º e 8º ano)
RA-472,2,U,Aluno-472,2010.0,12.0,Feminino,2022,Escola Pública,5.93,9.0,7.0,7.5,2.0,1.8,2.2,,,,7.056,5.0,Fase 3 (7º e 8º ano),0.0,PEDE2022,12.0,,,,,,,,,,Fase 3 (7º e 8º ano)
RA-473,2,U,Aluno-473,2010.0,12.0,Masculino,2019,Escola Pública,5.915,8.0,6.1,7.5,4.3,4.5,4.0,,,,5.889,5.0,Fase 3 (7º e 8º ano),0.0,PEDE2022,12.0,,,,,,,,,,Fase 3 (7º e 8º ano)
RA-474,2,U,Aluno-474,2009.0,13.0,Masculino,2019,Escola Pública,6.446,9.5,9.1,7.5,3.0,1.3,4.7,,,,6.0,5.0,Fase 3 (7º e 8º ano),0.0,PEDE2022,13.0,,,,,,,,,,Fase 3 (7º e 8º ano)
RA-475,2,U,Aluno-475,2010.0,12.0,Feminino,2022,Escola Pública,7.199,8.5,9.2,7.5,5.8,3.3,8.3,,,,7.667,5.0,Fase 3 (7º e 8º ano),0.0,PEDE2022,12.0,,,,,,,,,,Fase 3 (7º e 8º ano)
RA-476,2,U,Aluno-476,2010.0,12.0,Feminino,2019,Escola Pública,6.931,9.0,9.3,4.4,5.5,5.0,6.0,,,,7.556,5.0,Fase 3 (7º e 8º ano),0.0,PEDE2022,12.0,,,,,,,,,,Fase 3 (7º e 8º ano)
RA-477,2,U,Aluno-477,2009.0,13.0,Masculino,2022,Escola Pública,3.633,0.0,5.0,5.6,0.7,0.3,1.0,,,,4.5,5.0,Fase 3 (7º e 8º ano),0.0,PEDE2022,13.0,,,,,,,,,,Fase 3 (7º e 8º ano)
RA-478,2,U,Aluno-478,2010.0,12.0,Feminino,2019,Escola Pública,6.709,8.5,9.1,5.6,4.9,3.8,6.0,,,,7.056,5.0,Fase 3 (7º e 8º ano),0.0,PEDE2022,12.0,,,,,,,,,,Fase 3 (7º e 8º ano)
RA-479,1,A,Aluno-479,2012.0,10.0,Masculino,2020,Rede Decisão,8.465,8.0,9.2,7.5,9.8,10.0,9.7,,,Sim,9.5,5.0,Fase 2 (5º e 6º ano),0.0,PEDE2022,10.0,,,,,,,,,,Fase 2 (5º e 6º ano)
RA-480,1,A,Aluno-480,2012.0,10.0,Feminino,2021,Escola Pública,7.502,9.0,8.8,7.5,6.3,6.8,5.7,,Sim,Sim,8.444,5.0,Fase 2 (5º e 6º ano),0.0,PEDE2022,10.0,,,,,,,,,,Fase 2 (5º e 6º ano)
RA-481,1,A,Aluno-481,2013.0,9.0,Masculino,2021,Escola Pública,7.21,9.0,8.0,7.5,5.2,5.7,4.7,,,,6.889,10.0,Fase 1 (4º ano),0.0,PEDE2022,9.0,,,,,,,,,,Fase 1 (4º ano)
RA-482,1,A,Aluno-482,2011.0,11.0,Masculino,2021,Escola Pública,6.866,10.0,7.9,7.5,5.5,4.3,6.7,,,,6.833,5.0,Fase 2 (5º e 6º ano),0.0,PEDE2022,11.0,,,,,,,,,,Fase 2 (5º e 6º ano)
RA-483,1,A,Aluno-483,2011.0,11.0,Feminino,2019,Escola Pública,5.263,9.0,4.8,5.0,2.4,2.0,2.8,,,,6.833,5.0,Fase 2 (5º e 6º ano),0.0,PEDE2022,11.0,,,,,,,,,,Fase 2 (5º e 6º ano)
RA-484,1,A,Aluno-484,2011.0,11.0,Masculino,2022,Escola Pública,6.71,9.5,8.7,5.0,6.5,8.0,5.0,,,,6.389,5.0,Fase 2 (5º e 6º ano),0.0,PEDE2022,11.0,,,,,,,,,,Fase 2 (5º e 6º ano)
RA-485,1,A,Aluno-485,2012.0,10.0,Masculino,2020,Escola Pública,4.742,9.5,4.0,7.5,1.2,1.0,1.3,,,,5.444,5.0,Fase 2 (5º e 6º ano),0.0,PEDE2022,10.0,,,,,,,,,,Fase 2 (5º e 6º ano)
RA-486,1,A,Aluno-486,2012.0,10.0,Feminino,2020,Escola Pública,7.621,10.0,9.9,7.5,7.3,6.7,7.8,,,,7.222,5.0,Fase 2 (5º e 6º ano),0.0,PEDE2022,10.0,,,,,,,,,,Fase 2 (5º e 6º ano)
RA-487,1,A,Aluno-487,2012.0,10.0,Feminino,2019,Rede Decisão,8.417,7.5,9.7,7.5,9.6,9.7,9.5,,,Sim,9.333,5.0,Fase 2 (5º e 6º ano),0.0,PEDE2022,10.0,,,,,,,,,,Fase 2 (5º e 6º ano)
RA-488,1,A,Aluno-488,2012.0,10.0,Feminino,2022,Escola Pública,7.413,8.5,8.8,7.5,7.3,6.0,8.5,,,,7.722,5.0,Fase 2 (5º e 6º ano),0.0,PEDE2022,10.0,,,,,,,,,,Fase 2 (5º e 6º ano)
RA-489,1,A,Aluno-489,2013.0,9.0,Feminino,2022,Escola Pública,5.853,9.0,7.2,7.5,0.0,0.0,0.0,,,,6.5,10.0,Fase 1 (4º ano),0.0,PEDE2022,9.0,,,,,,,,,,Fase 1 (4º ano)
RA-490,1,A,Aluno-490,2012.0,10.0,Feminino,2022,Escola Pública,7.576,7.9,8.2,7.5,7.7,6.0,9.3,,,Sim,8.722,5.0,Fase 2 (5º e 6º ano),0.0,PEDE2022,10.0,,,,,,,,,,Fase 2 (5º e 6º ano)
RA-491,1,A,Aluno-491,2011.0,11.0,Masculino,2022,Escola Pública,7.461,7.5,9.7,7.5,7.0,6.0,8.0,,,,7.722,5.0,Fase 2 (5º e 6º ano),0.0,PEDE2022,11.0,,,,,,,,,,Fase 2 (5º e 6º ano)
RA-492,1,A,Aluno-492,2011.0,11.0,Feminino,2022,Escola Pública,7.678,10.0,8.8,7.5,7.1,8.2,6.0,,,,8.278,5.0,Fase 2 (5º e 6º ano),0.0,PEDE2022,11.0,,,,,,,,,,Fase 2 (5º e 6º ano)
RA-493,1,B,Aluno-493,2013.0,9.0,Feminino,2020,Escola Pública,8.306,10.0,9.4,7.5,7.2,7.3,7.0,,,,8.278,10.0,Fase 1 (4º ano),0.0,PEDE2022,9.0,,,,,,,,,,Fase 1 (4º ano)
RA-494,1,B,Aluno-494,2011.0,11.0,Feminino,2022,Escola Pública,6.407,6.4,8.3,5.0,5.8,6.3,5.2,,,,6.944,5.0,Fase 2 (5º e 6º ano),0.0,PEDE2022,11.0,,,,,,,,,,Fase 2 (5º e 6º ano)
RA-495,1,B,Aluno-495,2011.0,11.0,Masculino,2022,Escola Pública,7.857,9.0,8.9,7.5,8.4,8.0,8.8,,,,8.056,5.0,Fase 2 (5º e 6º ano),0.0,PEDE2022,11.0,,,,,,,,,,Fase 2 (5º e 6º ano)
RA-496,1,B,Aluno-496,2011.0,11.0,Masculino,2018,Escola Pública,6.683,8.5,6.8,7.5,5.7,5.8,5.5,,,,7.556,5.0,Fase 2 (5º e 6º ano),0.0,PEDE2022,11.0,,,,,,,,,,Fase 2 (5º e 6º ano)
RA-497,1,B,Aluno-497,2009.0,13.0,Feminino,2016,Rede Decisão,6.323,6.9,9.2,5.0,5.1,4.2,6.0,,,,5.833,5.0,Fase 3 (7º e 8º ano),0.0,PEDE2022,13.0,,,,,,,,,,Fase 3 (7º e 8º ano)
RA-498,1,B,Aluno-498,2011.0,11.0,Feminino,2018,Escola Pública,7.7,8.5,8.8,7.5,8.8,8.0,9.5,,,,7.556,5.0,Fase 2 (5º e 6º ano),0.0,PEDE2022,11.0,,,,,,,,,,Fase 2 (5º e 6º ano)
RA-499,1,B,Aluno-499,2012.0,10.0,Masculino,2020,Escola Pública,7.826,8.5,10.0,7.5,8.2,8.2,8.2,,,,7.444,5.0,Fase 2 (5º e 6º ano),0.0,PEDE2022,10.0,,,,,,,,,,Fase 2 (5º e 6º ano)
RA-500,1,B,Aluno-500,2012.0,10.0,Feminino,2020,Escola Pública,8.232,9.0,10.0,7.5,9.5,9.5,9.5,,Sim,,7.889,5.0,Fase 2 (5º e 6º ano),0.0,PEDE2022,10.0,,,,,,,,,,Fase 2 (5º e 6º ano)
RA-501,1,B,Aluno-501,2013.0,9.0,Masculino,2021,Escola Pública,7.794,8.5,8.8,7.5,6.8,8.0,5.7,,,,7.333,10.0,Fase 1 (4º ano),0.0,PEDE2022,9.0,,,,,,,,,,Fase 1 (4º ano)
RA-502,1,B,Aluno-502,2014.0,8.0,Feminino,2021,Rede Decisão,8.287,9.5,9.7,7.5,7.4,6.7,8.2,,,,7.778,10.0,ALFA  (2º e 3º ano),1.0,PEDE2022,8.0,,,,,,,,,,ALFA  (2º e 3º ano)
RA-503,1,B,Aluno-503,2012.0,10.0,Masculino,2020,Escola Pública,7.95,8.5,10.0,7.5,8.8,8.7,9.0,,,,7.5,5.0,Fase 2 (5º e 6º ano),0.0,PEDE2022,10.0,,,,,,,,,,Fase 2 (5º e 6º ano)
RA-504,1,B,Aluno-504,2013.0,9.0,Feminino,2021,Escola Pública,8.072,8.5,8.9,7.5,8.0,7.8,8.2,,,,7.556,10.0,Fase 1 (4º ano),0.0,PEDE2022,9.0,,,,,,,,,,Fase 1 (4º ano)
RA-505,1,B,Aluno-505,2011.0,11.0,Feminino,2019,Escola Pública,7.591,9.5,8.0,7.5,8.4,8.2,8.7,,,,7.556,5.0,Fase 2 (5º e 6º ano),0.0,PEDE2022,11.0,,,,,,,,,,Fase 2 (5º e 6º ano)
RA-506,1,B,Aluno-506,2010.0,12.0,Masculino,2020,Escola Pública,7.132,9.5,7.3,7.5,7.2,8.3,6.0,,,,7.278,5.0,Fase 3 (7º e 8º ano),0.0,PEDE2022,12.0,,,,,,,,,,Fase 3 (7º e 8º ano)
RA-507,1,C,Aluno-507,2011.0,11.0,Feminino,2021,Escola Pública,7.653,8.5,10.0,7.5,7.4,7.3,7.5,,,,7.222,5.0,Fase 2 (5º e 6º ano),0.0,PEDE2022,11.0,,,,,,,,,,Fase 2 (5º e 6º ano)
RA-508,1,C,Aluno-508,2012.0,10.0,Masculino,2022,Escola Pública,6.575,8.0,7.4,7.5,4.5,0.0,9.0,,,,7.556,5.0,Fase 2 (5º e 6º ano),0.0,PEDE2022,10.0,,,,,,,,,,Fase 2 (5º e 6º ano)
RA-509,1,C,Aluno-509,2010.0,12.0,Feminino,2018,Escola Pública,7.808,9.0,8.2,7.5,9.2,9.3,9.0,,Sim,,7.833,5.0,Fase 3 (7º e 8º ano),0.0,PEDE2022,12.0,,,,,,,,,,Fase 3 (7º e 8º ano)
RA-510,1,C,Aluno-510,2010.0,12.0,Masculino,2022,Escola Pública,7.336,8.0,9.3,7.5,7.1,5.8,8.3,,,,7.056,5.0,Fase 3 (7º e 8º ano),0.0,PEDE2022,12.0,,,,,,,,,,Fase 3 (7º e 8º ano)
RA-511,1,C,Aluno-511,2012.0,10.0,Feminino,2022,Escola Pública,7.094,8.0,10.0,7.5,5.3,2.0,8.5,,,,7.056,5.0,Fase 2 (5º e 6º ano),0.0,PEDE2022,10.0,,,,,,,,,,Fase 2 (5º e 6º ano)
RA-512,1,C,Aluno-512,2012.0,10.0,Feminino,2022,Escola Pública,7.365,9.0,9.3,7.5,6.2,5.3,7.0,,,,7.722,5.0,Fase 2 (5º e 6º ano),0.0,PEDE2022,10.0,,,,,,,,,,Fase 2 (5º e 6º ano)
RA-513,1,C,Aluno-513,2013.0,9.0,Masculino,2021,Escola Pública,8.229,9.0,9.6,5.6,8.3,8.2,8.5,,,,7.778,10.0,Fase 1 (4º ano),0.0,PEDE2022,9.0,,,,,,,,,,Fase 1 (4º ano)
RA-514,1,C,Aluno-514,2013.0,9.0,Feminino,2022,Escola Pública,7.039,8.0,9.7,7.5,4.8,2.0,7.5,,,,5.889,10.0,Fase 1 (4º ano),0.0,PEDE2022,9.0,,,,,,,,,,Fase 1 (4º ano)
RA-515,1,C,Aluno-515,2010.0,12.0,Masculino,2022,Escola Pública,6.582,8.0,6.3,7.5,5.8,8.5,3.2,,,,7.556,5.0,Fase 3 (7º e 8º ano),0.0,PEDE2022,12.0,,,,,,,,,,Fase 3 (7º e 8º ano)
RA-516,1,C,Aluno-516,2013.0,9.0,Masculino,2019,Rede Decisão,8.903,10.0,9.7,7.5,9.9,10.0,9.8,,,,8.056,10.0,Fase 1 (4º ano),0.0,PEDE2022,9.0,,,,,,,,,,Fase 1 (4º ano)
RA-517,1,D,Aluno-517,2010.0,12.0,Feminino,2017,Escola Pública,7.604,6.9,9.5,7.5,7.7,7.8,7.5,,,,7.833,5.0,Fase 3 (7º e 8º ano),0.0,PEDE2022,12.0,,,,,,,,,,Fase 3 (7º e 8º ano)
RA-518,1,D,Aluno-518,2012.0,10.0,Masculino,2022,Escola Pública,7.661,9.0,9.4,7.5,7.5,6.0,9.0,,,,7.5,5.0,Fase 2 (5º e 6º ano),0.0,PEDE2022,10.0,,,,,,,,,,Fase 2 (5º e 6º ano)
RA-519,1,D,Aluno-519,2013.0,9.0,Masculino,2022,Escola Pública,8.0,7.4,9.6,7.5,7.5,7.0,8.0,,,,7.333,10.0,Fase 1 (4º ano),0.0,PEDE2022,9.0,,,,,,,,,,Fase 1 (4º ano)
RA-520,1,D,Aluno-520,2011.0,11.0,Feminino,2022,Escola Pública,7.035,10.0,6.8,7.5,6.8,5.0,8.5,,,,7.278,5.0,Fase 2 (5º e 6º ano),0.0,PEDE2022,11.0,,,,,,,,,,Fase 2 (5º e 6º ano)
RA-521,1,D,Aluno-521,2013.0,9.0,Masculino,2022,Escola Pública,7.725,9.0,10.0,5.0,6.0,5.0,7.0,,,,7.5,10.0,Fase 1 (4º ano),0.0,PEDE2022,9.0,,,,,,,,,,Fase 1 (4º ano)
RA-522,1,D,Aluno-522,2013.0,9.0,Masculino,2021,Escola Pública,8.306,9.5,9.1,7.5,7.5,7.0,8.0,,,,8.167,10.0,Fase 1 (4º ano),0.0,PEDE2022,9.0,,,,,,,,,,Fase 1 (4º ano)
RA-523,1,D,Aluno-523,2011.0,11.0,Feminino,2022,Escola Pública,7.591,10.0,9.5,7.5,6.5,5.0,8.0,,,,7.556,5.0,Fase 2 (5º e 6º ano),0.0,PEDE2022,11.0,,,,,,,,,,Fase 2 (5º e 6º ano)
RA-524,1,D,Aluno-524,2011.0,11.0,Masculino,2019,Escola Pública,6.947,0.0,9.4,5.0,9.1,9.0,9.2,,Sim,,8.056,5.0,Fase 2 (5º e 6º ano),0.0,PEDE2022,11.0,,,,,,,,,,Fase 2 (5º e 6º ano)
RA-525,1,D,Aluno-525,2011.0,11.0,Feminino,2021,Escola Pública,8.013,9.0,9.3,7.5,8.6,8.3,8.8,,,,8.167,5.0,Fase 2 (5º e 6º ano),0.0,PEDE2022,11.0,,,,,,,,,,Fase 2 (5º e 6º ano)
RA-526,1,D,Aluno-526,2010.0,12.0,Masculino,2022,Escola Pública,8.079,10.0,9.9,7.5,8.0,7.7,8.3,,,,8.167,5.0,Fase 3 (7º e 8º ano),0.0,PEDE2022,12.0,,,,,,,,,,Fase 3 (7º e 8º ano)
RA-527,1,D,Aluno-527,2013.0,9.0,Feminino,2022,Escola Pública,8.025,8.5,10.0,7.5,6.5,5.0,8.0,,,,7.5,10.0,Fase 1 (4º ano),0.0,PEDE2022,9.0,,,,,,,,,,Fase 1 (4º ano)
RA-528,1,D,Aluno-528,2011.0,11.0,Masculino,2021,Escola Pública,5.335,0.0,6.2,7.5,4.0,5.3,2.7,,,,6.944,5.0,Fase 2 (5º e 6º ano),0.0,PEDE2022,11.0,,,,,,,,,,Fase 2 (5º e 6º ano)
RA-529,1,D,Aluno-529,2010.0,12.0,Masculino,2020,Escola Pública,6.51,8.5,8.9,5.0,5.2,3.3,7.0,,,,6.556,5.0,Fase 3 (7º e 8º ano),0.0,PEDE2022,12.0,,,,,,,,,,Fase 3 (7º e 8º ano)
RA-530,1,E,Aluno-530,2012.0,10.0,Masculino,2019,Escola Pública,8.338,10.0,9.0,7.5,8.9,9.0,8.8,,Sim,Sim,9.056,5.0,Fase 2 (5º e 6º ano),0.0,PEDE2022,10.0,,,,,,,,,,Fase 2 (5º e 6º ano)
RA-531,1,E,Aluno-531,2012.0,10.0,Masculino,2022,Escola Pública,8.057,9.5,9.8,7.5,7.8,8.7,7.0,,Sim,,8.167,5.0,Fase 2 (5º e 6º ano),0.0,PEDE2022,10.0,,,,,,,,,,Fase 2 (5º e 6º ano)
RA-532,1,E,Aluno-532,2013.0,9.0,Feminino,2022,Escola Pública,7.792,9.5,9.7,7.5,5.5,4.0,7.0,,,,7.167,10.0,Fase 1 (4º ano),0.0,PEDE2022,9.0,,,,,,,,,,Fase 1 (4º ano)
RA-533,1,E,Aluno-533,2012.0,10.0,Masculino,2022,Escola Pública,6.962,8.5,8.8,5.6,6.0,5.0,7.0,,,,7.333,5.0,Fase 2 (5º e 6º ano),0.0,PEDE2022,10.0,,,,,,,,,,Fase 2 (5º e 6º ano)
RA-534,1,E,Aluno-534,2010.0,12.0,Feminino,2021,Escola Pública,7.131,9.0,7.4,7.5,7.1,6.5,7.7,,,,7.333,5.0,Fase 3 (7º e 8º ano),0.0,PEDE2022,12.0,,,,,,,,,,Fase 3 (7º e 8º ano)
RA-535,1,F,Aluno-535,2012.0,10.0,Feminino,2019,Escola Pública,6.953,9.0,9.2,7.5,5.1,4.7,5.5,,,,6.917,5.0,Fase 2 (5º e 6º ano),0.0,PEDE2022,10.0,,,,,,,,,,Fase 2 (5º e 6º ano)
RA-536,1,F,Aluno-536,2012.0,10.0,Feminino,2020,Escola Pública,7.106,9.5,8.9,5.6,6.0,6.3,5.7,,,,7.75,5.0,Fase 2 (5º e 6º ano),0.0,PEDE2022,10.0,,,,,,,,,,Fase 2 (5º e 6º ano)
RA-537,1,F,Aluno-537,2012.0,10.0,Masculino,2022,Escola Pública,6.641,9.5,9.0,4.4,4.8,2.5,7.0,,,,7.167,5.0,Fase 2 (5º e 6º ano),0.0,PEDE2022,10.0,,,,,,,,,,Fase 2 (5º e 6º ano)
RA-538,1,F,Aluno-538,2009.0,13.0,Masculino,2022,Escola Pública,6.309,8.5,7.5,5.6,6.8,4.5,9.0,,,,5.583,5.0,Fase 3 (7º e 8º ano),0.0,PEDE2022,13.0,,,,,,,,,,Fase 3 (7º e 8º ano)
RA-539,1,F,Aluno-539,2011.0,11.0,Feminino,2022,Escola Pública,7.665,8.5,9.3,6.9,7.5,6.8,8.2,,,Sim,8.417,5.0,Fase 2 (5º e 6º ano),0.0,PEDE2022,11.0,,,,,,,,,,Fase 2 (5º e 6º ano)
RA-540,1,F,Aluno-540,2012.0,10.0,Feminino,2019,Escola Pública,7.303,8.5,9.5,5.6,7.0,6.8,7.2,,,,7.5,5.0,Fase 2 (5º e 6º ano),0.0,PEDE2022,10.0,,,,,,,,,,Fase 2 (5º e 6º ano)
RA-541,1,F,Aluno-541,2008.0,14.0,Masculino,2022,Escola Pública,5.427,10.0,7.8,6.9,2.5,0.0,5.0,,,,5.0,2.5,Fase 4 (9º ano),0.0,PEDE2022,14.0,,,,,,,,,,Fase 4 (9º ano)
RA-542,1,F,Aluno-542,2011.0,11.0,Feminino,2019,Escola Pública,7.221,8.0,9.8,6.3,6.5,5.3,7.7,,,,7.417,5.0,Fase 2 (5º e 6º ano),0.0,PEDE2022,11.0,,,,,,,,,,Fase 2 (5º e 6º ano)
RA-543,1,F,Aluno-543,2012.0,10.0,Feminino,2022,Escola Pública,7.05,8.5,9.8,4.4,6.5,5.0,8.0,,,,7.167,5.0,Fase 2 (5º e 6º ano),0.0,PEDE2022,10.0,,,,,,,,,,Fase 2 (5º e 6º ano)
RA-544,1,F,Aluno-544,2012.0,10.0,Masculino,2022,Escola Pública,6.307,9.5,9.7,5.6,3.3,1.0,5.5,,,,6.0,5.0,Fase 2 (5º e 6º ano),0.0,PEDE2022,10.0,,,,,,,,,,Fase 2 (5º e 6º ano)
RA-545,1,G,Aluno-545,2009.0,13.0,Masculino,2018,Escola Pública,6.723,9.5,6.6,7.5,5.5,4.3,6.7,,,,7.5,5.0,Fase 3 (7º e 8º ano),0.0,PEDE2022,13.0,,,,,,,,,,Fase 3 (7º e 8º ano)
RA-546,1,G,Aluno-546,2011.0,11.0,Feminino,2021,Escola Pública,6.77,9.0,7.9,5.0,5.6,3.3,7.8,,,,7.917,5.0,Fase 2 (5º e 6º ano),0.0,PEDE2022,11.0,,,,,,,,,,Fase 2 (5º e 6º ano)
RA-547,1,G,Aluno-547,2011.0,11.0,Feminino,2019,Escola Pública,7.745,9.5,9.7,5.0,7.6,7.3,7.8,,,Sim,8.833,5.0,Fase 2 (5º e 6º ano),0.0,PEDE2022,11.0,,,,,,,,,,Fase 2 (5º e 6º ano)
RA-548,1,G,Aluno-548,2010.0,12.0,Masculino,2019,Escola Pública,7.292,8.0,9.1,6.9,7.2,5.7,8.7,,,,7.583,5.0,Fase 3 (7º e 8º ano),0.0,PEDE2022,12.0,,,,,,,,,,Fase 3 (7º e 8º ano)
RA-549,1,G,Aluno-549,2012.0,10.0,Masculino,2021,Escola Pública,6.301,10.0,7.9,6.9,4.2,2.2,6.2,,,,6.167,5.0,Fase 2 (5º e 6º ano),0.0,PEDE2022,10.0,,,,,,,,,,Fase 2 (5º e 6º ano)
RA-550,1,G,Aluno-550,2010.0,12.0,Feminino,2022,Escola Pública,6.026,9.0,9.0,6.9,1.9,2.0,1.8,,,,6.25,5.0,Fase 3 (7º e 8º ano),0.0,PEDE2022,12.0,,,,,,,,,,Fase 3 (7º e 8º ano)
RA-551,1,G,Aluno-551,2010.0,12.0,Feminino,2018,Escola Pública,6.853,8.5,7.3,6.9,6.6,5.0,8.2,,,,7.333,5.0,Fase 3 (7º e 8º ano),0.0,PEDE2022,12.0,,,,,,,,,,Fase 3 (7º e 8º ano)
RA-552,1,G,Aluno-552,2011.0,11.0,Masculino,2022,Escola Pública,6.625,9.5,8.8,5.0,5.5,6.0,5.0,,,,7.167,5.0,Fase 2 (5º e 6º ano),0.0,PEDE2022,11.0,,,,,,,,,,Fase 2 (5º e 6º ano)
RA-553,1,G,Aluno-553,2011.0,11.0,Feminino,2019,Escola Pública,6.39,9.5,6.9,6.9,3.3,1.0,5.7,,,,8.167,5.0,Fase 2 (5º e 6º ano),0.0,PEDE2022,11.0,,,,,,,,,,Fase 2 (5º e 6º ano)
RA-554,1,G,Aluno-554,2010.0,12.0,Masculino,2017,Escola Pública,5.588,7.9,6.0,6.9,4.0,1.7,6.3,,,,5.75,5.0,Fase 3 (7º e 8º ano),0.0,PEDE2022,12.0,,,,,,,,,,Fase 3 (7º e 8º ano)
RA-555,1,G,Aluno-555,2010.0,12.0,Masculino,2019,Escola Pública,5.949,9.5,8.1,5.0,4.4,1.8,7.0,,,,5.167,5.0,Fase 3 (7º e 8º ano),0.0,PEDE2022,12.0,,,,,,,,,,Fase 3 (7º e 8º ano)
RA-556,1,G,Aluno-556,2011.0,11.0,Feminino,2018,Escola Pública,7.181,9.0,8.8,5.0,6.4,4.8,8.0,,,,8.25,5.0,Fase 2 (5º e 6º ano),0.0,PEDE2022,11.0,,,,,,,,,,Fase 2 (5º e 6º ano)
RA-557,1,H,Aluno-557,2012.0,10.0,Masculino,2019,Escola Pública,8.334,10.0,8.4,7.5,9.4,10.0,8.8,,Sim,Sim,9.333,5.0,Fase 2 (5º e 6º ano),0.0,PEDE2022,10.0,,,,,,,,,,Fase 2 (5º e 6º ano)
RA-558,1,H,Aluno-558,2008.0,14.0,Masculino,2022,Escola Pública,5.539,9.0,8.5,5.0,4.3,0.5,8.0,,,,4.5,2.5,Fase 4 (9º ano),0.0,PEDE2022,14.0,,,,,,,,,,Fase 4 (9º ano)
RA-559,1,H,Aluno-559,2011.0,11.0,Masculino,2021,Escola Pública,7.634,9.5,9.2,7.5,7.1,7.2,7.0,,,,8.083,5.0,Fase 2 (5º e 6º ano),0.0,PEDE2022,11.0,,,,,,,,,,Fase 2 (5º e 6º ano)
RA-560,1,H,Aluno-560,2011.0,11.0,Masculino,2020,Escola Pública,4.949,6.9,7.2,5.0,3.8,3.2,4.3,,,,3.75,5.0,Fase 2 (5º e 6º ano),0.0,PEDE2022,11.0,,,,,,,,,,Fase 2 (5º e 6º ano)
RA-561,1,H,Aluno-561,2011.0,11.0,Masculino,2022,Escola Pública,7.856,9.0,9.0,7.5,7.4,9.5,5.3,,Sim,Sim,8.833,5.0,Fase 2 (5º e 6º ano),0.0,PEDE2022,11.0,,,,,,,,,,Fase 2 (5º e 6º ano)
RA-562,1,H,Aluno-562,2011.0,11.0,Feminino,2021,Escola Pública,7.855,8.0,9.0,7.5,8.0,8.3,7.7,,,Sim,8.75,5.0,Fase 2 (5º e 6º ano),0.0,PEDE2022,11.0,,,,,,,,,,Fase 2 (5º e 6º ano)
RA-563,1,H,Aluno-563,2011.0,11.0,Feminino,2020,Escola Pública,8.22,10.0,9.2,7.5,8.5,9.0,8.0,,Sim,Sim,8.833,5.0,Fase 2 (5º e 6º ano),0.0,PEDE2022,11.0,,,,,,,,,,Fase 2 (5º e 6º ano)
RA-564,1,H,Aluno-564,2009.0,13.0,Masculino,2019,Escola Pública,4.972,9.5,3.8,5.0,2.3,2.5,2.0,,,,6.833,5.0,Fase 3 (7º e 8º ano),0.0,PEDE2022,13.0,,,,,,,,,,Fase 3 (7º e 8º ano)
RA-565,1,H,Aluno-565,2009.0,13.0,Masculino,2022,Escola Pública,5.233,9.0,4.1,7.5,2.9,4.0,1.8,,,,5.917,5.0,Fase 3 (7º e 8º ano),0.0,PEDE2022,13.0,,,,,,,,,,Fase 3 (7º e 8º ano)
RA-566,1,H,Aluno-566,2010.0,12.0,Feminino,2022,Escola Pública,7.729,9.5,8.4,7.5,8.5,9.5,7.5,,,,7.917,5.0,Fase 3 (7º e 8º ano),0.0,PEDE2022,12.0,,,,,,,,,,Fase 3 (7º e 8º ano)
RA-567,1,H,Aluno-567,2011.0,11.0,Masculino,2019,Escola Pública,6.281,9.5,6.0,7.5,4.8,4.3,5.2,,,,6.833,5.0,Fase 2 (5º e 6º ano),0.0,PEDE2022,11.0,,,,,,,,,,Fase 2 (5º e 6º ano)
RA-568,1,J,Aluno-568,2008.0,14.0,Masculino,2018,Escola Pública,7.306,8.0,8.6,6.9,8.3,8.0,8.5,,,,7.944,2.5,Fase 4 (9º ano),0.0,PEDE2022,14.0,,,,,,,,,,Fase 4 (9º ano)
RA-569,1,J,Aluno-569,2010.0,12.0,Feminino,2020,Escola Pública,7.074,9.5,8.7,5.0,6.8,6.3,7.3,,,,7.333,5.0,Fase 3 (7º e 8º ano),0.0,PEDE2022,12.0,,,,,,,,,,Fase 3 (7º e 8º ano)
RA-570,1,J,Aluno-570,2012.0,10.0,Feminino,2019,Escola Pública,5.722,9.0,7.0,7.5,1.3,0.7,2.0,,,,6.778,5.0,Fase 2 (5º e 6º ano),0.0,PEDE2022,10.0,,,,,,,,,,Fase 2 (5º e 6º ano)
RA-571,1,J,Aluno-571,2011.0,11.0,Feminino,2019,Escola Pública,6.589,8.5,8.8,7.5,3.7,3.3,4.0,,,,6.944,5.0,Fase 2 (5º e 6º ano),0.0,PEDE2022,11.0,,,,,,,,,,Fase 2 (5º e 6º ano)
RA-572,1,J,Aluno-572,2013.0,9.0,Masculino,2022,Escola Pública,7.48,8.5,8.0,7.5,6.8,4.5,9.0,,,,6.833,10.0,Fase 1 (4º ano),0.0,PEDE2022,9.0,,,,,,,,,,Fase 1 (4º ano)
RA-573,1,J,Aluno-573,2011.0,11.0,Masculino,2020,Escola Pública,8.261,9.5,9.9,7.5,8.2,8.3,8.0,,Sim,Sim,8.944,5.0,Fase 2 (5º e 6º ano),0.0,PEDE2022,11.0,,,,,,,,,,Fase 2 (5º e 6º ano)
RA-574,1,J,Aluno-574,2012.0,10.0,Masculino,2022,Escola Pública,6.86,9.5,7.2,5.0,7.5,5.5,9.5,,,,6.944,5.0,Fase 2 (5º e 6º ano),0.0,PEDE2022,10.0,,,,,,,,,,Fase 2 (5º e 6º ano)
RA-575,1,J,Aluno-575,2010.0,12.0,Masculino,2019,Escola Pública,5.889,8.0,6.1,7.5,2.8,2.7,3.0,,,,7.0,5.0,Fase 3 (7º e 8º ano),0.0,PEDE2022,12.0,,,,,,,,,,Fase 3 (7º e 8º ano)
RA-576,1,J,Aluno-576,2012.0,10.0,Feminino,2022,Escola Pública,7.59,9.5,9.1,7.5,7.8,7.5,8.0,,,,7.111,5.0,Fase 2 (5º e 6º ano),0.0,PEDE2022,10.0,,,,,,,,,,Fase 2 (5º e 6º ano)
RA-577,1,J,Aluno-577,2012.0,10.0,Feminino,2022,Escola Pública,7.862,9.5,9.3,7.5,9.0,8.3,9.7,,,,7.111,5.0,Fase 2 (5º e 6º ano),0.0,PEDE2022,10.0,,,,,,,,,,Fase 2 (5º e 6º ano)
RA-578,1,J,Aluno-578,2012.0,10.0,Masculino,2019,Escola Pública,8.814,9.5,10.0,8.8,9.5,9.3,9.7,,Sim,Sim,9.611,5.0,Fase 2 (5º e 6º ano),0.0,PEDE2022,10.0,,,,,,,,,,Fase 2 (5º e 6º ano)
RA-579,1,J,Aluno-579,2012.0,10.0,Feminino,2022,Escola Pública,6.067,8.5,5.8,7.5,3.8,0.0,7.5,,,,7.222,5.0,Fase 2 (5º e 6º ano),0.0,PEDE2022,10.0,,,,,,,,,,Fase 2 (5º e 6º ano)
RA-580,1,J,Aluno-580,2012.0,10.0,Feminino,2020,Escola Pública,7.525,8.0,9.6,7.5,7.6,6.3,8.8,,,,7.167,5.0,Fase 2 (5º e 6º ano),0.0,PEDE2022,10.0,,,,,,,,,,Fase 2 (5º e 6º ano)
RA-581,1,J,Aluno-581,2012.0,10.0,Masculino,2019,Escola Pública,6.464,7.5,8.9,7.5,5.0,5.3,4.7,,,,5.889,5.0,Fase 2 (5º e 6º ano),0.0,PEDE2022,10.0,,,,,,,,,,Fase 2 (5º e 6º ano)
RA-582,1,J,Aluno-582,2012.0,10.0,Feminino,2022,Escola Pública,7.064,10.0,9.0,7.5,4.9,4.3,5.5,,,,7.222,5.0,Fase 2 (5º e 6º ano),0.0,PEDE2022,10.0,,,,,,,,,,Fase 2 (5º e 6º ano)
RA-583,1,J,Aluno-583,2010.0,12.0,Feminino,2019,Escola Pública,7.456,8.5,9.4,7.5,7.1,6.2,8.0,,,,7.333,5.0,Fase 3 (7º e 8º ano),0.0,PEDE2022,12.0,,,,,,,,,,Fase 3 (7º e 8º ano)
RA-584,1,J,Aluno-584,2012.0,10.0,Feminino,2019,Escola Pública,6.714,8.0,8.5,7.5,4.6,4.5,4.7,,,,7.333,5.0,Fase 2 (5º e 6º ano),0.0,PEDE2022,10.0,,,,,,,,,,Fase 2 (5º e 6º ano)
RA-585,1,K,Aluno-585,2013.0,9.0,Feminino,2020,Escola Pública,7.398,8.5,9.1,7.5,5.0,3.7,6.3,,,,6.889,10.0,Fase 1 (4º ano),0.0,PEDE2022,9.0,,,,,,,,,,Fase 1 (4º ano)
RA-586,1,K,Aluno-586,2012.0,10.0,Feminino,2021,Rede Decisão,7.988,10.0,9.6,5.6,8.2,8.2,8.2,,,Sim,8.778,5.0,Fase 2 (5º e 6º ano),0.0,PEDE2022,10.0,,,,,,,,,,Fase 2 (5º e 6º ano)
RA-587,1,K,Aluno-587,2012.0,10.0,Masculino,2022,Escola Pública,6.632,9.5,9.3,7.5,3.8,1.0,6.5,,,,6.167,5.0,Fase 2 (5º e 6º ano),0.0,PEDE2022,10.0,,,,,,,,,,Fase 2 (5º e 6º ano)
RA-588,1,K,Aluno-588,2013.0,9.0,Feminino,2021,Rede Decisão,8.622,9.5,10.0,5.6,9.3,9.3,9.2,,,,8.278,10.0,Fase 1 (4º ano),0.0,PEDE2022,9.0,,,,,,,,,,Fase 1 (4º ano)
RA-589,1,K,Aluno-589,2013.0,9.0,Feminino,2022,Escola Pública,7.744,9.5,9.4,7.5,5.8,3.0,8.5,,,,7.056,10.0,Fase 1 (4º ano),0.0,PEDE2022,9.0,,,,,,,,,,Fase 1 (4º ano)
RA-590,1,K,Aluno-590,2012.0,10.0,Feminino,2020,Escola Pública,7.435,8.5,8.6,7.5,7.4,5.7,9.2,,,,7.611,5.0,Fase 2 (5º e 6º ano),0.0,PEDE2022,10.0,,,,,,,,,,Fase 2 (5º e 6º ano)
RA-591,1,K,Aluno-591,2011.0,11.0,Masculino,2021,Escola Pública,7.507,9.5,9.3,7.5,7.1,7.8,6.3,,,,7.389,5.0,Fase 2 (5º e 6º ano),0.0,PEDE2022,11.0,,,,,,,,,,Fase 2 (5º e 6º ano)
RA-592,1,K,Aluno-592,2012.0,10.0,Feminino,2020,Escola Pública,7.381,8.0,8.5,5.6,8.4,7.2,9.7,,,,7.778,5.0,Fase 2 (5º e 6º ano),0.0,PEDE2022,10.0,,,,,,,,,,Fase 2 (5º e 6º ano)
RA-593,1,K,Aluno-593,2012.0,10.0,Feminino,2021,Escola Pública,6.254,7.5,7.4,7.5,4.6,3.0,6.2,,,,6.278,5.0,Fase 2 (5º e 6º ano),0.0,PEDE2022,10.0,,,,,,,,,,Fase 2 (5º e 6º ano)
RA-594,1,K,Aluno-594,2012.0,10.0,Masculino,2022,Escola Pública,7.392,8.0,9.4,7.5,7.8,6.0,9.5,,,,6.889,5.0,Fase 2 (5º e 6º ano),0.0,PEDE2022,10.0,,,,,,,,,,Fase 2 (5º e 6º ano)
RA-595,1,K,Aluno-595,2010.0,12.0,Masculino,2018,Escola Pública,5.18,8.5,5.5,7.5,1.0,2.0,0.0,,,,6.0,5.0,Fase 3 (7º e 8º ano),0.0,PEDE2022,12.0,,,,,,,,,,Fase 3 (7º e 8º ano)
RA-596,1,K,Aluno-596,2013.0,9.0,Feminino,2021,Escola Pública,8.971,9.5,10.0,7.5,9.3,8.8,9.8,,Sim,Sim,9.0,10.0,Fase 1 (4º ano),0.0,PEDE2022,9.0,,,,,,,,,,Fase 1 (4º ano)
RA-597,1,L,Aluno-597,2013.0,9.0,Masculino,2022,Escola Pública,8.265,9.0,10.0,7.5,8.0,6.5,9.5,,,,7.056,10.0,Fase 1 (4º ano),0.0,PEDE2022,9.0,,,,,,,,,,Fase 1 (4º ano)
RA-598,1,L,Aluno-598,2011.0,11.0,Feminino,2022,Escola Pública,6.35,9.5,7.2,7.5,3.7,4.7,2.7,,,,6.944,5.0,Fase 2 (5º e 6º ano),0.0,PEDE2022,11.0,,,,,,,,,,Fase 2 (5º e 6º ano)
RA-599,1,L,Aluno-599,2012.0,10.0,Masculino,2022,Escola Pública,8.2,9.5,9.2,7.5,9.1,8.3,9.8,,Sim,Sim,8.556,5.0,Fase 2 (5º e 6º ano),0.0,PEDE2022,10.0,,,,,,,,,,Fase 2 (5º e 6º ano)
RA-600,1,L,Aluno-600,2013.0,9.0,Feminino,2021,Escola Pública,7.011,8.5,8.4,7.5,3.9,2.8,5.0,,,,6.833,10.0,Fase 1 (4º ano),0.0,PEDE2022,9.0,,,,,,,,,,Fase 1 (4º ano)
RA-601,1,L,Aluno-601,2014.0,8.0,Masculino,2021,Escola Pública,7.713,9.0,9.7,7.5,5.7,5.3,6.0,,,,7.167,10.0,ALFA  (2º e 3º ano),1.0,PEDE2022,8.0,,,,,,,,,,ALFA  (2º e 3º ano)
RA-602,1,L,Aluno-602,2011.0,11.0,Masculino,2019,Escola Pública,8.041,10.0,9.7,7.5,8.6,8.3,8.8,,Sim,,7.667,5.0,Fase 2 (5º e 6º ano),0.0,PEDE2022,11.0,,,,,,,,,,Fase 2 (5º e 6º ano)
RA-603,1,L,Aluno-603,2011.0,11.0,Feminino,2022,Escola Pública,7.78,9.0,9.5,7.5,7.5,6.7,8.3,,,,8.0,5.0,Fase 2 (5º e 6º ano),0.0,PEDE2022,11.0,,,,,,,,,,Fase 2 (5º e 6º ano)
RA-604,1,L,Aluno-604,2012.0,10.0,Feminino,2021,Escola Pública,8.018,9.0,9.0,7.5,8.8,8.0,9.7,,Sim,,8.333,5.0,Fase 2 (5º e 6º ano),0.0,PEDE2022,10.0,,,,,,,,,,Fase 2 (5º e 6º ano)
RA-605,1,L,Aluno-605,2010.0,12.0,Feminino,2021,Escola Pública,7.276,6.9,9.3,6.9,7.1,6.2,8.0,,,,7.556,5.0,Fase 3 (7º e 8º ano),0.0,PEDE2022,12.0,,,,,,,,,,Fase 3 (7º e 8º ano)
RA-606,1,L,Aluno-606,2012.0,10.0,Masculino,2022,Escola Pública,6.127,9.5,9.0,7.5,1.8,2.0,1.5,,,,6.111,5.0,Fase 2 (5º e 6º ano),0.0,PEDE2022,10.0,,,,,,,,,,Fase 2 (5º e 6º ano)
RA-607,1,L,Aluno-607,2012.0,10.0,Masculino,2022,Escola Pública,6.44,6.8,8.1,7.5,4.0,3.0,5.0,,,,7.444,5.0,Fase 2 (5º e 6º ano),0.0,PEDE2022,10.0,,,,,,,,,,Fase 2 (5º e 6º ano)
RA-608,1,L,Aluno-608,2012.0,10.0,Masculino,2022,Escola Pública,7.216,7.8,9.6,7.5,6.3,3.0,9.5,,,,7.222,5.0,Fase 2 (5º e 6º ano),0.0,PEDE2022,10.0,,,,,,,,,,Fase 2 (5º e 6º ano)
RA-609,1,L,Aluno-609,2011.0,11.0,Masculino,2019,Escola Pública,6.794,8.5,7.6,7.5,6.0,6.5,5.5,,,,7.056,5.0,Fase 2 (5º e 6º ano),0.0,PEDE2022,11.0,,,,,,,,,,Fase 2 (5º e 6º ano)
RA-610,1,L,Aluno-610,2013.0,9.0,Feminino,2022,Escola Pública,8.18,9.0,9.6,7.5,6.5,6.0,7.0,,,Sim,8.5,10.0,Fase 1 (4º ano),0.0,PEDE2022,9.0,,,,,,,,,,Fase 1 (4º ano)
RA-611,1,M,Aluno-611,2010.0,12.0,Masculino,2021,Escola Pública,7.756,9.5,7.6,7.5,9.5,10.0,9.0,,Sim,,7.556,5.0,Fase 3 (7º e 8º ano),0.0,PEDE2022,12.0,,,,,,,,,,Fase 3 (7º e 8º ano)
RA-612,1,M,Aluno-612,2012.0,10.0,Feminino,2021,Escola Pública,7.594,9.0,9.2,7.5,7.9,9.7,6.2,,,,7.167,5.0,Fase 2 (5º e 6º ano),0.0,PEDE2022,10.0,,,,,,,,,,Fase 2 (5º e 6º ano)
RA-613,1,M,Aluno-613,2009.0,13.0,Masculino,2020,Escola Pública,8.121,9.0,9.2,7.5,9.2,9.2,9.2,,Sim,Sim,8.556,5.0,Fase 3 (7º e 8º ano),0.0,PEDE2022,13.0,,,,,,,,,,Fase 3 (7º e 8º ano)
RA-614,1,M,Aluno-614,2010.0,12.0,Masculino,2021,Escola Pública,8.339,9.5,9.7,7.5,9.6,9.8,9.3,,Sim,,8.278,5.0,Fase 3 (7º e 8º ano),0.0,PEDE2022,12.0,,,,,,,,,,Fase 3 (7º e 8º ano)
RA-615,1,M,Aluno-615,2013.0,9.0,Feminino,2020,Escola Pública,8.086,9.5,9.7,7.5,7.3,7.8,6.7,,,,6.889,10.0,Fase 1 (4º ano),0.0,PEDE2022,9.0,,,,,,,,,,Fase 1 (4º ano)
RA-616,1,M,Aluno-616,2010.0,12.0,Masculino,2019,Escola Pública,7.303,7.4,7.4,7.5,8.8,9.2,8.5,,,,7.278,5.0,Fase 3 (7º e 8º ano),0.0,PEDE2022,12.0,,,,,,,,,,Fase 3 (7º e 8º ano)
RA-617,1,M,Aluno-617,2011.0,11.0,Feminino,2021,Escola Pública,7.107,8.5,8.9,7.5,6.3,4.5,8.0,,,,6.778,5.0,Fase 2 (5º e 6º ano),0.0,PEDE2022,11.0,,,,,,,,,,Fase 2 (5º e 6º ano)
RA-618,1,M,Aluno-618,2009.0,13.0,Masculino,2020,Escola Pública,7.18,8.9,8.3,7.5,6.7,6.8,6.5,,,,7.333,5.0,Fase 3 (7º e 8º ano),0.0,PEDE2022,13.0,,,,,,,,,,Fase 3 (7º e 8º ano)
RA-619,1,M,Aluno-619,2011.0,11.0,Feminino,2021,Escola Pública,7.693,9.5,8.0,7.5,9.0,9.2,8.8,,,,7.333,5.0,Fase 2 (5º e 6º ano),0.0,PEDE2022,11.0,,,,,,,,,,Fase 2 (5º e 6º ano)
RA-620,1,M,Aluno-620,2010.0,12.0,Masculino,2021,Escola Pública,6.018,0.0,7.5,7.5,6.8,8.5,5.0,,,,6.833,5.0,Fase 3 (7º e 8º ano),0.0,PEDE2022,12.0,,,,,,,,,,Fase 3 (7º e 8º ano)
RA-621,1,M,Aluno-621,2012.0,10.0,Masculino,2020,Escola Pública,7.448,9.5,7.7,7.5,7.5,6.8,8.2,,,,8.222,5.0,Fase 2 (5º e 6º ano),0.0,PEDE2022,10.0,,,,,,,,,,Fase 2 (5º e 6º ano)
RA-622,1,N,Aluno-622,2010.0,12.0,Feminino,2019,Escola Pública,4.934,3.5,3.8,7.5,3.8,4.8,2.7,,,,6.0,5.0,Fase 3 (7º e 8º ano),0.0,PEDE2022,12.0,,,,,,,,,,Fase 3 (7º e 8º ano)
RA-623,1,N,Aluno-623,2009.0,13.0,Masculino,2022,Escola Pública,7.524,7.5,9.0,7.5,8.3,9.3,7.2,,,,7.389,5.0,Fase 3 (7º e 8º ano),0.0,PEDE2022,13.0,,,,,,,,,,Fase 3 (7º e 8º ano)
RA-624,1,N,Aluno-624,2012.0,10.0,Masculino,2022,Escola Pública,7.425,9.0,8.9,7.5,6.8,8.0,5.5,,,,7.722,5.0,Fase 2 (5º e 6º ano),0.0,PEDE2022,10.0,,,,,,,,,,Fase 2 (5º e 6º ano)
RA-625,1,N,Aluno-625,2011.0,11.0,Masculino,2022,Escola Pública,7.483,8.0,9.2,7.5,7.8,8.5,7.0,,,,7.333,5.0,Fase 2 (5º e 6º ano),0.0,PEDE2022,11.0,,,,,,,,,,Fase 2 (5º e 6º ano)
RA-626,1,N,Aluno-626,2011.0,11.0,Masculino,2021,Escola Pública,5.818,7.4,7.6,7.5,1.3,2.5,0.0,,,,7.278,5.0,Fase 2 (5º e 6º ano),0.0,PEDE2022,11.0,,,,,,,,,,Fase 2 (5º e 6º ano)
RA-627,1,N,Aluno-627,2012.0,10.0,Feminino,2022,Escola Pública,6.621,7.0,6.7,7.5,6.5,6.2,6.8,,,,7.0,5.0,Fase 2 (5º e 6º ano),0.0,PEDE2022,10.0,,,,,,,,,,Fase 2 (5º e 6º ano)
RA-628,1,N,Aluno-628,2011.0,11.0,Masculino,2022,Escola Pública,7.577,9.5,7.6,7.5,9.2,9.3,9.0,,,,7.333,5.0,Fase 2 (5º e 6º ano),0.0,PEDE2022,11.0,,,,,,,,,,Fase 2 (5º e 6º ano)
RA-629,1,N,Aluno-629,2013.0,9.0,Masculino,2022,Escola Pública,8.11,9.0,10.0,7.5,7.0,5.0,9.0,,,,7.278,10.0,Fase 1 (4º ano),0.0,PEDE2022,9.0,,,,,,,,,,Fase 1 (4º ano)
RA-630,1,N,Aluno-630,2013.0,9.0,Masculino,2022,Escola Pública,8.064,9.5,9.2,7.5,7.3,6.5,8.0,,,,7.278,10.0,Fase 1 (4º ano),0.0,PEDE2022,9.0,,,,,,,,,,Fase 1 (4º ano)
RA-631,1,N,Aluno-631,2010.0,12.0,Masculino,2022,Escola Pública,6.928,8.5,6.8,7.5,7.0,7.3,6.7,,,,7.222,5.0,Fase 3 (7º e 8º ano),0.0,PEDE2022,12.0,,,,,,,,,,Fase 3 (7º e 8º ano)
RA-632,1,P,Aluno-632,2012.0,10.0,Feminino,2022,Escola Pública,6.996,8.5,9.3,6.9,6.3,5.5,7.2,,,,6.722,5.0,Fase 2 (5º e 6º ano),0.0,PEDE2022,10.0,,,,,,,,,,Fase 2 (5º e 6º ano)
RA-633,1,P,Aluno-633,2011.0,11.0,Feminino,2020,Escola Pública,7.476,7.3,8.9,7.5,7.7,6.8,8.5,,,,7.833,5.0,Fase 2 (5º e 6º ano),0.0,PEDE2022,11.0,,,,,,,,,,Fase 2 (5º e 6º ano)
RA-634,1,P,Aluno-634,2011.0,11.0,Feminino,2022,Escola Pública,7.619,9.5,9.4,7.5,6.5,8.0,5.0,,,,8.222,5.0,Fase 2 (5º e 6º ano),0.0,PEDE2022,11.0,,,,,,,,,,Fase 2 (5º e 6º ano)
RA-635,1,P,Aluno-635,2012.0,10.0,Masculino,2022,Escola Pública,5.313,10.0,4.9,6.9,1.5,0.5,2.5,,,,6.444,5.0,Fase 2 (5º e 6º ano),0.0,PEDE2022,10.0,,,,,,,,,,Fase 2 (5º e 6º ano)
RA-636,1,P,Aluno-636,2012.0,10.0,Masculino,2022,Escola Pública,7.189,8.5,8.0,6.9,7.3,7.3,7.3,,Sim,,7.389,5.0,Fase 2 (5º e 6º ano),0.0,PEDE2022,10.0,,,,,,,,,,Fase 2 (5º e 6º ano)
RA-637,1,P,Aluno-637,2012.0,10.0,Feminino,2021,Escola Pública,7.039,8.5,9.0,7.5,5.8,4.8,6.8,,,,7.0,5.0,Fase 2 (5º e 6º ano),0.0,PEDE2022,10.0,,,,,,,,,,Fase 2 (5º e 6º ano)
RA-638,1,P,Aluno-638,2013.0,9.0,Feminino,2020,Escola Pública,7.059,8.5,9.3,7.5,3.9,2.0,5.8,,,,6.278,10.0,Fase 1 (4º ano),0.0,PEDE2022,9.0,,,,,,,,,,Fase 1 (4º ano)
RA-639,1,P,Aluno-639,2012.0,10.0,Feminino,2021,Escola Pública,6.613,8.5,7.4,7.5,5.5,3.2,7.8,,,,6.611,5.0,Fase 2 (5º e 6º ano),0.0,PEDE2022,10.0,,,,,,,,,,Fase 2 (5º e 6º ano)
RA-640,1,P,Aluno-640,2011.0,11.0,Feminino,2022,Escola Pública,6.73,9.0,8.4,7.5,4.8,2.5,7.0,,,,6.778,5.0,Fase 2 (5º e 6º ano),0.0,PEDE2022,11.0,,,,,,,,,,Fase 2 (5º e 6º ano)
RA-641,1,P,Aluno-641,2013.0,9.0,Feminino,2022,Escola Pública,7.776,9.0,9.3,7.5,6.5,4.5,8.5,,,,6.778,10.0,Fase 1 (4º ano),0.0,PEDE2022,9.0,,,,,,,,,,Fase 1 (4º ano)
RA-642,1,P,Aluno-642,2012.0,10.0,Feminino,2021,Escola Pública,7.75,10.0,9.7,6.9,7.3,7.0,7.7,,,,7.778,5.0,Fase 2 (5º e 6º ano),0.0,PEDE2022,10.0,,,,,,,,,,Fase 2 (5º e 6º ano)
RA-643,1,P,Aluno-643,2012.0,10.0,Masculino,2022,Escola Pública,6.763,9.0,8.0,7.5,6.2,6.3,6.0,,,,6.722,5.0,Fase 2 (5º e 6º ano),0.0,PEDE2022,10.0,,,,,,,,,,Fase 2 (5º e 6º ano)
RA-644,1,P,Aluno-644,2011.0,11.0,Feminino,2021,Escola Pública,7.83,9.5,8.0,7.5,8.8,9.7,8.0,,Sim,,8.278,5.0,Fase 2 (5º e 6º ano),0.0,PEDE2022,11.0,,,,,,,,,,Fase 2 (5º e 6º ano)
RA-645,1,P,Aluno-645,2012.0,10.0,Feminino,2022,Escola Pública,6.086,8.5,8.1,7.5,2.0,4.0,0.0,,,,6.833,5.0,Fase 2 (5º e 6º ano),0.0,PEDE2022,10.0,,,,,,,,,,Fase 2 (5º e 6º ano)
RA-646,1,R,Aluno-646,2009.0,13.0,Masculino,2019,Escola Pública,8.181,8.5,9.8,8.1,8.4,8.8,8.0,,Sim,Sim,8.389,5.0,Fase 3 (7º e 8º ano),0.0,PEDE2022,13.0,,,,,,,,,,Fase 3 (7º e 8º ano)
RA-647,1,R,Aluno-647,2012.0,10.0,Masculino,2022,Escola Pública,6.606,9.5,8.6,7.5,3.3,1.5,5.2,,,,7.278,5.0,Fase 2 (5º e 6º ano),0.0,PEDE2022,10.0,,,,,,,,,,Fase 2 (5º e 6º ano)
RA-648,1,R,Aluno-648,2010.0,12.0,Masculino,2019,Escola Pública,6.736,9.0,7.5,6.9,5.3,5.0,5.5,,,,7.5,5.0,Fase 3 (7º e 8º ano),0.0,PEDE2022,12.0,,,,,,,,,,Fase 3 (7º e 8º ano)
RA-649,1,R,Aluno-649,2010.0,12.0,Feminino,2019,Escola Pública,7.302,8.5,8.9,5.6,7.4,6.3,8.5,,,,7.611,5.0,Fase 3 (7º e 8º ano),0.0,PEDE2022,12.0,,,,,,,,,,Fase 3 (7º e 8º ano)
RA-650,1,R,Aluno-650,2011.0,11.0,Feminino,2021,Escola Pública,7.004,6.9,8.7,5.6,6.9,5.5,8.3,,,,7.5,5.0,Fase 2 (5º e 6º ano),0.0,PEDE2022,11.0,,,,,,,,,,Fase 2 (5º e 6º ano)
RA-651,1,R,Aluno-651,2012.0,10.0,Feminino,2022,Escola Pública,7.866,8.5,9.3,7.5,7.8,7.7,7.8,,Sim,,8.333,5.0,Fase 2 (5º e 6º ano),0.0,PEDE2022,10.0,,,,,,,,,,Fase 2 (5º e 6º ano)
RA-652,1,R,Aluno-652,2013.0,9.0,Feminino,2022,Escola Pública,8.151,8.0,9.6,7.5,7.8,7.0,8.5,,,,7.5,10.0,Fase 1 (4º ano),0.0,PEDE2022,9.0,,,,,,,,,,Fase 1 (4º ano)
RA-653,1,R,Aluno-653,2011.0,11.0,Feminino,2022,Escola Pública,8.101,9.5,9.6,7.5,9.3,9.5,9.0,,,,7.5,5.0,Fase 2 (5º e 6º ano),0.0,PEDE2022,11.0,,,,,,,,,,Fase 2 (5º e 6º ano)
RA-654,1,R,Aluno-654,2010.0,12.0,Feminino,2022,Escola Pública,7.308,8.5,8.6,7.5,6.8,5.5,8.0,,,,7.556,5.0,Fase 3 (7º e 8º ano),0.0,PEDE2022,12.0,,,,,,,,,,Fase 3 (7º e 8º ano)
RA-655,1,R,Aluno-655,2010.0,12.0,Feminino,2019,Escola Pública,7.785,7.5,9.2,7.5,8.3,8.3,8.2,,Sim,Sim,8.389,5.0,Fase 3 (7º e 8º ano),0.0,PEDE2022,12.0,,,,,,,,,,Fase 3 (7º e 8º ano)
RA-656,1,R,Aluno-656,2011.0,11.0,Feminino,2020,Escola Pública,6.652,7.4,7.5,5.6,6.3,5.0,7.5,,,,7.5,5.0,Fase 2 (5º e 6º ano),0.0,PEDE2022,11.0,,,,,,,,,,Fase 2 (5º e 6º ano)
RA-657,1,R,Aluno-657,2010.0,12.0,Feminino,2021,Escola Pública,8.093,9.5,9.8,7.5,9.0,9.0,9.0,,,,7.5,5.0,Fase 3 (7º e 8º ano),0.0,PEDE2022,12.0,,,,,,,,,,Fase 3 (7º e 8º ano)
RA-658,1,U,Aluno-658,2012.0,10.0,Feminino,2022,Escola Pública,7.407,10.0,9.3,7.5,5.6,4.7,6.5,,,,7.917,5.0,Fase 2 (5º e 6º ano),0.0,PEDE2022,10.0,,,,,,,,,,Fase 2 (5º e 6º ano)
RA-659,1,U,Aluno-659,2012.0,10.0,Feminino,2022,Escola Pública,7.783,8.0,7.8,7.5,9.3,9.5,9.0,,,,8.333,5.0,Fase 2 (5º e 6º ano),0.0,PEDE2022,10.0,,,,,,,,,,Fase 2 (5º e 6º ano)
RA-660,1,U,Aluno-660,2013.0,9.0,Feminino,2021,Escola Pública,8.363,9.5,9.0,7.5,6.9,5.8,8.0,,,Sim,9.083,10.0,Fase 1 (4º ano),0.0,PEDE2022,9.0,,,,,,,,,,Fase 1 (4º ano)
RA-661,1,U,Aluno-661,2011.0,11.0,Masculino,2022,Escola Pública,7.593,9.0,8.3,7.5,7.8,8.3,7.3,,,,7.917,5.0,Fase 2 (5º e 6º ano),0.0,PEDE2022,11.0,,,,,,,,,,Fase 2 (5º e 6º ano)
RA-662,1,U,Aluno-662,2011.0,11.0,Feminino,2022,Escola Pública,7.044,9.0,8.8,7.5,6.8,5.7,7.8,,,,6.083,5.0,Fase 2 (5º e 6º ano),0.0,PEDE2022,11.0,,,,,,,,,,Fase 2 (5º e 6º ano)
RA-663,1,U,Aluno-663,2012.0,10.0,Masculino,2022,Escola Pública,6.376,6.9,8.7,7.5,5.8,5.0,6.5,,,,5.25,5.0,Fase 2 (5º e 6º ano),0.0,PEDE2022,10.0,,,,,,,,,,Fase 2 (5º e 6º ano)
RA-664,1,U,Aluno-664,2012.0,10.0,Feminino,2022,Escola Pública,7.277,9.5,8.8,7.5,6.3,5.0,7.5,,,,7.167,5.0,Fase 2 (5º e 6º ano),0.0,PEDE2022,10.0,,,,,,,,,,Fase 2 (5º e 6º ano)
RA-665,1,U,Aluno-665,2011.0,11.0,Feminino,2022,Escola Pública,6.996,9.0,7.4,7.5,6.8,6.5,7.0,,,,7.25,5.0,Fase 2 (5º e 6º ano),0.0,PEDE2022,11.0,,,,,,,,,,Fase 2 (5º e 6º ano)
RA-666,1,U,Aluno-666,2012.0,10.0,Masculino,2022,Escola Pública,7.929,9.5,9.1,7.5,7.8,8.0,7.5,,,Sim,8.833,5.0,Fase 2 (5º e 6º ano),0.0,PEDE2022,10.0,,,,,,,,,,Fase 2 (5º e 6º ano)
RA-667,1,U,Aluno-667,2011.0,11.0,Masculino,2021,Escola Pública,5.844,8.5,5.6,7.5,4.5,3.7,5.3,,,,5.833,5.0,Fase 2 (5º e 6º ano),0.0,PEDE2022,11.0,,,,,,,,,,Fase 2 (5º e 6º ano)
RA-668,1,U,Aluno-668,2011.0,11.0,Masculino,2022,Escola Pública,4.365,6.9,3.3,7.5,2.8,2.8,2.8,,,,3.75,5.0,Fase 2 (5º e 6º ano),0.0,PEDE2022,11.0,,,,,,,,,,Fase 2 (5º e 6º ano)
RA-669,1,U,Aluno-669,2011.0,11.0,Masculino,2022,Escola Pública,7.475,9.0,9.7,7.5,6.0,5.0,7.0,,,,7.833,5.0,Fase 2 (5º e 6º ano),0.0,PEDE2022,11.0,,,,,,,,,,Fase 2 (5º e 6º ano)
RA-670,1,U,Aluno-670,2012.0,10.0,Feminino,2022,Escola Pública,7.451,8.0,8.8,7.5,6.9,6.5,7.3,,,,8.167,5.0,Fase 2 (5º e 6º ano),0.0,PEDE2022,10.0,,,,,,,,,,Fase 2 (5º e 6º ano)
RA-671,0,A,Aluno-671,2013.0,9.0,Masculino,2021,Escola Pública,7.617,8.5,8.2,8.1,8.8,8.8,8.8,,,,7.417,5.0,Fase 1 (4º ano),0.0,PEDE2022,9.0,,,,,,,,,,Fase 1 (4º ano)
RA-672,0,A,Aluno-672,2013.0,9.0,Feminino,2021,Escola Pública,7.48,8.5,8.5,8.1,8.8,8.5,9.1,,,,6.75,5.0,Fase 1 (4º ano),0.0,PEDE2022,9.0,,,,,,,,,,Fase 1 (4º ano)
RA-673,0,A,Aluno-673,2014.0,8.0,Feminino,2022,Escola Pública,8.65,8.5,9.2,8.1,9.2,9.4,8.9,,Sim,Sim,8.583,10.0,ALFA  (2º e 3º ano),0.0,PEDE2022,8.0,,,,,,,,,,ALFA  (2º e 3º ano)
RA-674,0,A,Aluno-674,2014.0,8.0,Masculino,2022,Escola Pública,7.862,9.5,8.7,8.1,8.0,8.9,7.0,,,,6.333,10.0,ALFA  (2º e 3º ano),0.0,PEDE2022,8.0,,,,,,,,,,ALFA  (2º e 3º ano)
RA-675,0,A,Aluno-675,2014.0,8.0,Masculino,2022,Escola Pública,7.576,10.0,6.6,8.1,7.4,8.8,5.9,,Sim,,7.083,10.0,ALFA  (2º e 3º ano),0.0,PEDE2022,8.0,,,,,,,,,,ALFA  (2º e 3º ano)
RA-676,0,A,Aluno-676,2013.0,9.0,Masculino,2021,Escola Pública,7.911,8.5,8.6,8.1,9.3,9.5,9.1,,Sim,,8.167,5.0,Fase 1 (4º ano),0.0,PEDE2022,9.0,,,,,,,,,,Fase 1 (4º ano)
RA-677,0,B,Aluno-677,2014.0,8.0,Feminino,2021,Escola Pública,8.358,10.0,9.4,7.5,7.3,7.7,6.8,,,Sim,8.583,10.0,ALFA  (2º e 3º ano),0.0,PEDE2022,8.0,,,,,,,,,,ALFA  (2º e 3º ano)
RA-678,0,B,Aluno-678,2013.0,9.0,Masculino,2022,Escola Pública,8.0,9.0,10.0,6.9,7.3,7.5,7.0,,,Sim,9.5,5.0,Fase 1 (4º ano),0.0,PEDE2022,9.0,,,,,,,,,,Fase 1 (4º ano)
RA-679,0,B,Aluno-679,2012.0,10.0,Masculino,2020,Escola Pública,7.172,9.0,8.2,7.5,6.3,6.7,5.8,,,,7.833,5.0,Fase 2 (5º e 6º ano),0.0,PEDE2022,10.0,,,,,,,,,,Fase 2 (5º e 6º ano)
RA-680,0,B,Aluno-680,2012.0,10.0,Feminino,2019,Escola Pública,7.518,9.5,8.8,7.5,7.4,8.0,6.8,,,,7.75,5.0,Fase 2 (5º e 6º ano),0.0,PEDE2022,10.0,,,,,,,,,,Fase 2 (5º e 6º ano)
RA-681,0,B,Aluno-681,2012.0,10.0,Masculino,2022,Escola Pública,7.204,8.5,8.5,6.9,6.5,6.5,6.5,,,,8.0,5.0,Fase 2 (5º e 6º ano),0.0,PEDE2022,10.0,,,,,,,,,,Fase 2 (5º e 6º ano)
RA-682,0,B,Aluno-682,2011.0,11.0,Masculino,2022,Escola Pública,7.625,9.5,9.1,7.5,7.0,7.0,7.0,,,,8.083,5.0,Fase 2 (5º e 6º ano),0.0,PEDE2022,11.0,,,,,,,,,,Fase 2 (5º e 6º ano)
RA-683,0,C,Aluno-683,2012.0,10.0,Masculino,2022,Escola Pública,6.011,7.9,5.0,7.5,4.0,8.0,0.0,,,,8.083,5.0,Fase 2 (5º e 6º ano),0.0,PEDE2022,10.0,,,,,,,,,,Fase 2 (5º e 6º ano)
RA-684,0,C,Aluno-684,2015.0,7.0,Masculino,2022,Escola Pública,8.26,9.5,7.5,8.1,9.3,9.0,9.6,,,,7.917,10.0,ALFA  (2º e 3º ano),0.0,PEDE2022,7.0,,,,,,,,,,ALFA  (2º e 3º ano)
RA-685,0,C,Aluno-685,2013.0,9.0,Masculino,2022,Escola Pública,6.864,9.0,6.2,5.0,8.0,8.0,8.0,,,,7.833,5.0,Fase 1 (4º ano),0.0,PEDE2022,9.0,,,,,,,,,,Fase 1 (4º ano)
RA-686,0,D,Aluno-686,2013.0,9.0,Feminino,2022,Escola Pública,7.729,7.5,8.6,8.1,8.8,9.2,8.5,,,,8.083,5.0,Fase 1 (4º ano),0.0,PEDE2022,9.0,,,,,,,,,,Fase 1 (4º ano)
RA-687,0,D,Aluno-687,2013.0,9.0,Masculino,2022,Escola Pública,7.703,8.5,9.0,8.1,8.3,9.0,7.5,,,,8.0,5.0,Fase 1 (4º ano),0.0,PEDE2022,9.0,,,,,,,,,,Fase 1 (4º ano)
RA-688,0,D,Aluno-688,2013.0,9.0,Masculino,2022,Escola Pública,7.771,8.5,9.7,7.5,7.9,8.0,7.8,,,,7.917,5.0,Fase 1 (4º ano),0.0,PEDE2022,9.0,,,,,,,,,,Fase 1 (4º ano)
RA-689,0,D,Aluno-689,2013.0,9.0,Feminino,2022,Escola Pública,6.433,7.4,7.9,5.6,5.8,6.0,5.5,,,,6.667,5.0,Fase 1 (4º ano),0.0,PEDE2022,9.0,,,,,,,,,,Fase 1 (4º ano)
RA-690,0,D,Aluno-690,2013.0,9.0,Feminino,2022,Escola Pública,7.541,9.5,9.5,7.5,7.0,7.2,6.8,,,,7.417,5.0,Fase 1 (4º ano),0.0,PEDE2022,9.0,,,,,,,,,,Fase 1 (4º ano)
RA-691,0,D,Aluno-691,2014.0,8.0,Feminino,2022,Escola Pública,8.68,10.0,9.2,8.1,9.4,9.6,9.3,,,,7.917,10.0,ALFA  (2º e 3º ano),0.0,PEDE2022,8.0,,,,,,,,,,ALFA  (2º e 3º ano)
RA-692,0,D,Aluno-692,2013.0,9.0,Feminino,2021,Escola Pública,7.569,9.5,8.9,8.1,6.9,7.0,6.8,,,,7.917,5.0,Fase 1 (4º ano),0.0,PEDE2022,9.0,,,,,,,,,,Fase 1 (4º ano)
RA-693,0,D,Aluno-693,2015.0,7.0,Feminino,2022,Escola Pública,7.944,9.5,9.8,8.1,5.7,5.0,6.3,,,,7.667,10.0,ALFA  (2º e 3º ano),0.0,PEDE2022,7.0,,,,,,,,,,ALFA  (2º e 3º ano)
RA-694,0,D,Aluno-694,2014.0,8.0,Masculino,2022,Escola Pública,8.378,10.0,9.0,8.1,8.1,8.2,8.0,,,,7.917,10.0,ALFA  (2º e 3º ano),0.0,PEDE2022,8.0,,,,,,,,,,ALFA  (2º e 3º ano)
RA-695,0,E,Aluno-695,2014.0,8.0,Feminino,2021,Escola Pública,4.28,9.0,3.1,7.5,2.5,2.2,2.8,,,,2.5,10.0,ALFA  (2º e 3º ano),0.0,PEDE2022,8.0,,,,,,,,,,ALFA  (2º e 3º ano)
RA-696,0,E,Aluno-696,2013.0,9.0,Feminino,2021,Escola Pública,7.441,8.5,9.0,7.5,6.6,6.5,6.7,,,,8.167,5.0,Fase 1 (4º ano),0.0,PEDE2022,9.0,,,,,,,,,,Fase 1 (4º ano)
RA-697,0,E,Aluno-697,2011.0,11.0,Masculino,2021,Escola Pública,7.675,7.0,9.3,7.5,8.4,8.8,8.0,,,,8.083,5.0,Fase 2 (5º e 6º ano),0.0,PEDE2022,11.0,,,,,,,,,,Fase 2 (5º e 6º ano)
RA-698,0,E,Aluno-698,2013.0,9.0,Masculino,2021,Escola Pública,7.44,9.0,9.8,2.5,8.1,8.0,8.2,,,,8.083,5.0,Fase 1 (4º ano),0.0,PEDE2022,9.0,,,,,,,,,,Fase 1 (4º ano)
RA-699,0,E,Aluno-699,2013.0,9.0,Masculino,2022,Escola Pública,6.658,5.2,9.2,7.5,7.1,7.5,6.7,,,,6.0,5.0,Fase 1 (4º ano),0.0,PEDE2022,9.0,,,,,,,,,,Fase 1 (4º ano)
RA-700,0,F,Aluno-700,2013.0,9.0,Feminino,2022,Escola Pública,7.738,9.0,8.7,7.5,9.2,9.2,9.2,,,,7.083,5.0,Fase 1 (4º ano),0.0,PEDE2022,9.0,,,,,,,,,,Fase 1 (4º ano)
RA-701,0,F,Aluno-701,2012.0,10.0,Masculino,2021,Escola Pública,7.755,9.0,9.3,7.5,8.7,8.7,8.7,,,,7.417,5.0,Fase 2 (5º e 6º ano),0.0,PEDE2022,10.0,,,,,,,,,,Fase 2 (5º e 6º ano)
RA-702,0,F,Aluno-702,2014.0,8.0,Feminino,2022,Escola Pública,7.387,10.0,8.6,5.0,6.8,7.0,6.7,,,,7.0,10.0,ALFA  (2º e 3º ano),0.0,PEDE2022,8.0,,,,,,,,,,ALFA  (2º e 3º ano)
RA-703,0,F,Aluno-703,2012.0,10.0,Masculino,2021,Escola Pública,6.099,7.5,7.4,5.0,5.1,5.3,4.8,,,,6.833,5.0,Fase 2 (5º e 6º ano),0.0,PEDE2022,10.0,,,,,,,,,,Fase 2 (5º e 6º ano)
RA-704,0,F,Aluno-704,2012.0,10.0,Masculino,2022,Escola Pública,6.741,9.0,8.6,5.0,7.2,7.7,6.6,,,,6.583,5.0,Fase 2 (5º e 6º ano),0.0,PEDE2022,10.0,,,,,,,,,,Fase 2 (5º e 6º ano)
RA-705,0,F,Aluno-705,2012.0,10.0,Masculino,2022,Escola Pública,6.634,9.5,6.2,7.5,7.1,7.0,7.2,,,,6.333,5.0,Fase 2 (5º e 6º ano),0.0,PEDE2022,10.0,,,,,,,,,,Fase 2 (5º e 6º ano)
RA-706,0,F,Aluno-706,2012.0,10.0,Feminino,2021,Escola Pública,7.659,9.5,6.7,7.5,9.1,9.1,9.1,,,Sim,8.417,5.0,Fase 2 (5º e 6º ano),0.0,PEDE2022,10.0,,,,,,,,,,Fase 2 (5º e 6º ano)
RA-707,0,F,Aluno-707,2012.0,10.0,Feminino,2020,Escola Pública,7.679,10.0,8.1,6.9,8.5,8.8,8.2,,,,8.083,5.0,Fase 2 (5º e 6º ano),0.0,PEDE2022,10.0,,,,,,,,,,Fase 2 (5º e 6º ano)
RA-708,0,F,Aluno-708,2013.0,9.0,Masculino,2022,Escola Pública,7.282,8.0,8.4,7.5,7.3,7.1,7.6,,,,7.583,5.0,Fase 1 (4º ano),0.0,PEDE2022,9.0,,,,,,,,,,Fase 1 (4º ano)
RA-709,0,F,Aluno-709,2012.0,10.0,Feminino,2022,Escola Pública,5.313,9.5,3.5,7.5,2.3,2.3,2.3,,,,7.083,5.0,Fase 2 (5º e 6º ano),0.0,PEDE2022,10.0,,,,,,,,,,Fase 2 (5º e 6º ano)
RA-710,0,G,Aluno-710,2012.0,10.0,Masculino,2020,Escola Pública,7.285,9.5,8.9,5.0,6.9,7.0,6.8,,,,8.0,5.0,Fase 2 (5º e 6º ano),0.0,PEDE2022,10.0,,,,,,,,,,Fase 2 (5º e 6º ano)
RA-711,0,G,Aluno-711,2013.0,9.0,Masculino,2022,Escola Pública,6.04,9.0,7.9,6.3,3.5,4.0,3.0,,,,6.0,5.0,Fase 1 (4º ano),0.0,PEDE2022,9.0,,,,,,,,,,Fase 1 (4º ano)
RA-712,0,G,Aluno-712,2011.0,11.0,Masculino,2019,Escola Pública,6.026,8.0,5.1,5.0,8.0,8.7,7.3,,,,5.833,5.0,Fase 2 (5º e 6º ano),0.0,PEDE2022,11.0,,,,,,,,,,Fase 2 (5º e 6º ano)
RA-713,0,G,Aluno-713,2013.0,9.0,Masculino,2021,Escola Pública,7.42,10.0,8.7,7.5,7.8,8.0,7.7,,,,7.25,5.0,Fase 1 (4º ano),0.0,PEDE2022,9.0,,,,,,,,,,Fase 1 (4º ano)
RA-714,0,G,Aluno-714,2011.0,11.0,Masculino,2019,Escola Pública,6.953,9.0,6.9,5.6,8.0,8.5,7.5,,,,7.25,5.0,Fase 2 (5º e 6º ano),0.0,PEDE2022,11.0,,,,,,,,,,Fase 2 (5º e 6º ano)
RA-715,0,G,Aluno-715,2013.0,9.0,Feminino,2022,Escola Pública,6.656,8.5,8.7,4.4,4.9,4.8,5.0,,,,7.917,5.0,Fase 1 (4º ano),0.0,PEDE2022,9.0,,,,,,,,,,Fase 1 (4º ano)
RA-716,0,G,Aluno-716,2013.0,9.0,Masculino,2022,Escola Pública,6.525,8.9,8.1,7.5,6.7,7.3,6.0,,,,5.417,5.0,Fase 1 (4º ano),0.0,PEDE2022,9.0,,,,,,,,,,Fase 1 (4º ano)
RA-717,0,G,Aluno-717,2012.0,10.0,Feminino,2021,Escola Pública,6.832,9.0,7.3,7.5,5.4,5.0,5.8,,,,7.917,5.0,Fase 2 (5º e 6º ano),0.0,PEDE2022,10.0,,,,,,,,,,Fase 2 (5º e 6º ano)
RA-718,0,G,Aluno-718,2014.0,8.0,Feminino,2022,Escola Pública,8.093,8.0,8.9,6.3,9.2,9.2,9.2,,,,7.417,10.0,ALFA  (2º e 3º ano),0.0,PEDE2022,8.0,,,,,,,,,,ALFA  (2º e 3º ano)
RA-719,0,G,Aluno-719,2012.0,10.0,Feminino,2021,Escola Pública,5.552,9.0,4.6,7.5,4.2,5.0,3.3,,,,6.083,5.0,Fase 2 (5º e 6º ano),0.0,PEDE2022,10.0,,,,,,,,,,Fase 2 (5º e 6º ano)
RA-720,0,G,Aluno-720,2013.0,9.0,Feminino,2021,Escola Pública,6.731,8.0,5.9,7.5,7.6,7.3,7.8,,,,7.083,5.0,Fase 1 (4º ano),0.0,PEDE2022,9.0,,,,,,,,,,Fase 1 (4º ano)
RA-721,0,G,Aluno-721,2014.0,8.0,Feminino,2021,Escola Pública,7.973,9.5,8.1,7.5,7.6,8.2,7.0,,,,7.917,10.0,ALFA  (2º e 3º ano),0.0,PEDE2022,8.0,,,,,,,,,,ALFA  (2º e 3º ano)
RA-722,0,G,Aluno-722,2013.0,9.0,Feminino,2021,Escola Pública,7.41,10.0,8.1,4.4,8.1,7.8,8.3,,,,8.333,5.0,Fase 1 (4º ano),0.0,PEDE2022,9.0,,,,,,,,,,Fase 1 (4º ano)
RA-723,0,H,Aluno-723,2014.0,8.0,Feminino,2022,Escola Pública,7.426,10.0,6.6,8.1,5.5,5.3,5.7,,,,8.167,10.0,ALFA  (2º e 3º ano),0.0,PEDE2022,8.0,,,,,,,,,,ALFA  (2º e 3º ano)
RA-724,0,H,Aluno-724,2014.0,8.0,Feminino,2022,Escola Pública,6.931,9.5,5.9,5.6,5.6,2.9,8.3,,,,8.0,10.0,ALFA  (2º e 3º ano),0.0,PEDE2022,8.0,,,,,,,,,,ALFA  (2º e 3º ano)
RA-725,0,H,Aluno-725,2014.0,8.0,Masculino,2022,Escola Pública,6.33,8.0,5.9,8.1,5.0,4.0,6.0,,,,5.5,10.0,ALFA  (2º e 3º ano),0.0,PEDE2022,8.0,,,,,,,,,,ALFA  (2º e 3º ano)
RA-726,0,H,Aluno-726,2015.0,7.0,Feminino,2022,Escola Pública,6.985,10.0,7.5,7.5,4.4,5.8,3.0,,,,6.583,10.0,ALFA  (2º e 3º ano),0.0,PEDE2022,7.0,,,,,,,,,,ALFA  (2º e 3º ano)
RA-727,0,H,Aluno-727,2014.0,8.0,Masculino,2022,Escola Pública,7.736,9.0,7.7,8.1,8.4,9.3,7.4,,,,6.75,10.0,ALFA  (2º e 3º ano),0.0,PEDE2022,8.0,,,,,,,,,,ALFA  (2º e 3º ano)
RA-728,0,H,Aluno-728,2014.0,8.0,Feminino,2022,Escola Pública,8.244,9.5,7.3,8.1,9.1,9.3,8.9,,,,8.167,10.0,ALFA  (2º e 3º ano),0.0,PEDE2022,8.0,,,,,,,,,,ALFA  (2º e 3º ano)
RA-729,0,H,Aluno-729,2014.0,8.0,Feminino,2022,Escola Pública,8.155,10.0,8.7,8.1,8.1,8.5,7.8,,,,7.25,10.0,ALFA  (2º e 3º ano),0.0,PEDE2022,8.0,,,,,,,,,,ALFA  (2º e 3º ano)
RA-730,0,I,Aluno-730,2012.0,10.0,Feminino,2021,Escola Pública,7.902,10.0,8.2,8.8,8.3,8.7,8.0,,,,8.25,5.0,Fase 2 (5º e 6º ano),0.0,PEDE2022,10.0,,,,,,,,,,Fase 2 (5º e 6º ano)
RA-731,0,I,Aluno-731,2012.0,10.0,Feminino,2019,Escola Pública,7.151,9.0,8.5,6.9,7.3,7.3,7.2,,,,7.083,5.0,Fase 2 (5º e 6º ano),0.0,PEDE2022,10.0,,,,,,,,,,Fase 2 (5º e 6º ano)
RA-732,0,I,Aluno-732,2013.0,9.0,Masculino,2022,Escola Pública,7.347,9.0,7.9,8.8,7.2,7.5,6.8,,,,7.5,5.0,Fase 1 (4º ano),0.0,PEDE2022,9.0,,,,,,,,,,Fase 1 (4º ano)
RA-733,0,J,Aluno-733,2013.0,9.0,Feminino,2022,Escola Pública,6.684,9.5,8.5,5.6,5.1,6.0,4.2,,,,6.917,5.0,Fase 1 (4º ano),0.0,PEDE2022,9.0,,,,,,,,,,Fase 1 (4º ano)
RA-734,0,J,Aluno-734,2012.0,10.0,Feminino,2022,Escola Pública,6.952,9.5,7.2,5.6,7.3,8.0,6.5,,,,7.417,5.0,Fase 2 (5º e 6º ano),0.0,PEDE2022,10.0,,,,,,,,,,Fase 2 (5º e 6º ano)
RA-735,0,J,Aluno-735,2012.0,10.0,Feminino,2021,Escola Pública,7.485,9.0,9.0,5.6,7.3,7.8,6.7,,,Sim,8.583,5.0,Fase 2 (5º e 6º ano),0.0,PEDE2022,10.0,,,,,,,,,,Fase 2 (5º e 6º ano)
RA-736,0,J,Aluno-736,2012.0,10.0,Masculino,2022,Escola Pública,6.707,9.0,8.5,5.6,5.4,4.7,6.2,,,,7.0,5.0,Fase 2 (5º e 6º ano),0.0,PEDE2022,10.0,,,,,,,,,,Fase 2 (5º e 6º ano)
RA-737,0,J,Aluno-737,2013.0,9.0,Feminino,2022,Escola Pública,8.058,9.5,9.2,5.6,9.0,8.5,9.5,,,Sim,9.167,5.0,Fase 1 (4º ano),0.0,PEDE2022,9.0,,,,,,,,,,Fase 1 (4º ano)
RA-738,0,J,Aluno-738,2014.0,8.0,Feminino,2022,Escola Pública,7.227,8.5,8.1,5.6,5.7,7.7,3.7,,,,7.5,10.0,ALFA  (2º e 3º ano),0.0,PEDE2022,8.0,,,,,,,,,,ALFA  (2º e 3º ano)
RA-739,0,J,Aluno-739,2014.0,8.0,Masculino,2022,Escola Pública,6.82,6.4,7.3,5.6,5.9,6.0,5.8,,,,7.083,10.0,ALFA  (2º e 3º ano),0.0,PEDE2022,8.0,,,,,,,,,,ALFA  (2º e 3º ano)
RA-740,0,J,Aluno-740,2013.0,9.0,Feminino,2022,Escola Pública,7.218,8.5,9.0,5.6,7.2,7.3,7.0,,,,7.5,5.0,Fase 1 (4º ano),0.0,PEDE2022,9.0,,,,,,,,,,Fase 1 (4º ano)
RA-741,0,J,Aluno-741,2012.0,10.0,Feminino,2022,Escola Pública,6.896,9.5,8.4,5.6,6.3,7.3,5.2,,,,7.417,5.0,Fase 2 (5º e 6º ano),0.0,PEDE2022,10.0,,,,,,,,,,Fase 2 (5º e 6º ano)
RA-742,0,J,Aluno-742,2013.0,9.0,Feminino,2022,Escola Pública,7.097,8.5,8.7,5.0,7.3,8.3,6.2,,,,7.5,5.0,Fase 1 (4º ano),0.0,PEDE2022,9.0,,,,,,,,,,Fase 1 (4º ano)
RA-743,0,J,Aluno-743,2013.0,9.0,Feminino,2022,Escola Pública,6.672,10.0,7.9,5.6,4.8,4.8,4.8,,,,7.5,5.0,Fase 1 (4º ano),0.0,PEDE2022,9.0,,,,,,,,,,Fase 1 (4º ano)
RA-744,0,J,Aluno-744,2014.0,8.0,Feminino,2022,Escola Pública,7.742,9.5,9.7,5.6,6.2,6.0,6.3,,,,7.5,10.0,ALFA  (2º e 3º ano),0.0,PEDE2022,8.0,,,,,,,,,,ALFA  (2º e 3º ano)
RA-745,0,J,Aluno-745,2013.0,9.0,Masculino,2021,Rede Decisão,7.382,9.0,8.5,5.6,8.1,8.5,7.7,,,,7.75,5.0,Fase 1 (4º ano),0.0,PEDE2022,9.0,,,,,,,,,,Fase 1 (4º ano)
RA-746,0,J,Aluno-746,2014.0,8.0,Masculino,2022,Escola Pública,7.656,8.0,9.1,5.6,7.2,7.7,6.7,,,,7.417,10.0,ALFA  (2º e 3º ano),0.0,PEDE2022,8.0,,,,,,,,,,ALFA  (2º e 3º ano)
RA-747,0,K,Aluno-747,2011.0,11.0,Feminino,2022,Escola Pública,7.676,10.0,7.6,7.5,8.8,8.2,9.4,,Sim,,7.917,5.0,Fase 2 (5º e 6º ano),0.0,PEDE2022,11.0,,,,,,,,,,Fase 2 (5º e 6º ano)
RA-748,0,K,Aluno-748,2013.0,9.0,Masculino,2022,Escola Pública,8.084,10.0,9.0,7.5,9.1,9.6,8.6,,Sim,,8.25,5.0,Fase 1 (4º ano),0.0,PEDE2022,9.0,,,,,,,,,,Fase 1 (4º ano)
RA-749,0,K,Aluno-749,2013.0,9.0,Masculino,2022,Escola Pública,7.484,9.5,7.7,7.5,8.8,9.5,8.1,,,,7.25,5.0,Fase 1 (4º ano),0.0,PEDE2022,9.0,,,,,,,,,,Fase 1 (4º ano)
RA-750,0,K,Aluno-750,2012.0,10.0,Masculino,2019,Escola Pública,6.344,9.5,8.9,4.4,6.8,7.1,6.4,,,,5.167,5.0,Fase 2 (5º e 6º ano),0.0,PEDE2022,10.0,,,,,,,,,,Fase 2 (5º e 6º ano)
RA-751,0,K,Aluno-751,2011.0,11.0,Masculino,2022,Escola Pública,5.246,8.5,5.8,7.5,3.8,2.7,4.9,,,,6.167,5.0,Fase 2 (5º e 6º ano),0.0,PEDE2022,11.0,,,,,,,,,,Fase 2 (5º e 6º ano)
RA-752,0,K,Aluno-752,2011.0,11.0,Feminino,2022,Escola Pública,8.197,10.0,9.0,7.5,9.5,9.6,9.4,,Sim,Sim,8.417,5.0,Fase 2 (5º e 6º ano),0.0,PEDE2022,11.0,,,,,,,,,,Fase 2 (5º e 6º ano)
RA-753,0,K,Aluno-753,2014.0,8.0,Feminino,2022,Escola Pública,8.481,9.5,8.6,7.5,9.1,9.4,8.8,,Sim,Sim,8.417,10.0,ALFA  (2º e 3º ano),0.0,PEDE2022,8.0,,,,,,,,,,ALFA  (2º e 3º ano)
RA-754,0,K,Aluno-754,2013.0,9.0,Masculino,2022,Escola Pública,6.602,10.0,5.8,4.4,7.9,7.8,8.1,,,,6.917,5.0,Fase 1 (4º ano),0.0,PEDE2022,9.0,,,,,,,,,,Fase 1 (4º ano)
RA-755,0,K,Aluno-755,2014.0,8.0,Masculino,2022,Escola Pública,8.566,9.5,9.2,6.9,9.5,9.8,9.3,,Sim,,8.083,10.0,ALFA  (2º e 3º ano),0.0,PEDE2022,8.0,,,,,,,,,,ALFA  (2º e 3º ano)
RA-756,0,K,Aluno-756,2013.0,9.0,Masculino,2022,Escola Pública,6.976,10.0,7.9,7.5,5.7,5.6,5.8,,,,7.25,5.0,Fase 1 (4º ano),0.0,PEDE2022,9.0,,,,,,,,,,Fase 1 (4º ano)
RA-757,0,K,Aluno-757,2013.0,9.0,Feminino,2022,Escola Pública,8.26,9.5,9.3,7.5,9.7,9.9,9.6,,Sim,Sim,8.5,5.0,Fase 1 (4º ano),0.0,PEDE2022,9.0,,,,,,,,,,Fase 1 (4º ano)
RA-758,0,L,Aluno-758,2013.0,9.0,Masculino,2022,Escola Pública,7.911,9.0,9.1,7.5,8.1,8.0,8.2,,,,8.333,5.0,Fase 1 (4º ano),0.0,PEDE2022,9.0,,,,,,,,,,Fase 1 (4º ano)
RA-759,0,L,Aluno-759,2012.0,10.0,Feminino,2021,Escola Pública,7.563,9.0,8.6,7.5,7.5,8.3,6.7,,,,7.833,5.0,Fase 2 (5º e 6º ano),0.0,PEDE2022,10.0,,,,,,,,,,Fase 2 (5º e 6º ano)
RA-760,0,L,Aluno-760,2011.0,11.0,Masculino,2021,Escola Pública,8.172,9.0,9.2,7.5,8.8,9.3,8.2,,,Sim,8.917,5.0,Fase 2 (5º e 6º ano),0.0,PEDE2022,11.0,,,,,,,,,,Fase 2 (5º e 6º ano)
RA-761,0,L,Aluno-761,2013.0,9.0,Masculino,2022,Escola Pública,8.06,10.0,9.4,7.5,8.2,8.8,7.5,,,,8.25,5.0,Fase 1 (4º ano),0.0,PEDE2022,9.0,,,,,,,,,,Fase 1 (4º ano)
RA-762,0,L,Aluno-762,2010.0,12.0,Masculino,2022,Escola Pública,7.28,10.0,9.7,7.5,6.7,7.3,6.0,,,,7.083,2.5,Fase 3 (7º e 8º ano),0.0,PEDE2022,12.0,,,,,,,,,,Fase 3 (7º e 8º ano)
RA-763,0,L,Aluno-763,2012.0,10.0,Feminino,2021,Escola Pública,7.402,9.5,9.7,7.5,6.5,6.3,6.7,,,,7.167,5.0,Fase 2 (5º e 6º ano),0.0,PEDE2022,10.0,,,,,,,,,,Fase 2 (5º e 6º ano)
RA-764,0,L,Aluno-764,2014.0,8.0,Masculino,2022,Escola Pública,8.004,9.0,8.8,7.5,7.5,7.2,7.8,,,,7.667,10.0,ALFA  (2º e 3º ano),0.0,PEDE2022,8.0,,,,,,,,,,ALFA  (2º e 3º ano)
RA-765,0,L,Aluno-765,2013.0,9.0,Masculino,2022,Escola Pública,6.902,8.5,9.3,7.5,4.3,5.0,3.7,,,,7.417,5.0,Fase 1 (4º ano),0.0,PEDE2022,9.0,,,,,,,,,,Fase 1 (4º ano)
RA-766,0,L,Aluno-766,2011.0,11.0,Feminino,2020,Escola Pública,8.185,10.0,9.5,7.5,8.7,8.5,8.8,,,,8.333,5.0,Fase 2 (5º e 6º ano),0.0,PEDE2022,11.0,,,,,,,,,,Fase 2 (5º e 6º ano)
RA-767,0,L,Aluno-767,2012.0,10.0,Masculino,2021,Escola Pública,7.511,9.5,9.0,7.5,7.0,7.3,6.7,,,,7.583,5.0,Fase 2 (5º e 6º ano),0.0,PEDE2022,10.0,,,,,,,,,,Fase 2 (5º e 6º ano)
RA-768,0,L,Aluno-768,2012.0,10.0,Feminino,2021,Escola Pública,7.646,9.0,10.0,7.5,7.1,7.0,7.2,,,,7.583,5.0,Fase 2 (5º e 6º ano),0.0,PEDE2022,10.0,,,,,,,,,,Fase 2 (5º e 6º ano)
RA-769,0,M,Aluno-769,2013.0,9.0,Feminino,2022,Escola Pública,7.598,10.0,7.5,7.5,7.9,9.6,6.2,,Sim,Sim,8.5,5.0,Fase 1 (4º ano),0.0,PEDE2022,9.0,,,,,,,,,,Fase 1 (4º ano)
RA-770,0,M,Aluno-770,2015.0,7.0,Masculino,2022,Escola Pública,8.143,9.5,8.9,7.5,8.3,8.5,8.1,,,,7.333,10.0,ALFA  (2º e 3º ano),0.0,PEDE2022,7.0,,,,,,,,,,ALFA  (2º e 3º ano)
RA-771,0,M,Aluno-771,2015.0,7.0,Feminino,2022,Escola Pública,7.873,10.0,8.3,7.5,7.0,7.2,6.9,,,,7.5,10.0,ALFA  (2º e 3º ano),0.0,PEDE2022,7.0,,,,,,,,,,ALFA  (2º e 3º ano)
RA-772,0,M,Aluno-772,2011.0,11.0,Masculino,2021,Escola Pública,6.994,9.0,5.4,7.5,9.2,9.3,9.2,,,,7.25,5.0,Fase 2 (5º e 6º ano),0.0,PEDE2022,11.0,,,,,,,,,,Fase 2 (5º e 6º ano)
RA-773,0,M,Aluno-773,2013.0,9.0,Feminino,2022,Escola Pública,6.922,10.0,6.8,5.0,8.1,9.3,6.8,,,,7.083,5.0,Fase 1 (4º ano),0.0,PEDE2022,9.0,,,,,,,,,,Fase 1 (4º ano)
RA-774,0,M,Aluno-774,2014.0,8.0,Feminino,2022,Escola Pública,7.587,10.0,7.8,7.5,6.1,7.8,4.4,,,,7.417,10.0,ALFA  (2º e 3º ano),0.0,PEDE2022,8.0,,,,,,,,,,ALFA  (2º e 3º ano)
RA-775,0,N,Aluno-775,2012.0,10.0,Masculino,2021,Escola Pública,5.79,7.9,5.7,4.4,5.7,5.5,5.8,,,,6.417,5.0,Fase 2 (5º e 6º ano),0.0,PEDE2022,10.0,,,,,,,,,,Fase 2 (5º e 6º ano)
RA-776,0,N,Aluno-776,2013.0,9.0,Feminino,2022,Escola Pública,3.898,0.0,4.3,4.4,1.7,0.0,3.3,,,,6.333,5.0,Fase 1 (4º ano),0.0,PEDE2022,9.0,,,,,,,,,,Fase 1 (4º ano)
RA-777,0,N,Aluno-777,2014.0,8.0,Masculino,2022,Escola Pública,7.096,8.0,7.7,7.5,5.3,6.5,4.0,,,,7.0,10.0,ALFA  (2º e 3º ano),0.0,PEDE2022,8.0,,,,,,,,,,ALFA  (2º e 3º ano)
RA-778,0,N,Aluno-778,2013.0,9.0,Feminino,2021,Escola Pública,7.432,10.0,6.7,7.5,7.1,6.0,8.2,,,Sim,8.833,5.0,Fase 1 (4º ano),0.0,PEDE2022,9.0,,,,,,,,,,Fase 1 (4º ano)
RA-779,0,N,Aluno-779,2012.0,10.0,Masculino,2022,Escola Pública,5.702,9.5,5.0,7.5,2.6,2.2,3.0,,,,7.083,5.0,Fase 2 (5º e 6º ano),0.0,PEDE2022,10.0,,,,,,,,,,Fase 2 (5º e 6º ano)
RA-780,0,N,Aluno-780,2013.0,9.0,Feminino,2022,Escola Pública,6.955,8.0,7.6,7.5,6.9,6.3,7.5,,,,7.167,5.0,Fase 1 (4º ano),0.0,PEDE2022,9.0,,,,,,,,,,Fase 1 (4º ano)
RA-781,0,N,Aluno-781,2013.0,9.0,Feminino,2021,Escola Pública,7.786,10.0,8.9,7.5,8.3,8.0,8.5,,,,7.75,5.0,Fase 1 (4º ano),0.0,PEDE2022,9.0,,,,,,,,,,Fase 1 (4º ano)
RA-782,0,N,Aluno-782,2014.0,8.0,Masculino,2022,Escola Pública,7.485,9.5,8.4,7.5,6.0,5.7,6.3,,,,7.0,10.0,ALFA  (2º e 3º ano),0.0,PEDE2022,8.0,,,,,,,,,,ALFA  (2º e 3º ano)
RA-783,0,N,Aluno-783,2014.0,8.0,Masculino,2021,Escola Pública,6.996,9.5,5.8,7.5,6.0,4.7,7.3,,,,6.917,10.0,ALFA  (2º e 3º ano),0.0,PEDE2022,8.0,,,,,,,,,,ALFA  (2º e 3º ano)
RA-784,0,O,Aluno-784,2013.0,9.0,Masculino,2022,Escola Pública,8.34,9.5,10.0,7.5,8.2,7.8,8.5,,,Sim,9.25,5.0,Fase 1 (4º ano),0.0,PEDE2022,9.0,,,,,,,,,,Fase 1 (4º ano)
RA-785,0,O,Aluno-785,2013.0,9.0,Feminino,2022,Escola Pública,7.642,9.0,8.6,7.5,8.4,8.8,8.0,,,,7.667,5.0,Fase 1 (4º ano),0.0,PEDE2022,9.0,,,,,,,,,,Fase 1 (4º ano)
RA-786,0,O,Aluno-786,2011.0,11.0,Masculino,2019,Escola Pública,7.004,9.0,9.5,5.6,6.1,6.3,5.8,,,,7.167,5.0,Fase 2 (5º e 6º ano),0.0,PEDE2022,11.0,,,,,,,,,,Fase 2 (5º e 6º ano)
RA-787,0,O,Aluno-787,2014.0,8.0,Masculino,2022,Escola Pública,7.205,8.5,9.5,7.5,3.4,4.2,2.7,,,,7.25,10.0,ALFA  (2º e 3º ano),0.0,PEDE2022,8.0,,,,,,,,,,ALFA  (2º e 3º ano)
RA-788,0,O,Aluno-788,2014.0,8.0,Masculino,2021,Rede Decisão,8.264,10.0,9.3,5.6,8.0,7.8,8.2,,,Sim,8.667,10.0,ALFA  (2º e 3º ano),0.0,PEDE2022,8.0,,,,,,,,,,ALFA  (2º e 3º ano)
RA-789,0,O,Aluno-789,2015.0,7.0,Feminino,2022,Escola Pública,7.405,9.0,9.4,7.5,4.2,3.7,4.7,,,,7.417,10.0,ALFA  (2º e 3º ano),0.0,PEDE2022,7.0,,,,,,,,,,ALFA  (2º e 3º ano)
RA-790,0,O,Aluno-790,2011.0,11.0,Feminino,2022,Escola Pública,7.504,9.0,8.9,7.5,7.8,8.5,7.2,,,,7.417,5.0,Fase 2 (5º e 6º ano),0.0,PEDE2022,11.0,,,,,,,,,,Fase 2 (5º e 6º ano)
RA-791,0,O,Aluno-791,2011.0,11.0,Feminino,2022,Escola Pública,7.507,9.5,8.7,7.5,6.5,6.3,6.7,,,Sim,8.5,5.0,Fase 2 (5º e 6º ano),0.0,PEDE2022,11.0,,,,,,,,,,Fase 2 (5º e 6º ano)
RA-792,0,O,Aluno-792,2013.0,9.0,Feminino,2022,Escola Pública,7.025,9.5,8.0,7.5,6.2,6.5,5.8,,,,7.167,5.0,Fase 1 (4º ano),0.0,PEDE2022,9.0,,,,,,,,,,Fase 1 (4º ano)
RA-793,0,O,Aluno-793,2012.0,10.0,Masculino,2022,Escola Pública,6.894,9.5,7.6,7.5,6.0,6.0,6.0,,,,7.333,5.0,Fase 2 (5º e 6º ano),0.0,PEDE2022,10.0,,,,,,,,,,Fase 2 (5º e 6º ano)
RA-794,0,O,Aluno-794,2014.0,8.0,Feminino,2022,Escola Pública,7.335,9.5,8.9,7.5,4.1,3.7,4.5,,,,7.333,10.0,ALFA  (2º e 3º ano),0.0,PEDE2022,8.0,,,,,,,,,,ALFA  (2º e 3º ano)
RA-795,0,O,Aluno-795,2014.0,8.0,Feminino,2022,Escola Pública,8.064,9.0,9.7,7.5,7.3,8.0,6.5,,,,7.333,10.0,ALFA  (2º e 3º ano),0.0,PEDE2022,8.0,,,,,,,,,,ALFA  (2º e 3º ano)
RA-796,0,Q,Aluno-796,2012.0,10.0,Feminino,2022,Escola Pública,7.232,9.5,9.3,7.5,5.4,5.8,5.0,,,,7.667,5.0,Fase 2 (5º e 6º ano),0.0,PEDE2022,10.0,,,,,,,,,,Fase 2 (5º e 6º ano)
RA-797,0,Q,Aluno-797,2012.0,10.0,Masculino,2021,Escola Pública,7.217,9.0,8.5,7.5,7.3,8.2,6.5,,,,7.5,5.0,Fase 2 (5º e 6º ano),0.0,PEDE2022,10.0,,,,,,,,,,Fase 2 (5º e 6º ano)
RA-798,0,Q,Aluno-798,2012.0,10.0,Masculino,2022,Escola Pública,7.049,8.0,8.3,7.5,6.3,7.0,5.7,,,,7.667,5.0,Fase 2 (5º e 6º ano),0.0,PEDE2022,10.0,,,,,,,,,,Fase 2 (5º e 6º ano)
RA-799,0,Q,Aluno-799,2012.0,10.0,Feminino,2022,Escola Pública,7.676,8.0,9.6,7.5,7.8,8.5,7.2,,,,7.917,5.0,Fase 2 (5º e 6º ano),0.0,PEDE2022,10.0,,,,,,,,,,Fase 2 (5º e 6º ano)
RA-800,0,Q,Aluno-800,2014.0,8.0,Masculino,2022,Escola Pública,6.818,8.0,5.4,7.5,6.1,6.3,5.8,,,,7.5,10.0,ALFA  (2º e 3º ano),0.0,PEDE2022,8.0,,,,,,,,,,ALFA  (2º e 3º ano)
RA-801,0,Q,Aluno-801,2013.0,9.0,Masculino,2022,Escola Pública,6.644,7.0,6.6,7.5,6.8,7.2,6.3,,,,7.5,5.0,Fase 1 (4º ano),0.0,PEDE2022,9.0,,,,,,,,,,Fase 1 (4º ano)
RA-802,0,Q,Aluno-802,2013.0,9.0,Masculino,2021,Escola Pública,7.831,9.0,9.0,7.5,8.3,9.0,7.5,,,,8.333,5.0,Fase 1 (4º ano),0.0,PEDE2022,9.0,,,,,,,,,,Fase 1 (4º ano)
RA-803,0,Q,Aluno-803,2012.0,10.0,Feminino,2022,Escola Pública,6.98,10.0,7.2,7.5,6.3,6.5,6.0,,,,7.417,5.0,Fase 2 (5º e 6º ano),0.0,PEDE2022,10.0,,,,,,,,,,Fase 2 (5º e 6º ano)
RA-804,0,Q,Aluno-804,2012.0,10.0,Masculino,2022,Escola Pública,6.848,10.0,8.4,6.3,4.8,5.5,4.0,,,,7.667,5.0,Fase 2 (5º e 6º ano),0.0,PEDE2022,10.0,,,,,,,,,,Fase 2 (5º e 6º ano)
RA-805,0,R,Aluno-805,2014.0,8.0,Masculino,2021,Escola Pública,8.279,9.5,9.0,7.5,8.8,8.7,8.9,,,,7.333,10.0,ALFA  (2º e 3º ano),0.0,PEDE2022,8.0,,,,,,,,,,ALFA  (2º e 3º ano)
RA-806,0,R,Aluno-806,2014.0,8.0,Masculino,2022,Escola Pública,7.561,9.5,7.3,7.5,6.6,5.0,8.2,,,,7.917,10.0,ALFA  (2º e 3º ano),0.0,PEDE2022,8.0,,,,,,,,,,ALFA  (2º e 3º ano)
RA-807,0,R,Aluno-807,2014.0,8.0,Masculino,2022,Escola Pública,8.121,9.5,8.7,6.3,9.0,9.5,8.6,,,,7.5,10.0,ALFA  (2º e 3º ano),0.0,PEDE2022,8.0,,,,,,,,,,ALFA  (2º e 3º ano)
RA-808,0,R,Aluno-808,2014.0,8.0,Masculino,2022,Escola Pública,8.361,10.0,9.1,6.3,9.3,9.7,8.8,,,,8.0,10.0,ALFA  (2º e 3º ano),0.0,PEDE2022,8.0,,,,,,,,,,ALFA  (2º e 3º ano)
RA-809,0,R,Aluno-809,2015.0,7.0,Masculino,2022,Escola Pública,7.259,10.0,6.6,6.3,6.3,5.5,7.1,,,,7.417,10.0,ALFA  (2º e 3º ano),0.0,PEDE2022,7.0,,,,,,,,,,ALFA  (2º e 3º ano)
RA-810,0,R,Aluno-810,2014.0,8.0,Masculino,2021,Escola Pública,7.887,8.5,9.1,5.0,9.6,9.7,9.5,,,,7.25,10.0,ALFA  (2º e 3º ano),0.0,PEDE2022,8.0,,,,,,,,,,ALFA  (2º e 3º ano)
RA-811,0,R,Aluno-811,2013.0,9.0,Feminino,2021,Escola Pública,6.575,8.9,5.7,5.6,7.3,8.9,5.7,,,,7.667,5.0,Fase 1 (4º ano),0.0,PEDE2022,9.0,,,,,,,,,,Fase 1 (4º ano)
RA-812,0,R,Aluno-812,2014.0,8.0,Masculino,2022,Escola Pública,7.497,9.0,8.1,5.6,7.4,8.3,6.6,,,,7.333,10.0,ALFA  (2º e 3º ano),0.0,PEDE2022,8.0,,,,,,,,,,ALFA  (2º e 3º ano)
RA-813,0,S,Aluno-813,2014.0,8.0,Masculino,2022,Escola Pública,7.093,9.5,6.5,6.9,6.0,6.7,5.3,,,,7.417,10.0,ALFA  (2º e 3º ano),0.0,PEDE2022,8.0,,,,,,,,,,ALFA  (2º e 3º ano)
RA-814,0,S,Aluno-814,2013.0,9.0,Masculino,2022,Escola Pública,7.592,8.9,9.0,6.9,7.5,7.8,7.2,,,Sim,8.417,5.0,Fase 1 (4º ano),0.0,PEDE2022,9.0,,,,,,,,,,Fase 1 (4º ano)
RA-815,0,S,Aluno-815,2013.0,9.0,Masculino,2022,Escola Pública,6.81,10.0,7.9,5.6,6.5,7.7,5.3,,,,7.0,5.0,Fase 1 (4º ano),0.0,PEDE2022,9.0,,,,,,,,,,Fase 1 (4º ano)
RA-816,0,S,Aluno-816,2013.0,9.0,Feminino,2022,Escola Pública,8.513,10.0,9.3,7.5,9.6,9.5,9.7,,Sim,Sim,9.417,5.0,Fase 1 (4º ano),0.0,PEDE2022,9.0,,,,,,,,,,Fase 1 (4º ano)
RA-817,0,S,Aluno-817,2014.0,8.0,Feminino,2022,Escola Pública,7.819,10.0,8.7,6.3,7.1,7.7,6.5,,,,7.417,10.0,ALFA  (2º e 3º ano),0.0,PEDE2022,8.0,,,,,,,,,,ALFA  (2º e 3º ano)
RA-818,0,S,Aluno-818,2015.0,7.0,Masculino,2022,Escola Pública,7.483,9.5,7.3,7.5,6.2,6.5,5.8,,,,7.5,10.0,ALFA  (2º e 3º ano),0.0,PEDE2022,7.0,,,,,,,,,,ALFA  (2º e 3º ano)
RA-819,0,S,Aluno-819,2014.0,8.0,Masculino,2022,Escola Pública,7.741,10.0,7.9,7.5,7.3,8.0,6.5,,,,7.333,10.0,ALFA  (2º e 3º ano),0.0,PEDE2022,8.0,,,,,,,,,,ALFA  (2º e 3º ano)
RA-820,0,T,Aluno-820,2013.0,9.0,Masculino,2022,Escola Pública,7.417,9.5,10.0,6.9,6.0,7.7,4.3,,,,7.583,5.0,Fase 1 (4º ano),0.0,PEDE2022,9.0,,,,,,,,,,Fase 1 (4º ano)
RA-821,0,T,Aluno-821,2012.0,10.0,Masculino,2022,Escola Pública,6.342,9.0,7.0,7.5,4.6,5.2,4.0,,,,6.917,5.0,Fase 2 (5º e 6º ano),0.0,PEDE2022,10.0,,,,,,,,,,Fase 2 (5º e 6º ano)
RA-822,0,T,Aluno-822,2012.0,10.0,Masculino,2022,Escola Pública,6.922,8.0,8.4,7.5,6.1,6.5,5.7,,,,7.083,5.0,Fase 2 (5º e 6º ano),0.0,PEDE2022,10.0,,,,,,,,,,Fase 2 (5º e 6º ano)
RA-823,0,T,Aluno-823,2012.0,10.0,Feminino,2021,Escola Pública,5.989,10.0,6.0,7.5,2.8,4.0,1.7,,,,7.167,5.0,Fase 2 (5º e 6º ano),0.0,PEDE2022,10.0,,,,,,,,,,Fase 2 (5º e 6º ano)
RA-824,0,T,Aluno-824,2014.0,8.0,Masculino,2022,Escola Pública,6.799,10.0,4.4,6.9,6.0,7.0,5.0,,,,7.333,10.0,ALFA  (2º e 3º ano),0.0,PEDE2022,8.0,,,,,,,,,,ALFA  (2º e 3º ano)
RA-825,0,T,Aluno-825,2013.0,9.0,Feminino,2021,Escola Pública,7.25,7.5,8.2,6.9,7.6,8.3,6.8,,,,7.917,5.0,Fase 1 (4º ano),0.0,PEDE2022,9.0,,,,,,,,,,Fase 1 (4º ano)
RA-826,0,U,Aluno-826,2014.0,8.0,Masculino,2022,Escola Pública,7.776,9.5,9.6,7.5,5.4,4.3,6.5,,,,7.5,10.0,ALFA  (2º e 3º ano),0.0,PEDE2022,8.0,,,,,,,,,,ALFA  (2º e 3º ano)
RA-827,0,U,Aluno-827,2012.0,10.0,Feminino,2022,Escola Pública,7.412,9.5,7.0,7.5,7.6,7.7,7.5,,,Sim,8.667,5.0,Fase 2 (5º e 6º ano),0.0,PEDE2022,10.0,,,,,,,,,,Fase 2 (5º e 6º ano)
RA-828,0,U,Aluno-828,2013.0,9.0,Feminino,2022,Escola Pública,7.139,9.5,7.1,7.5,6.9,7.3,6.5,,,,7.833,5.0,Fase 1 (4º ano),0.0,PEDE2022,9.0,,,,,,,,,,Fase 1 (4º ano)
RA-829,0,U,Aluno-829,2014.0,8.0,Feminino,2022,Escola Pública,8.003,9.0,8.6,7.5,7.8,8.2,7.5,,,,7.5,10.0,ALFA  (2º e 3º ano),0.0,PEDE2022,8.0,,,,,,,,,,ALFA  (2º e 3º ano)
RA-830,0,U,Aluno-830,2013.0,9.0,Feminino,2022,Escola Pública,7.234,10.0,8.6,7.5,6.0,5.8,6.2,,,,7.5,5.0,Fase 1 (4º ano),0.0,PEDE2022,9.0,,,,,,,,,,Fase 1 (4º ano)
RA-831,0,U,Aluno-831,2013.0,9.0,Masculino,2022,Escola Pública,7.41,9.5,9.2,7.5,7.2,7.3,7.0,,,,7.167,5.0,Fase 1 (4º ano),0.0,PEDE2022,9.0,,,,,,,,,,Fase 1 (4º ano)
RA-832,0,U,Aluno-832,2013.0,9.0,Masculino,2022,Escola Pública,8.179,10.0,9.2,7.5,8.8,8.8,8.8,,,Sim,8.833,5.0,Fase 1 (4º ano),0.0,PEDE2022,9.0,,,,,,,,,,Fase 1 (4º ano)
RA-833,0,U,Aluno-833,2013.0,9.0,Masculino,2022,Escola Pública,7.791,10.0,9.5,7.5,7.8,8.2,7.5,,,,7.583,5.0,Fase 1 (4º ano),0.0,PEDE2022,9.0,,,,,,,,,,Fase 1 (4º ano)
RA-834,0,U,Aluno-834,2013.0,9.0,Masculino,2022,Escola Pública,8.136,9.0,9.0,7.5,9.0,9.2,8.8,,,Sim,9.083,5.0,Fase 1 (4º ano),0.0,PEDE2022,9.0,,,,,,,,,,Fase 1 (4º ano)
RA-835,0,V,Aluno-835,2014.0,8.0,Masculino,2022,Escola Pública,7.263,6.9,7.3,7.5,7.5,7.6,7.3,,,,6.667,10.0,ALFA  (2º e 3º ano),0.0,PEDE2022,8.0,,,,,,,,,,ALFA  (2º e 3º ano)
RA-836,0,V,Aluno-836,2013.0,9.0,Masculino,2022,Escola Pública,7.665,8.5,8.3,7.5,9.2,9.0,9.3,,,,7.583,5.0,Fase 1 (4º ano),0.0,PEDE2022,9.0,,,,,,,,,,Fase 1 (4º ano)
RA-837,0,V,Aluno-837,2014.0,8.0,Masculino,2022,Escola Pública,8.207,8.5,9.0,7.5,8.8,9.2,8.3,,,,7.5,10.0,ALFA  (2º e 3º ano),0.0,PEDE2022,8.0,,,,,,,,,,ALFA  (2º e 3º ano)
RA-838,0,V,Aluno-838,2013.0,9.0,Masculino,2022,Escola Pública,7.461,10.0,7.4,7.5,6.3,6.6,5.9,,Sim,Sim,9.417,5.0,Fase 1 (4º ano),0.0,PEDE2022,9.0,,,,,,,,,,Fase 1 (4º ano)
RA-839,0,V,Aluno-839,2013.0,9.0,Feminino,2022,Escola Pública,5.198,0.0,5.1,7.5,5.4,5.8,5.0,,,,6.583,5.0,Fase 1 (4º ano),0.0,PEDE2022,9.0,,,,,,,,,,Fase 1 (4º ano)
RA-840,0,V,Aluno-840,2014.0,8.0,Masculino,2022,Escola Pública,7.875,9.0,8.2,7.5,7.8,9.6,5.9,,,,7.5,10.0,ALFA  (2º e 3º ano),0.0,PEDE2022,8.0,,,,,,,,,,ALFA  (2º e 3º ano)
RA-841,0,V,Aluno-841,2011.0,11.0,Masculino,2022,Escola Pública,7.3,8.5,8.5,7.5,7.2,8.6,5.8,,,,7.5,5.0,Fase 2 (5º e 6º ano),0.0,PEDE2022,11.0,,,,,,,,,,Fase 2 (5º e 6º ano)
RA-842,0,Y,Aluno-842,2014.0,8.0,Feminino,2022,Escola Pública,7.952,7.5,8.3,7.5,9.1,9.1,9.1,,,,8.25,10.0,ALFA  (2º e 3º ano),0.0,PEDE2022,8.0,,,,,,,,,,ALFA  (2º e 3º ano)
RA-843,0,Y,Aluno-843,2014.0,8.0,Feminino,2022,Escola Pública,8.538,8.5,9.0,7.5,9.2,9.8,8.5,,Sim,Sim,8.417,10.0,ALFA  (2º e 3º ano),0.0,PEDE2022,8.0,,,,,,,,,,ALFA  (2º e 3º ano)
RA-844,0,Y,Aluno-844,2014.0,8.0,Masculino,2022,Escola Pública,6.253,0.0,5.0,8.1,5.9,6.0,5.8,,Sim,,8.333,10.0,ALFA  (2º e 3º ano),0.0,PEDE2022,8.0,,,,,,,,,,ALFA  (2º e 3º ano)
RA-845,0,Y,Aluno-845,2014.0,8.0,Feminino,2022,Escola Pública,8.491,10.0,8.8,7.5,8.7,9.1,8.3,,,Sim,8.417,10.0,ALFA  (2º e 3º ano),0.0,PEDE2022,8.0,,,,,,,,,,ALFA  (2º e 3º ano)
RA-846,0,Y,Aluno-846,2015.0,7.0,Feminino,2022,Escola Pública,7.412,9.0,7.2,7.5,5.9,7.7,4.0,,,,7.917,10.0,ALFA  (2º e 3º ano),0.0,PEDE2022,7.0,,,,,,,,,,ALFA  (2º e 3º ano)
RA-847,0,Y,Aluno-847,2013.0,9.0,Masculino,2022,Escola Pública,6.839,7.9,8.2,4.4,7.7,7.8,7.6,,,,7.417,5.0,Fase 1 (4º ano),0.0,PEDE2022,9.0,,,,,,,,,,Fase 1 (4º ano)
RA-848,0,Y,Aluno-848,2013.0,9.0,Masculino,2022,Escola Pública,7.488,9.5,7.0,7.5,9.0,9.8,8.1,,,,7.833,5.0,Fase 1 (4º ano),0.0,PEDE2022,9.0,,,,,,,,,,Fase 1 (4º ano)
RA-849,0,Y,Aluno-849,2013.0,9.0,Masculino,2022,Escola Pública,7.369,8.5,8.3,7.5,9.1,9.8,8.3,,,,7.417,5.0,Fase 1 (4º ano),0.0,PEDE2022,9.0,,,,,,,,,,Fase 1 (4º ano)
RA-850,0,Y,Aluno-850,2014.0,8.0,Masculino,2022,Escola Pública,7.641,10.0,7.3,7.5,8.5,8.1,8.8,,,,7.167,10.0,ALFA  (2º e 3º ano),0.0,PEDE2022,8.0,,,,,,,,,,ALFA  (2º e 3º ano)
RA-851,0,Y,Aluno-851,2014.0,8.0,Masculino,2022,Escola Pública,7.515,9.0,7.9,7.5,8.3,7.9,8.7,,,,6.583,10.0,ALFA  (2º e 3º ano),0.0,PEDE2022,8.0,,,,,,,,,,ALFA  (2º e 3º ano)
RA-852,0,Z,Aluno-852,2015.0,7.0,Feminino,2022,Escola Pública,5.666,9.0,6.8,5.0,2.1,2.5,1.8,,,,5.5,10.0,ALFA  (2º e 3º ano),0.0,PEDE2022,7.0,,,,,,,,,,ALFA  (2º e 3º ano)
RA-853,0,Z,Aluno-853,2014.0,8.0,Feminino,2022,Escola Pública,8.616,10.0,9.6,7.5,8.5,8.8,8.2,,,Sim,8.5,10.0,ALFA  (2º e 3º ano),0.0,PEDE2022,8.0,,,,,,,,,,ALFA  (2º e 3º ano)
RA-854,0,Z,Aluno-854,2014.0,8.0,Feminino,2022,Escola Pública,8.098,8.0,9.0,7.5,9.3,9.5,9.0,,,,7.167,10.0,ALFA  (2º e 3º ano),0.0,PEDE2022,8.0,,,,,,,,,,ALFA  (2º e 3º ano)
RA-855,0,Z,Aluno-855,2013.0,9.0,Feminino,2022,Escola Pública,8.453,10.0,9.6,7.5,9.7,9.7,9.6,,,Sim,9.0,5.0,Fase 1 (4º ano),0.0,PEDE2022,9.0,,,,,,,,,,Fase 1 (4º ano)
RA-856,0,Z,Aluno-856,2015.0,7.0,Masculino,2022,Escola Pública,8.398,10.0,9.1,7.5,8.4,8.5,8.2,,,,8.0,10.0,ALFA  (2º e 3º ano),0.0,PEDE2022,7.0,,,,,,,,,,ALFA  (2º e 3º ano)
RA-857,0,Z,Aluno-857,2013.0,9.0,Feminino,2022,Escola Pública,8.154,8.5,8.9,7.5,9.5,9.6,9.3,,,Sim,9.083,5.0,Fase 1 (4º ano),0.0,PEDE2022,9.0,,,,,,,,,,Fase 1 (4º ano)
RA-858,0,Z,Aluno-858,2015.0,7.0,Masculino,2022,Escola Pública,7.523,10.0,7.1,5.6,7.7,8.4,6.9,,,,7.333,10.0,ALFA  (2º e 3º ano),0.0,PEDE2022,7.0,,,,,,,,,,ALFA  (2º e 3º ano)
RA-859,0,Z,Aluno-859,2015.0,7.0,Feminino,2022,Escola Pública,8.325,8.5,8.7,7.5,8.9,9.4,8.4,,,,8.25,10.0,ALFA  (2º e 3º ano),0.0,PEDE2022,7.0,,,,,,,,,,ALFA  (2º e 3º ano)
RA-860,0,Z,Aluno-860,2015.0,7.0,Masculino,2022,Escola Pública,8.136,9.5,8.5,7.5,8.1,8.9,7.2,,,,7.75,10.0,ALFA  (2º e 3º ano),0.0,PEDE2022,7.0,,,,,,,,,,ALFA  (2º e 3º ano)
RA-861,ALFA,ALFA A - G0/G1,,,7.0,Feminino,2023,Escola Pública,,9.5,10.0,8.13,9.6,9.8,9.4,,,,8.92,10.0,,,PEDE2023,8.0,ALFA (1° e 2° ano),9.31095,6/17/2015,,Aluno-861,,8.4375,0.0,Topázio,ALFA (1° e 2° ano)
RA-862,ALFA,ALFA A - G0/G1,,,8.0,Masculino,2023,Escola Pública,,8.5,9.1,8.14,8.9,8.5,9.2,,,,8.585,5.0,,,PEDE2023,9.0,Fase 1 (3° e 4° ano),8.2212,5/31/2014,,Aluno-862,,7.5,-1.0,Topázio,Fase 1 (3° e 4° ano)
RA-863,ALFA,ALFA A - G0/G1,,,6.0,Masculino,2023,Escola Pública,,0.0,7.6,3.14,6.3,7.0,5.5,,,,6.26,10.0,,,PEDE2023,7.0,ALFA (1° e 2° ano),5.92975,2/25/2016,,Aluno-863,,5.9375,0.0,Quartzo,ALFA (1° e 2° ano)
RA-864,ALFA,ALFA A - G0/G1,,,,Feminino,2023,Escola Pública,,0.0,7.6,8.14,6.3,7.0,5.5,,,,8.5,10.0,,,PEDE2023,,ALFA (1° e 2° ano),7.034,2015-12-03 00:00:00,,Aluno-864,,7.5,0.0,Ametista,ALFA (1° e 2° ano)
RA-865,ALFA,ALFA A - G0/G1,,,7.0,Masculino,2023,Escola Pública,,8.5,8.7,7.52,7.4,7.3,7.5,,,,7.915,10.0,,,PEDE2023,8.0,ALFA (1° e 2° ano),8.1552,11/13/2014,,Aluno-865,,7.5,0.0,Topázio,ALFA (1° e 2° ano)
RA-866,ALFA,ALFA A - G0/G1,,,,Feminino,2023,Escola Pública,,0.0,8.3,8.76,8.6,8.2,8.9,,,,8.415,10.0,,,PEDE2023,,ALFA (1° e 2° ano),7.679,2016-10-02 00:00:00,,Aluno-866,,7.5,0.0,Ametista,ALFA (1° e 2° ano)
RA-867,ALFA,ALFA A - G0/G1,,,7.0,Masculino,2023,Escola Pública,,9.0,8.6,8.76,8.9,8.7,9.0,,,,8.415,10.0,,,PEDE2023,8.0,ALFA (1° e 2° ano),8.6992,6/29/2015,,Aluno-867,,7.5,0.0,Topázio,ALFA (1° e 2° ano)
RA-868,ALFA,ALFA A - G0/G1,,,,Masculino,2023,Escola Pública,,10.0,9.5,8.76,7.1,7.8,6.3,,,,8.67,10.0,,,PEDE2023,,ALFA (1° e 2° ano),8.63895,2015-08-11 00:00:00,,Aluno-868,,7.1875,0.0,Topázio,ALFA (1° e 2° ano)
RA-869,ALFA,ALFA A - G0/G1,,,7.0,Feminino,2023,Escola Pública,,9.0,10.0,8.76,9.6,9.8,9.4,,,,8.75,10.0,,,PEDE2023,8.0,ALFA (1° e 2° ano),9.2587,1/15/2015,,Aluno-869,,8.125,0.0,Topázio,ALFA (1° e 2° ano)
RA-870,ALFA,ALFA A - G0/G1,,,8.0,Feminino,2023,Escola Pública,,0.0,8.5,8.76,1.5,2.0,1.0,,,,5.165,5.0,,,PEDE2023,9.0,Fase 1 (3° e 4° ano),4.909,10/20/2014,,Aluno-870,,5.0,-1.0,Quartzo,Fase 1 (3° e 4° ano)
RA-871,ALFA,ALFA B - G2/G3,,,8.0,Masculino,2023,Escola Pública,,9.0,9.5,3.76,6.9,6.8,7.0,,,,6.84,5.0,,,PEDE2023,9.0,Fase 1 (3° e 4° ano),6.8617,6/21/2014,,Aluno-871,,4.375,-1.0,Agata,Fase 1 (3° e 4° ano)
RA-872,ALFA,ALFA B - G2/G3,,,9.0,Feminino,2023,Escola Pública,,0.0,6.7,2.52,4.3,5.5,3.0,,,,8.5,5.0,,,PEDE2023,10.0,Fase 2 (5° e 6° ano),5.267,5/27/2013,,Aluno-872,,6.25,-2.0,Quartzo,Fase 2 (5° e 6° ano)
RA-873,ALFA,ALFA B - G2/G3,,,,Feminino,2023,Escola Pública,,8.5,9.7,7.52,7.0,7.2,6.8,,,,8.67,5.0,,,PEDE2023,,Fase 2 (5° e 6° ano),7.8012,2012-01-03 00:00:00,,Aluno-873,,6.25,-2.0,Ametista,Fase 2 (5° e 6° ano)
RA-874,ALFA,ALFA B - G2/G3,,,8.0,Masculino,2023,Escola Pública,,0.0,8.2,7.52,4.8,6.3,3.3,,,,6.67,5.0,,,PEDE2023,9.0,Fase 1 (3° e 4° ano),5.811,11/17/2013,,Aluno-874,,6.25,-1.0,Quartzo,Fase 1 (3° e 4° ano)
RA-875,ALFA,ALFA B - G2/G3,,,8.0,Masculino,2023,Escola Pública,,9.5,9.5,7.52,7.3,7.0,7.5,,,,9.845,5.0,,,PEDE2023,9.0,Fase 1 (3° e 4° ano),8.2712,4/26/2014,,Aluno-875,,7.5,-1.0,Topázio,Fase 1 (3° e 4° ano)
RA-876,ALFA,ALFA B - G2/G3,,,,Masculino,2023,Escola Pública,,10.0,9.4,7.52,7.5,7.3,7.7,,,,8.835,10.0,,,PEDE2023,,ALFA (1° e 2° ano),8.6492,2015-11-04 00:00:00,,Aluno-876,,7.5,0.0,Topázio,ALFA (1° e 2° ano)
RA-877,ALFA,ALFA B - G2/G3,,,8.0,Masculino,2023,Escola Pública,,9.5,9.5,7.52,6.9,7.5,6.2,,,,7.5,5.0,,,PEDE2023,9.0,Fase 1 (3° e 4° ano),7.4722,6/24/2014,,Aluno-877,,5.0,-1.0,Ametista,Fase 1 (3° e 4° ano)
RA-878,ALFA,ALFA B - G2/G3,,,9.0,Masculino,2023,Escola Pública,,0.0,9.5,2.52,8.1,8.0,8.2,,,,7.34,5.0,,,PEDE2023,10.0,Fase 2 (5° e 6° ano),6.24,7/22/2013,,Aluno-878,,5.0,-2.0,Agata,Fase 2 (5° e 6° ano)
RA-879,ALFA,ALFA B - G2/G3,,,,Feminino,2023,Escola Pública,,0.0,9.8,2.52,8.2,8.2,8.2,,,,8.915,5.0,,,PEDE2023,,Fase 1 (3° e 4° ano),6.8225,2014-05-03 00:00:00,,Aluno-879,,6.875,-1.0,Agata,Fase 1 (3° e 4° ano)
RA-880,ALFA,ALFA B - G2/G3,,,6.0,Feminino,2023,Escola Pública,,0.0,9.4,2.52,6.3,6.3,6.2,,,,8.585,10.0,,,PEDE2023,7.0,ALFA (1° e 2° ano),6.724,11/29/2015,,Aluno-880,,6.25,0.0,Agata,ALFA (1° e 2° ano)
RA-881,ALFA,ALFA B - G2/G3,,,7.0,Masculino,2023,Escola Pública,,10.0,8.9,7.52,7.3,7.5,7.0,,,,6.25,10.0,,,PEDE2023,8.0,ALFA (1° e 2° ano),7.7322,4/23/2015,,Aluno-881,,5.0,0.0,Ametista,ALFA (1° e 2° ano)
RA-882,ALFA,ALFA C - G0/G1,,,7.0,Feminino,2023,Escola Pública,,9.0,8.6,2.52,4.7,4.8,4.5,,,,4.16,10.0,,,PEDE2023,8.0,ALFA (1° e 2° ano),6.0092,6/15/2015,,Aluno-882,,3.75,0.0,Agata,ALFA (1° e 2° ano)
RA-883,ALFA,ALFA C - G0/G1,,,,Feminino,2023,Escola Pública,,9.5,9.7,6.89,8.4,8.0,8.7,,,,8.17,10.0,,,PEDE2023,,ALFA (1° e 2° ano),8.5082,2015-11-02 00:00:00,,Aluno-883,,6.25,0.0,Topázio,ALFA (1° e 2° ano)
RA-884,ALFA,ALFA C - G0/G1,,,,Feminino,2023,Escola Pública,,9.0,9.7,4.39,8.8,8.4,9.2,,,,8.66,10.0,,,PEDE2023,,ALFA (1° e 2° ano),8.4587,2015-02-12 00:00:00,,Aluno-884,,6.875,0.0,Topázio,ALFA (1° e 2° ano)
RA-885,ALFA,ALFA C - G0/G1,,,6.0,Masculino,2023,Escola Pública,,9.0,9.8,7.52,8.7,8.5,8.8,,,,8.665,10.0,,,PEDE2023,7.0,ALFA (1° e 2° ano),8.8252,10/30/2015,,Aluno-885,,7.5,0.0,Topázio,ALFA (1° e 2° ano)
RA-886,ALFA,ALFA C - G0/G1,,,,Feminino,2023,Escola Pública,,8.5,9.4,7.52,8.1,7.6,8.5,,,,9.0,10.0,,,PEDE2023,,ALFA (1° e 2° ano),8.6422,2016-05-01 00:00:00,,Aluno-886,,7.5,0.0,Topázio,ALFA (1° e 2° ano)
RA-887,ALFA,ALFA C - G0/G1,,,7.0,Masculino,2023,Escola Pública,,8.9,8.9,7.52,8.4,7.8,9.0,,,,9.09,10.0,,,PEDE2023,8.0,ALFA (1° e 2° ano),8.6718,10/16/2015,,Aluno-887,,7.5,0.0,Topázio,ALFA (1° e 2° ano)
RA-888,ALFA,ALFA C - G0/G1,,,,Masculino,2023,Escola Pública,,9.0,10.0,7.52,8.8,8.2,9.3,,,,8.83,10.0,,,PEDE2023,,ALFA (1° e 2° ano),8.9182,2016-11-04 00:00:00,,Aluno-888,,7.5,0.0,Topázio,ALFA (1° e 2° ano)
RA-889,ALFA,ALFA C - G0/G1,,,,Masculino,2023,Escola Pública,,8.5,9.5,6.89,9.1,8.7,9.5,,,,9.0,10.0,,,PEDE2023,,ALFA (1° e 2° ano),8.8092,2015-07-07 00:00:00,,Aluno-889,,7.5,0.0,Topázio,ALFA (1° e 2° ano)
RA-890,ALFA,ALFA C - G0/G1,,,7.0,Masculino,2023,Escola Pública,,0.0,9.1,2.52,8.3,8.0,8.6,,,,8.16,10.0,,,PEDE2023,8.0,ALFA (1° e 2° ano),6.989,2/26/2015,,Aluno-890,,6.25,0.0,Agata,ALFA (1° e 2° ano)
RA-891,ALFA,ALFA C - G0/G1,,,,Feminino,2023,Escola Pública,,9.5,9.5,6.89,7.5,6.2,8.8,,,,7.995,5.0,,,PEDE2023,,Fase 1 (3° e 4° ano),7.8882,2014-03-10 00:00:00,,Aluno-891,,7.5,-1.0,Ametista,Fase 1 (3° e 4° ano)
RA-684,ALFA,ALFA D - G2/G3,,,7.0,Masculino,2022,Escola Privada,8.26,9.0,8.1,7.52,6.5,8.3,4.7,,,,5.84,10.0,,,PEDE2023,8.0,ALFA (1° e 2° ano),7.4277,1/15/2015,,Aluno-684,,6.875,0.0,Ametista,ALFA (1° e 2° ano)
RA-892,ALFA,ALFA D - G2/G3,,,7.0,Masculino,2023,Escola Pública,,8.0,9.6,6.89,8.3,8.5,8.0,,,,10.01,10.0,,,PEDE2023,8.0,ALFA (1° e 2° ano),8.8112,1/16/2015,,Aluno-892,,7.5,0.0,Topázio,ALFA (1° e 2° ano)
RA-857,ALFA,ALFA D - G2/G3,,,8.0,Feminino,2022,Escola Pública,8.154,8.5,9.0,7.52,8.5,8.7,8.2,,,,9.01,5.0,,,PEDE2023,9.0,Fase 1 (3° e 4° ano),8.1442,11/21/2013,,Aluno-857,,7.5,-1.0,Topázio,Fase 1 (3° e 4° ano)
RA-893,ALFA,ALFA D - G2/G3,,,,Masculino,2023,Escola Pública,,9.5,10.0,7.52,9.3,9.5,9.0,,,,10.01,5.0,,,PEDE2023,,Fase 1 (3° e 4° ano),8.8042,2014-05-10 00:00:00,,Aluno-893,,7.5,-1.0,Topázio,Fase 1 (3° e 4° ano)
RA-894,ALFA,ALFA D - G2/G3,,,8.0,Feminino,2023,Escola Pública,,9.5,9.9,7.52,9.4,9.3,9.5,,,,10.01,5.0,,,PEDE2023,9.0,Fase 1 (3° e 4° ano),8.8142,4/14/2014,,Aluno-894,,7.5,-1.0,Topázio,Fase 1 (3° e 4° ano)
RA-690,ALFA,ALFA D - G2/G3,,,,Feminino,2022,Escola Pública,7.541,9.0,9.8,6.89,9.1,9.3,8.8,,,,10.01,5.0,,,PEDE2023,,Fase 2 (5° e 6° ano),8.6112,2013-01-09 00:00:00,,Aluno-690,,7.5,-2.0,Topázio,Fase 2 (5° e 6° ano)
RA-895,ALFA,ALFA D - G2/G3,,,7.0,Feminino,2023,Escola Pública,,9.5,9.5,7.52,6.8,6.8,6.7,,,,9.5,10.0,,,PEDE2023,8.0,ALFA (1° e 2° ano),8.5397,5/27/2015,,Aluno-895,,6.875,0.0,Topázio,ALFA (1° e 2° ano)
RA-896,ALFA,ALFA D - G2/G3,,,6.0,Masculino,2023,Escola Pública,,9.5,10.0,6.89,8.5,9.0,8.0,,,,10.01,10.0,,,PEDE2023,7.0,ALFA (1° e 2° ano),9.0912,12/24/2015,,Aluno-896,,7.5,0.0,Topázio,ALFA (1° e 2° ano)
RA-693,ALFA,ALFA D - G2/G3,,,,Feminino,2022,Escola Pública,7.944,10.0,9.4,6.89,8.5,8.2,8.7,,,,10.01,10.0,,,PEDE2023,,ALFA (1° e 2° ano),9.0112,2015-03-04 00:00:00,,Aluno-693,,7.5,0.0,Topázio,ALFA (1° e 2° ano)
RA-675,ALFA,ALFA D - G2/G3,,,,Masculino,2022,Escola Pública,7.576,10.0,8.0,7.52,8.3,8.5,8.0,,,,8.34,10.0,,,PEDE2023,,ALFA (1° e 2° ano),8.3577,2014-09-11 00:00:00,,Aluno-675,,6.875,0.0,Topázio,ALFA (1° e 2° ano)
RA-850,ALFA,ALFA D - G2/G3,,,8.0,Masculino,2022,Escola Pública,7.641,0.0,7.9,6.26,7.3,6.8,7.7,,,,6.265,5.0,,,PEDE2023,9.0,Fase 1 (3° e 4° ano),6.06525,1/22/2014,,Aluno-850,,6.5625,-1.0,Agata,Fase 1 (3° e 4° ano)
RA-897,ALFA,ALFA D - G2/G3,,,,Masculino,2023,Escola Pública,,0.0,8.1,7.52,6.5,7.2,5.7,,,,3.32,5.0,,,PEDE2023,,Fase 1 (3° e 4° ano),5.48225,2014-02-08 00:00:00,,Aluno-897,,6.5625,-1.0,Quartzo,Fase 1 (3° e 4° ano)
RA-842,ALFA,ALFA E - G2/G3,,,8.0,Feminino,2022,Escola Pública,7.952,9.0,8.5,3.77,7.9,8.2,7.5,,,,8.01,5.0,,,PEDE2023,9.0,Fase 1 (3° e 4° ano),7.2117,5/13/2014,,Aluno-842,,5.625,-1.0,Ametista,Fase 1 (3° e 4° ano)
RA-898,ALFA,ALFA E - G2/G3,,,,Masculino,2023,Escola Pública,,9.0,9.8,3.77,9.4,9.7,9.0,,,,10.01,5.0,,,PEDE2023,,Fase 1 (3° e 4° ano),8.4217,2014-03-06 00:00:00,,Aluno-898,,8.125,-1.0,Topázio,Fase 1 (3° e 4° ano)
RA-899,ALFA,ALFA E - G2/G3,,,7.0,Masculino,2023,Escola Pública,,10.0,9.8,3.77,9.5,9.3,9.6,,,,9.34,10.0,,,PEDE2023,8.0,ALFA (1° e 2° ano),8.8452,3/27/2015,,Aluno-899,,7.5,0.0,Topázio,ALFA (1° e 2° ano)
RA-900,ALFA,ALFA E - G2/G3,,,7.0,Feminino,2023,Escola Pública,,9.0,9.8,9.38,7.8,8.0,7.5,,,,8.67,10.0,,,PEDE2023,8.0,ALFA (1° e 2° ano),8.8947,3/18/2015,,Aluno-900,,8.125,0.0,Topázio,ALFA (1° e 2° ano)
RA-846,ALFA,ALFA E - G2/G3,,,7.0,Feminino,2022,Escola Pública,7.412,9.5,8.2,3.77,6.0,6.3,5.7,,,,8.67,10.0,,,PEDE2023,8.0,ALFA (1° e 2° ano),7.4637,5/15/2015,,Aluno-846,,5.625,0.0,Ametista,ALFA (1° e 2° ano)
RA-901,ALFA,ALFA E - G2/G3,,,9.0,Masculino,2023,Escola Pública,,8.5,8.7,3.77,7.5,7.7,7.3,,,,8.595,5.0,,,PEDE2023,10.0,Fase 2 (5° e 6° ano),7.3112,12/30/2012,,Aluno-901,,6.25,-2.0,Ametista,Fase 2 (5° e 6° ano)
RA-743,ALFA,ALFA E - G2/G3,,,9.0,Feminino,2022,Escola Pública,6.672,0.0,9.1,3.77,7.1,7.3,6.8,,,,9.01,5.0,,,PEDE2023,10.0,Fase 2 (5° e 6° ano),6.659,8/31/2013,,Aluno-743,,7.5,-2.0,Agata,Fase 2 (5° e 6° ano)
RA-681,ALFA,ALFA E - G2/G3,,,9.0,Masculino,2022,Escola Pública,7.204,0.0,7.8,3.77,8.3,8.8,7.8,,,,8.18,5.0,,,PEDE2023,10.0,Fase 2 (5° e 6° ano),6.2955,12/14/2012,,Aluno-681,,5.625,-2.0,Agata,Fase 2 (5° e 6° ano)
RA-902,ALFA,ALFA E - G2/G3,,,11.0,Masculino,2023,Escola Pública,,10.0,9.3,2.52,3.9,4.5,3.3,,,,6.5,2.5,,,PEDE2023,12.0,Fase 3 (7° e 8° ano),5.97345,10/24/2011,,Aluno-902,,5.3125,-3.0,Quartzo,Fase 3 (7° e 8° ano)
RA-903,ALFA,ALFA E - G2/G3,,,,Feminino,2023,Escola Pública,,10.0,9.6,5.02,7.8,7.7,7.8,,,,9.01,10.0,,,PEDE2023,,ALFA (1° e 2° ano),8.5242,2015-04-04 00:00:00,,Aluno-903,,7.5,0.0,Topázio,ALFA (1° e 2° ano)
RA-851,ALFA,ALFA E - G2/G3,,,,Masculino,2022,Escola Pública,7.515,8.4,7.5,2.52,6.6,6.8,6.3,,,,6.01,5.0,,,PEDE2023,,Fase 1 (3° e 4° ano),6.1683,2014-03-03 00:00:00,,Aluno-851,,5.625,-1.0,Agata,Fase 1 (3° e 4° ano)
RA-847,ALFA,ALFA E - G2/G3,,,9.0,Masculino,2022,Escola Pública,6.839,7.9,9.1,2.52,7.6,7.5,7.6,,,,5.84,5.0,,,PEDE2023,10.0,Fase 2 (5° e 6° ano),6.5418,4/30/2013,,Aluno-847,,5.0,-2.0,Agata,Fase 2 (5° e 6° ano)
RA-904,ALFA,ALFA F - G0/G1,,,,Feminino,2023,Escola Pública,,9.0,9.3,7.52,6.4,6.0,6.8,,,,7.836666667,10.0,,,PEDE2023,,ALFA (1° e 2° ano),8.140783333,2016-12-02 00:00:00,,Aluno-904,,7.8125,0.0,Topázio,ALFA (1° e 2° ano)
RA-858,ALFA,ALFA F - G0/G1,,,,Masculino,2022,Escola Pública,7.523,0.0,8.1,3.77,9.3,9.3,9.2,,,,7.946666667,10.0,,,PEDE2023,,ALFA (1° e 2° ano),7.248833333,2015-09-02 00:00:00,,Aluno-858,,8.125,0.0,Ametista,ALFA (1° e 2° ano)
RA-905,ALFA,ALFA F - G0/G1,,,8.0,Masculino,2023,Escola Pública,,9.5,9.4,7.52,8.3,7.5,9.0,,,,7.056666667,5.0,,,PEDE2023,9.0,Fase 1 (3° e 4° ano),7.831033333,11/27/2013,,Aluno-905,,6.875,-1.0,Ametista,Fase 1 (3° e 4° ano)
RA-702,ALFA,ALFA F - G0/G1,,,,Feminino,2022,Escola Pública,7.387,10.0,10.0,5.63,9.3,9.3,9.3,,,,7.833333333,5.0,,,PEDE2023,,Fase 1 (3° e 4° ano),8.239866667,2014-03-02 00:00:00,,Aluno-702,,7.5,-1.0,Topázio,Fase 1 (3° e 4° ano)
RA-725,ALFA,ALFA F - G0/G1,,,8.0,Masculino,2022,Escola Pública,6.33,9.5,9.0,7.52,8.4,8.1,8.7,,,,8.113333333,5.0,,,PEDE2023,9.0,Fase 1 (3° e 4° ano),8.117366667,9/30/2014,,Aluno-725,,8.125,-1.0,Topázio,Fase 1 (3° e 4° ano)
RA-906,ALFA,ALFA F - G0/G1,,,,Masculino,2023,Escola Pública,,7.5,9.2,7.52,8.6,7.7,9.4,,,,6.95,10.0,,,PEDE2023,,ALFA (1° e 2° ano),8.1922,2015-10-06 00:00:00,,Aluno-906,,7.5,0.0,Topázio,ALFA (1° e 2° ano)
RA-907,ALFA,ALFA F - G0/G1,,,7.0,Feminino,2023,Escola Privada,,9.5,9.6,7.52,9.3,9.2,9.4,,,,8.336666667,10.0,,,PEDE2023,8.0,ALFA (1° e 2° ano),8.962033333,10/23/2015,,Aluno-907,,8.125,0.0,Topázio,ALFA (1° e 2° ano)
RA-908,ALFA,ALFA F - G0/G1,,,,Feminino,2023,Escola Pública,,9.0,9.0,7.52,7.9,6.7,9.0,,,,8.223333333,10.0,,,PEDE2023,,ALFA (1° e 2° ano),8.479366667,2015-08-06 00:00:00,,Aluno-908,,8.125,0.0,Topázio,ALFA (1° e 2° ano)
RA-909,ALFA,ALFA F - G0/G1,,,9.0,Feminino,2023,Escola Pública,,10.0,9.9,7.52,9.2,9.1,9.2,,,,8.056666667,5.0,,,PEDE2023,10.0,Fase 2 (5° e 6° ano),8.486033333,10/22/2013,,Aluno-909,,8.125,-2.0,Topázio,Fase 2 (5° e 6° ano)
RA-708,ALFA,ALFA F - G0/G1,,,8.0,Masculino,2022,Escola Pública,7.282,0.0,9.8,7.52,9.2,8.8,9.5,,,,8.28,5.0,,,PEDE2023,9.0,Fase 1 (3° e 4° ano),7.5105,11/30/2013,,Aluno-708,,8.125,-1.0,Ametista,Fase 1 (3° e 4° ano)
RA-910,ALFA,ALFA F - G0/G1,,,7.0,Masculino,2023,Escola Pública,,0.0,8.8,7.52,8.9,8.8,9.0,,,,8.17,10.0,,,PEDE2023,8.0,ALFA (1° e 2° ano),7.801,1/23/2015,,Aluno-910,,8.75,0.0,Ametista,ALFA (1° e 2° ano)
RA-671,ALFA,ALFA G - G2/G3,,,,Masculino,2021,Escola Pública,7.617,7.9,8.3,3.14,7.8,8.0,7.5,,,,5.68,5.0,,,PEDE2023,,Fase 2 (5° e 6° ano),6.5143,2013-04-04 00:00:00,,Aluno-671,,5.625,-2.0,Agata,Fase 2 (5° e 6° ano)
RA-836,ALFA,ALFA G - G2/G3,,,,Masculino,2022,Escola Pública,7.665,9.5,9.6,6.27,6.7,6.7,6.7,,,,8.085,5.0,,,PEDE2023,,Fase 2 (5° e 6° ano),7.6417,2013-10-02 00:00:00,,Aluno-836,,6.875,-2.0,Ametista,Fase 2 (5° e 6° ano)
RA-911,ALFA,ALFA G - G2/G3,,,10.0,Masculino,2023,Escola Pública,,9.0,6.7,2.52,3.4,3.7,3.0,,,,7.01,5.0,,,PEDE2023,11.0,Fase 2 (5° e 6° ano),5.59545,5/19/2012,,Aluno-911,,5.3125,-2.0,Quartzo,Fase 2 (5° e 6° ano)
RA-860,ALFA,ALFA G - G2/G3,,,,Masculino,2022,Escola Pública,8.136,7.0,9.8,6.89,7.4,7.2,7.5,,,,8.34,10.0,,,PEDE2023,,ALFA (1° e 2° ano),8.2372,2015-08-01 00:00:00,,Aluno-860,,7.5,0.0,Topázio,ALFA (1° e 2° ano)
RA-727,ALFA,ALFA G - G2/G3,,,,Masculino,2022,Escola Pública,7.736,9.5,8.8,2.52,8.0,8.3,7.7,,,,9.34,5.0,,,PEDE2023,,Fase 1 (3° e 4° ano),7.6802,2014-11-08 00:00:00,,Aluno-727,,7.5,-1.0,Ametista,Fase 1 (3° e 4° ano)
RA-739,ALFA,ALFA G - G2/G3,,,8.0,Masculino,2022,Escola Pública,6.82,9.0,8.3,7.52,7.6,7.3,7.8,,,,8.25,5.0,,,PEDE2023,9.0,Fase 1 (3° e 4° ano),7.5972,1/31/2014,,Aluno-739,,6.25,-1.0,Ametista,Fase 1 (3° e 4° ano)
RA-740,ALFA,ALFA G - G2/G3,,,9.0,Feminino,2022,Escola Privada,7.218,0.0,8.7,7.52,9.1,9.0,9.2,,,,8.925,5.0,,,PEDE2023,10.0,Fase 2 (5° e 6° ano),7.2845,8/18/2013,,Aluno-740,,6.875,-2.0,Ametista,Fase 2 (5° e 6° ano)
RA-912,ALFA,ALFA G - G2/G3,,,8.0,Feminino,2023,Escola Pública,,7.0,9.4,7.52,6.3,6.2,6.3,,,,7.175,5.0,,,PEDE2023,9.0,Fase 1 (3° e 4° ano),7.0797,6/13/2014,,Aluno-912,,5.625,-1.0,Ametista,Fase 1 (3° e 4° ano)
RA-706,ALFA,ALFA G - G2/G3,,,,Feminino,2021,Escola Pública,7.659,9.0,7.8,4.39,7.3,6.7,7.8,,,,8.08,5.0,,,PEDE2023,,Fase 2 (5° e 6° ano),7.1527,2012-10-12 00:00:00,,Aluno-706,,6.875,-2.0,Ametista,Fase 2 (5° e 6° ano)
RA-840,ALFA,ALFA G - G2/G3,,,,Masculino,2022,Escola Pública,7.875,9.5,9.0,4.38,8.2,8.3,8.0,,,,8.59,5.0,,,PEDE2023,,Fase 1 (3° e 4° ano),7.7862,2014-02-02 00:00:00,,Aluno-840,,7.5,-1.0,Ametista,Fase 1 (3° e 4° ano)
RA-841,ALFA,ALFA G - G2/G3,,,10.0,Masculino,2022,Escola Pública,7.3,0.0,7.2,7.52,6.9,6.7,7.0,,,,9.84,5.0,,,PEDE2023,11.0,Fase 2 (5° e 6° ano),6.78,12/30/2011,,Aluno-841,,7.5,-2.0,Agata,Fase 2 (5° e 6° ano)
RA-709,ALFA,ALFA G - G2/G3,,,10.0,Feminino,2022,Escola Pública,5.313,10.0,7.9,7.52,4.9,5.5,4.3,,,,6.59,5.0,,,PEDE2023,11.0,Fase 2 (5° e 6° ano),6.6927,8/29/2012,,Aluno-709,,5.625,-2.0,Agata,Fase 2 (5° e 6° ano)
RA-913,ALFA,ALFA H - G0/G1,,,,Feminino,2023,Escola Pública,,8.0,8.5,6.89,7.9,9.5,6.3,,,,9.245,5.0,,,PEDE2023,,Fase 2 (5° e 6° ano),7.7432,2013-02-03 00:00:00,,Aluno-913,,6.25,-2.0,Ametista,Fase 2 (5° e 6° ano)
RA-726,ALFA,ALFA H - G0/G1,,,7.0,Feminino,2022,Escola Pública,6.985,10.0,6.1,7.52,6.0,6.2,5.8,,,,8.17,10.0,,,PEDE2023,8.0,ALFA (1° e 2° ano),7.3687,1/31/2015,,Aluno-726,,5.625,0.0,Ametista,ALFA (1° e 2° ano)
RA-914,ALFA,ALFA H - G0/G1,,,7.0,Feminino,2023,Escola Pública,,10.0,9.2,7.52,8.7,9.0,8.4,,,,8.67,10.0,,,PEDE2023,8.0,ALFA (1° e 2° ano),8.6912,5/16/2015,,Aluno-914,,6.25,0.0,Topázio,ALFA (1° e 2° ano)
RA-915,ALFA,ALFA H - G0/G1,,,,Feminino,2023,Escola Pública,,10.0,8.4,7.52,8.4,8.1,8.7,,,,8.67,10.0,,,PEDE2023,,ALFA (1° e 2° ano),8.5962,2015-05-08 00:00:00,,Aluno-915,,7.5,0.0,Topázio,ALFA (1° e 2° ano)
RA-916,ALFA,ALFA H - G0/G1,,,8.0,Feminino,2023,Escola Pública,,9.5,9.7,2.52,6.6,7.7,5.5,,,,9.005,5.0,,,PEDE2023,9.0,Fase 1 (3° e 4° ano),7.3882,3/18/2014,,Aluno-916,,6.25,-1.0,Ametista,Fase 1 (3° e 4° ano)
RA-917,ALFA,ALFA H - G0/G1,,,6.0,Feminino,2023,Escola Pública,,0.0,7.2,2.52,7.0,5.3,8.7,,,,6.35,10.0,,,PEDE2023,7.0,ALFA (1° e 2° ano),5.987,12/15/2015,,Aluno-917,,6.25,0.0,Quartzo,ALFA (1° e 2° ano)
RA-918,ALFA,ALFA H - G0/G1,,,6.0,Feminino,2023,Escola Pública,,10.0,8.7,2.52,7.7,7.1,8.3,,,,7.01,10.0,,,PEDE2023,7.0,ALFA (1° e 2° ano),7.4967,3/19/2016,,Aluno-918,,5.625,0.0,Ametista,ALFA (1° e 2° ano)
RA-919,ALFA,ALFA H - G0/G1,,,8.0,Masculino,2023,Escola Pública,,0.0,8.4,7.52,5.3,5.5,5.0,,,,8.09,5.0,,,PEDE2023,9.0,Fase 1 (3° e 4° ano),6.225,4/16/2014,,Aluno-919,,6.25,-1.0,Agata,Fase 1 (3° e 4° ano)
RA-920,ALFA,ALFA H - G0/G1,,,7.0,Feminino,2023,Escola Pública,,9.0,6.3,7.52,6.1,6.0,6.2,,,,6.35,10.0,,,PEDE2023,8.0,ALFA (1° e 2° ano),6.9647,7/20/2015,,Aluno-920,,5.625,0.0,Agata,ALFA (1° e 2° ano)
RA-921,ALFA,ALFA I - G2/G3,,,6.0,Feminino,2023,Escola Pública,,9.0,9.7,7.52,6.3,6.5,6.0,,,,6.68,10.0,,,PEDE2023,7.0,ALFA (1° e 2° ano),7.7407,4/13/2016,,Aluno-921,,5.625,0.0,Ametista,ALFA (1° e 2° ano)
RA-922,ALFA,ALFA I - G2/G3,,,,Feminino,2023,Escola Pública,,8.5,9.7,3.14,8.4,8.5,8.2,,,,10.01,10.0,,,PEDE2023,,ALFA (1° e 2° ano),8.5262,2014-03-12 00:00:00,,Aluno-922,,7.5,0.0,Topázio,ALFA (1° e 2° ano)
RA-715,ALFA,ALFA I - G2/G3,,,,Feminino,2022,Escola Pública,6.656,0.0,9.5,3.14,5.4,4.5,6.3,,,,7.675,5.0,,,PEDE2023,,Fase 2 (5° e 6° ano),5.8915,2013-12-08 00:00:00,,Aluno-715,,5.625,-2.0,Quartzo,Fase 2 (5° e 6° ano)
RA-822,ALFA,ALFA I - G2/G3,,,,Masculino,2022,Escola Pública,6.922,8.5,8.4,2.52,7.1,8.0,6.2,,,,5.925,5.0,,,PEDE2023,,Fase 2 (5° e 6° ano),6.4497,2012-03-02 00:00:00,,Aluno-822,,5.625,-2.0,Agata,Fase 2 (5° e 6° ano)
RA-923,ALFA,ALFA I - G2/G3,,,,Feminino,2023,Escola Pública,,9.5,9.9,7.52,7.3,7.5,7.0,,,,10.01,10.0,,,PEDE2023,,ALFA (1° e 2° ano),8.8842,2015-01-04 00:00:00,,Aluno-923,,7.5,0.0,Topázio,ALFA (1° e 2° ano)
RA-742,ALFA,ALFA I - G2/G3,,,9.0,Feminino,2022,Escola Pública,7.097,0.0,7.6,7.52,7.5,6.2,8.8,,,,10.01,5.0,,,PEDE2023,10.0,Fase 2 (5° e 6° ano),7.024,8/15/2013,,Aluno-742,,7.5,-2.0,Ametista,Fase 2 (5° e 6° ano)
RA-924,ALFA,ALFA I - G2/G3,,,,Masculino,2023,Escola Pública,,9.0,5.6,7.52,5.0,5.0,5.0,,,,5.93,10.0,,,PEDE2023,,ALFA (1° e 2° ano),6.5207,2015-02-08 00:00:00,,Aluno-924,,5.625,0.0,Agata,ALFA (1° e 2° ano)
RA-925,ALFA,ALFA I - G2/G3,,,,Masculino,2023,Escola Pública,,9.0,8.9,7.52,5.4,5.2,5.5,,,,5.595,10.0,,,PEDE2023,,ALFA (1° e 2° ano),7.1837,2015-01-12 00:00:00,,Aluno-925,,5.625,0.0,Ametista,ALFA (1° e 2° ano)
RA-853,ALFA,ALFA J - G2/G3,,,8.0,Feminino,2022,Escola Pública,8.616,10.0,9.5,3.77,7.4,7.2,7.5,,,,9.84,5.0,,,PEDE2023,9.0,Fase 1 (3° e 4° ano),7.8402,7/19/2014,,Aluno-853,,6.25,-1.0,Ametista,Fase 1 (3° e 4° ano)
RA-854,ALFA,ALFA J - G2/G3,,,,Feminino,2022,Escola Pública,8.098,0.0,9.5,3.77,6.0,7.5,4.5,,,,8.01,10.0,,,PEDE2023,,ALFA (1° e 2° ano),6.6415,2014-08-11 00:00:00,,Aluno-854,,5.625,0.0,Agata,ALFA (1° e 2° ano)
RA-700,ALFA,ALFA J - G2/G3,,,8.0,Feminino,2022,Escola Pública,7.738,9.5,9.7,7.52,7.8,7.5,8.0,,,,9.84,5.0,,,PEDE2023,9.0,Fase 1 (3° e 4° ano),8.2852,10/29/2013,,Aluno-700,,6.25,-1.0,Topázio,Fase 1 (3° e 4° ano)
RA-701,ALFA,ALFA J - G2/G3,,,,Masculino,2021,Escola Pública,7.755,9.5,9.9,3.77,7.2,7.3,7.0,,,,7.68,5.0,,,PEDE2023,,Fase 2 (5° e 6° ano),7.3982,2012-10-09 00:00:00,,Aluno-701,,6.25,-2.0,Ametista,Fase 2 (5° e 6° ano)
RA-856,ALFA,ALFA J - G2/G3,,,,Masculino,2022,Escola Pública,8.398,0.0,9.6,7.52,7.3,7.5,7.0,,,,8.255,10.0,,,PEDE2023,,ALFA (1° e 2° ano),7.3355,2015-07-02 00:00:00,,Aluno-856,,5.625,0.0,Ametista,ALFA (1° e 2° ano)
RA-672,ALFA,ALFA J - G2/G3,,,9.0,Feminino,2021,Escola Pública,7.48,7.9,9.5,2.52,6.4,6.0,6.7,,,,6.43,5.0,,,PEDE2023,10.0,Fase 2 (5° e 6° ano),6.5623,8/26/2013,,Aluno-672,,5.625,-2.0,Agata,Fase 2 (5° e 6° ano)
RA-859,ALFA,ALFA J - G2/G3,,,7.0,Feminino,2022,Escola Pública,8.325,8.0,9.2,7.52,7.3,6.8,7.8,,,,10.01,10.0,,,PEDE2023,8.0,ALFA (1° e 2° ano),8.6042,3/20/2015,,Aluno-859,,7.5,0.0,Topázio,ALFA (1° e 2° ano)
RA-704,ALFA,ALFA J - G2/G3,,,,Masculino,2022,Escola Pública,6.741,10.0,9.9,3.14,6.1,6.5,5.7,,,,6.265,5.0,,,PEDE2023,,Fase 2 (5° e 6° ano),6.8297,2012-11-08 00:00:00,,Aluno-704,,5.625,-2.0,Agata,Fase 2 (5° e 6° ano)
RA-741,ALFA,ALFA J - G2/G3,,,10.0,Feminino,2022,Escola Pública,6.896,9.5,6.9,4.39,5.1,4.2,6.0,,,,7.095,5.0,,,PEDE2023,11.0,Fase 2 (5° e 6° ano),6.2707,9/24/2012,,Aluno-741,,5.625,-2.0,Agata,Fase 2 (5° e 6° ano)
RA-719,ALFA,ALFA J - G2/G3,,,,Masculino,2021,Escola Pública,5.552,9.5,5.3,7.52,5.9,7.0,4.7,,,,7.095,5.0,,,PEDE2023,,Fase 2 (5° e 6° ano),6.4137,2012-03-10 00:00:00,,Aluno-719,,5.625,-2.0,Agata,Fase 2 (5° e 6° ano)
RA-926,ALFA,ALFA J - G2/G3,,,8.0,Feminino,2023,Escola Pública,,9.0,10.0,3.77,6.8,6.5,7.0,,,,9.51,5.0,,,PEDE2023,9.0,Fase 1 (3° e 4° ano),7.7792,6/15/2014,,Aluno-926,,7.5,-1.0,Ametista,Fase 1 (3° e 4° ano)
RA-927,ALFA,ALFA J - G2/G3,,,,Feminino,2023,Escola Pública,,9.0,9.7,3.77,6.4,7.0,5.8,,,,9.255,5.0,,,PEDE2023,,Fase 1 (3° e 4° ano),7.5982,2014-11-06 00:00:00,,Aluno-927,,7.5,-1.0,Ametista,Fase 1 (3° e 4° ano)
RA-928,ALFA,ALFA K - G0/G1,,,7.0,Feminino,2023,Escola Pública,,8.5,10.0,7.52,9.8,9.8,9.8,,,,9.67,10.0,,,PEDE2023,8.0,ALFA (1° e 2° ano),9.3712,4/14/2015,,Aluno-928,,8.75,0.0,Topázio,ALFA (1° e 2° ano)
RA-929,ALFA,ALFA K - G0/G1,,,7.0,Feminino,2023,Escola Pública,,8.5,9.8,7.52,8.8,8.7,8.9,,,,9.67,10.0,,,PEDE2023,8.0,ALFA (1° e 2° ano),9.1312,10/22/2015,,Aluno-929,,8.75,0.0,Topázio,ALFA (1° e 2° ano)
RA-930,ALFA,ALFA K - G0/G1,,,7.0,Masculino,2023,Escola Pública,,9.0,8.8,7.52,9.0,8.7,9.3,,,,9.0,10.0,,,PEDE2023,8.0,ALFA (1° e 2° ano),8.8872,10/13/2015,,Aluno-930,,8.75,0.0,Topázio,ALFA (1° e 2° ano)
RA-931,ALFA,ALFA K - G0/G1,,,,Masculino,2023,Escola Pública,,8.5,8.2,2.52,7.8,7.0,8.5,,,,7.6,10.0,,,PEDE2023,,ALFA (1° e 2° ano),7.3747,2015-08-04 00:00:00,,Aluno-931,,5.625,0.0,Ametista,ALFA (1° e 2° ano)
RA-932,ALFA,ALFA K - G0/G1,,,6.0,Feminino,2023,Escola Pública,,9.5,7.9,7.52,7.5,6.5,8.4,,,,9.0,10.0,,,PEDE2023,7.0,ALFA (1° e 2° ano),8.3847,12/22/2015,,Aluno-932,,8.125,0.0,Topázio,ALFA (1° e 2° ano)
RA-933,ALFA,ALFA K - G0/G1,,,7.0,Feminino,2023,Escola Pública,,9.0,8.4,7.52,7.7,8.0,7.3,,,,9.67,10.0,,,PEDE2023,8.0,ALFA (1° e 2° ano),8.6712,9/26/2015,,Aluno-933,,8.75,0.0,Topázio,ALFA (1° e 2° ano)
RA-934,ALFA,ALFA K - G0/G1,,,7.0,Feminino,2023,Escola Pública,,9.0,9.6,7.52,8.7,8.3,9.0,,,,9.67,10.0,,,PEDE2023,8.0,ALFA (1° e 2° ano),9.1737,9/15/2015,,Aluno-934,,9.375,0.0,Topázio,ALFA (1° e 2° ano)
RA-935,ALFA,ALFA K - G0/G1,,,8.0,Masculino,2023,Escola Pública,,0.0,9.8,7.52,9.4,9.2,9.5,,,,9.67,5.0,,,PEDE2023,9.0,Fase 1 (3° e 4° ano),7.9535,9/23/2014,,Aluno-935,,9.375,-1.0,Ametista,Fase 1 (3° e 4° ano)
RA-936,ALFA,ALFA K - G0/G1,,,,Feminino,2023,Escola Pública,,9.0,10.0,7.52,6.5,5.0,8.0,,,,8.915,10.0,,,PEDE2023,,ALFA (1° e 2° ano),8.5477,2015-11-08 00:00:00,,Aluno-936,,8.125,0.0,Topázio,ALFA (1° e 2° ano)
RA-937,ALFA,ALFA K - G0/G1,,,,Feminino,2023,Escola Pública,,9.5,9.6,7.52,9.2,9.0,9.3,,,,9.67,10.0,,,PEDE2023,,ALFA (1° e 2° ano),9.3237,2015-03-03 00:00:00,,Aluno-937,,9.375,0.0,Topázio,ALFA (1° e 2° ano)
RA-756,ALFA,ALFA K - G0/G1,,,,Masculino,2022,Escola Pública,6.976,10.0,8.7,7.52,6.1,5.4,6.8,,,,6.59,5.0,,,PEDE2023,,Fase 2 (5° e 6° ano),7.0927,2013-09-09 00:00:00,,Aluno-756,,5.625,-2.0,Ametista,Fase 2 (5° e 6° ano)
RA-938,ALFA,ALFA K - G0/G1,,,,Masculino,2023,Escola Pública,,8.5,8.4,7.52,4.2,0.0,8.3,,,,7.5,5.0,,,PEDE2023,,Fase 1 (3° e 4° ano),6.7372,2014-01-06 00:00:00,,Aluno-938,,6.25,-1.0,Agata,Fase 1 (3° e 4° ano)
RA-939,ALFA,ALFA L - G2/G3,,,,Feminino,2023,Escola Pública,,9.0,10.0,7.52,5.4,5.0,5.7,,,,10.01,5.0,,,PEDE2023,,Fase 2 (5° e 6° ano),7.9742,2012-04-10 00:00:00,,Aluno-939,,7.5,-2.0,Ametista,Fase 2 (5° e 6° ano)
RA-789,ALFA,ALFA L - G2/G3,,,7.0,Feminino,2022,Escola Pública,7.405,0.0,9.5,7.52,7.9,8.5,7.2,,,,10.01,10.0,,,PEDE2023,8.0,ALFA (1° e 2° ano),7.974,1/14/2015,,Aluno-789,,7.5,0.0,Ametista,ALFA (1° e 2° ano)
RA-792,ALFA,ALFA L - G2/G3,,,9.0,Feminino,2022,Escola Pública,7.025,9.0,7.7,7.52,7.2,6.8,7.5,,,,9.085,5.0,,,PEDE2023,10.0,Fase 2 (5° e 6° ano),7.6267,3/19/2013,,Aluno-792,,6.875,-2.0,Ametista,Fase 2 (5° e 6° ano)
RA-940,ALFA,ALFA L - G2/G3,,,,Masculino,2023,Escola Pública,,9.0,8.4,2.52,6.3,6.8,5.7,,,,7.02,5.0,,,PEDE2023,,Fase 2 (5° e 6° ano),6.6112,2012-03-07 00:00:00,,Aluno-940,,6.25,-2.0,Agata,Fase 2 (5° e 6° ano)
RA-941,ALFA,ALFA L - G2/G3,,,,Feminino,2023,Escola Pública,,8.0,10.0,7.52,5.0,5.0,5.0,,,,8.175,10.0,,,PEDE2023,,ALFA (1° e 2° ano),7.6872,2015-02-03 00:00:00,,Aluno-941,,5.0,0.0,Ametista,ALFA (1° e 2° ano)
RA-942,ALFA,ALFA L - G2/G3,,,9.0,Feminino,2023,Escola Pública,,9.5,8.9,2.52,7.1,7.3,6.8,,,,7.0,5.0,,,PEDE2023,10.0,Fase 2 (5° e 6° ano),6.8547,4/14/2013,,Aluno-942,,5.625,-2.0,Agata,Fase 2 (5° e 6° ano)
RA-943,ALFA,ALFA L - G2/G3,,,,Feminino,2023,Escola Pública,,9.5,9.4,7.52,8.0,8.0,8.0,,,,9.925,10.0,,,PEDE2023,,ALFA (1° e 2° ano),8.9172,2015-12-01 00:00:00,,Aluno-943,,7.5,0.0,Topázio,ALFA (1° e 2° ano)
RA-782,ALFA,ALFA L - G2/G3,,,8.0,Masculino,2022,Escola Pública,7.485,8.5,9.8,2.52,7.5,8.3,6.7,,,,9.345,5.0,,,PEDE2023,9.0,Fase 1 (3° e 4° ano),7.6812,7/31/2014,,Aluno-782,,7.5,-1.0,Ametista,Fase 1 (3° e 4° ano)
RA-768,ALFA,ALFA L - G2/G3,,,,Feminino,2021,Escola Pública,7.646,10.0,9.1,7.52,7.9,8.0,7.8,,,,10.01,5.0,,,PEDE2023,,Fase 2 (5° e 6° ano),8.4042,2012-07-09 00:00:00,,Aluno-768,,7.5,-2.0,Topázio,Fase 2 (5° e 6° ano)
RA-794,ALFA,ALFA L - G2/G3,,,,Feminino,2022,Escola Pública,7.335,9.0,9.2,7.52,6.2,5.2,7.2,,,,10.01,5.0,,,PEDE2023,,Fase 1 (3° e 4° ano),7.9842,2014-08-10 00:00:00,,Aluno-794,,7.5,-1.0,Ametista,Fase 1 (3° e 4° ano)
RA-795,ALFA,ALFA L - G2/G3,,,8.0,Feminino,2022,Escola Pública,8.064,9.0,9.6,7.52,8.2,8.7,7.7,,,,10.01,5.0,,,PEDE2023,9.0,Fase 1 (3° e 4° ano),8.4642,2/17/2014,,Aluno-795,,7.5,-1.0,Topázio,Fase 1 (3° e 4° ano)
RA-944,ALFA,ALFA M - G0/G1,,,8.0,Feminino,2023,Escola Pública,,9.0,7.6,7.52,7.5,9.2,5.8,,,,6.67,5.0,,,PEDE2023,9.0,Fase 1 (3° e 4° ano),7.0687,1/20/2014,,Aluno-944,,5.625,-1.0,Ametista,Fase 1 (3° e 4° ano)
RA-945,ALFA,ALFA M - G0/G1,,,,Masculino,2023,Escola Pública,,8.5,9.2,7.52,7.9,8.0,7.8,,,,6.84,10.0,,,PEDE2023,,ALFA (1° e 2° ano),8.0777,2015-02-04 00:00:00,,Aluno-945,,6.875,0.0,Topázio,ALFA (1° e 2° ano)
RA-946,ALFA,ALFA M - G0/G1,,,,Masculino,2023,Escola Pública,,9.5,9.4,7.52,9.3,9.0,9.5,,,,7.0,10.0,,,PEDE2023,,ALFA (1° e 2° ano),8.5822,2016-11-01 00:00:00,,Aluno-946,,7.5,0.0,Topázio,ALFA (1° e 2° ano)
RA-754,ALFA,ALFA M - G0/G1,,,,Masculino,2022,Escola Pública,6.602,9.5,6.1,2.52,5.6,5.7,5.4,,,,6.67,5.0,,,PEDE2023,,Fase 2 (5° e 6° ano),6.0537,2013-05-09 00:00:00,,Aluno-754,,6.875,-2.0,Agata,Fase 2 (5° e 6° ano)
RA-947,ALFA,ALFA M - G0/G1,,,,Masculino,2023,Escola Pública,,9.0,7.9,7.52,3.3,1.7,4.9,,,,5.08,10.0,,,PEDE2023,,ALFA (1° e 2° ano),6.3457,2015-02-03 00:00:00,,Aluno-947,,4.375,0.0,Agata,ALFA (1° e 2° ano)
RA-948,ALFA,ALFA M - G0/G1,,,7.0,Feminino,2023,Escola Pública,,9.0,7.6,7.52,0.0,0.0,0.0,,,,8.34,10.0,,,PEDE2023,8.0,ALFA (1° e 2° ano),6.5277,4/26/2015,,Aluno-948,,6.875,0.0,Agata,ALFA (1° e 2° ano)
RA-949,ALFA,ALFA M - G0/G1,,,,Feminino,2023,Escola Pública,,9.5,8.1,7.52,8.9,9.1,8.6,,,,6.5,10.0,,,PEDE2023,,ALFA (1° e 2° ano),8.0172,2015-03-08 00:00:00,,Aluno-949,,6.25,0.0,Topázio,ALFA (1° e 2° ano)
RA-950,ALFA,ALFA M - G0/G1,,,7.0,Feminino,2023,Escola Pública,,9.0,10.0,7.52,9.3,9.5,9.0,,,,8.17,10.0,,,PEDE2023,8.0,ALFA (1° e 2° ano),8.8862,11/17/2014,,Aluno-950,,7.5,0.0,Topázio,ALFA (1° e 2° ano)
RA-773,ALFA,ALFA M - G0/G1,,,8.0,Feminino,2022,Escola Pública,6.922,10.0,7.5,2.52,7.9,8.0,7.8,,,,7.67,5.0,,,PEDE2023,9.0,Fase 1 (3° e 4° ano),6.9287,12/31/2013,,Aluno-773,,5.625,-1.0,Agata,Fase 1 (3° e 4° ano)
RA-951,ALFA,ALFA M - G0/G1,,,6.0,Feminino,2023,Escola Pública,,9.5,9.7,7.52,8.4,8.5,8.3,,,,9.09,10.0,,,PEDE2023,7.0,ALFA (1° e 2° ano),8.8902,5/23/2016,,Aluno-951,,7.5,0.0,Topázio,ALFA (1° e 2° ano)
RA-769,ALFA,ALFA N - G2/G3,,,9.0,Feminino,2022,Escola Pública,7.598,10.0,9.3,3.77,8.0,8.2,7.8,,,,8.675,5.0,,,PEDE2023,10.0,Fase 2 (5° e 6° ano),7.85345,8/23/2013,,Aluno-769,,7.8125,-2.0,Ametista,Fase 2 (5° e 6° ano)
RA-952,ALFA,ALFA N - G2/G3,,,7.0,Masculino,2023,Escola Pública,,9.5,9.2,3.77,9.0,8.8,9.2,,,,8.425,10.0,,,PEDE2023,8.0,ALFA (1° e 2° ano),8.37095,9/22/2015,,Aluno-952,,7.1875,0.0,Topázio,ALFA (1° e 2° ano)
RA-826,ALFA,ALFA N - G2/G3,,,,Masculino,2022,Escola Pública,7.776,10.0,10.0,3.77,7.3,7.0,7.5,,,,8.34,5.0,,,PEDE2023,,Fase 1 (3° e 4° ano),7.77645,2014-06-03 00:00:00,,Aluno-826,,7.8125,-1.0,Ametista,Fase 1 (3° e 4° ano)
RA-953,ALFA,ALFA N - G2/G3,,,,Feminino,2023,Escola Pública,,7.4,8.8,3.14,8.3,8.5,8.0,,,,7.09,10.0,,,PEDE2023,,ALFA (1° e 2° ano),7.54005,2015-04-02 00:00:00,,Aluno-953,,6.5625,0.0,Ametista,ALFA (1° e 2° ano)
RA-954,ALFA,ALFA N - G2/G3,,,7.0,Feminino,2023,Escola Pública,,0.0,8.3,3.14,7.7,7.8,7.5,,,,8.005,10.0,,,PEDE2023,8.0,ALFA (1° e 2° ano),6.82375,4/13/2015,,Aluno-954,,7.1875,0.0,Agata,ALFA (1° e 2° ano)
RA-780,ALFA,ALFA N - G2/G3,,,9.0,Feminino,2022,Escola Pública,6.955,9.5,8.8,3.14,8.3,8.0,8.5,,,,8.675,5.0,,,PEDE2023,10.0,Fase 2 (5° e 6° ano),7.7842,8/22/2013,,Aluno-780,,8.75,-2.0,Ametista,Fase 2 (5° e 6° ano)
RA-955,ALFA,ALFA N - G2/G3,,,9.0,Feminino,2023,Escola Pública,,9.0,8.8,3.14,7.8,8.0,7.5,,,,7.09,5.0,,,PEDE2023,10.0,Fase 2 (5° e 6° ano),7.1297,4/28/2013,,Aluno-955,,6.875,-2.0,Ametista,Fase 2 (5° e 6° ano)
RA-831,ALFA,ALFA N - G2/G3,,,8.0,Masculino,2022,Escola Pública,7.41,8.0,9.4,3.77,8.3,8.8,7.8,,,,8.59,5.0,,,PEDE2023,9.0,Fase 1 (3° e 4° ano),7.71645,12/19/2013,,Aluno-831,,7.8125,-1.0,Ametista,Fase 1 (3° e 4° ano)
RA-783,ALFA,ALFA N - G2/G3,,,,Masculino,2021,Escola Pública,6.996,9.5,6.8,3.77,8.9,9.0,8.7,,,,7.925,5.0,,,PEDE2023,,Fase 1 (3° e 4° ano),7.2922,2014-12-04 00:00:00,,Aluno-783,,7.5,-1.0,Ametista,Fase 1 (3° e 4° ano)
RA-774,ALFA,ALFA N - G2/G3,,,,Feminino,2022,Escola Pública,7.587,0.0,9.5,3.14,6.9,7.7,6.0,,,,6.34,5.0,,,PEDE2023,,Fase 1 (3° e 4° ano),5.852,2014-09-09 00:00:00,,Aluno-774,,5.0,-1.0,Quartzo,Fase 1 (3° e 4° ano)
RA-748,ALFA,ALFA O - G2/G3,,,,Masculino,2022,Escola Pública,8.084,9.5,9.7,7.52,9.1,9.0,9.2,,,,10.01,5.0,,,PEDE2023,,Fase 2 (5° e 6° ano),8.7142,2013-08-06 00:00:00,,Aluno-748,,7.5,-2.0,Topázio,Fase 2 (5° e 6° ano)
RA-749,ALFA,ALFA O - G2/G3,,,8.0,Masculino,2022,Escola Pública,7.484,10.0,9.0,7.52,7.3,7.3,7.3,,,,8.425,5.0,,,PEDE2023,9.0,Fase 1 (3° e 4° ano),7.7597,12/23/2013,,Aluno-749,,5.625,-1.0,Ametista,Fase 1 (3° e 4° ano)
RA-956,ALFA,ALFA O - G2/G3,,,10.0,Masculino,2023,Escola Pública,,8.0,7.5,7.52,7.8,7.8,7.8,,,,9.345,5.0,,,PEDE2023,11.0,Fase 2 (5° e 6° ano),7.7312,10/18/2012,,Aluno-956,,7.5,-2.0,Ametista,Fase 2 (5° e 6° ano)
RA-787,ALFA,ALFA O - G2/G3,,,,Masculino,2022,Escola Pública,7.205,9.0,9.8,7.52,5.9,6.0,5.8,,,,8.34,5.0,,,PEDE2023,,Fase 1 (3° e 4° ano),7.5227,2014-01-08 00:00:00,,Aluno-787,,5.625,-1.0,Ametista,Fase 1 (3° e 4° ano)
RA-957,ALFA,ALFA O - G2/G3,,,,Feminino,2023,Escola Pública,,10.0,9.3,7.52,9.1,9.0,9.2,,,,9.925,10.0,,,PEDE2023,,ALFA (1° e 2° ano),9.1672,2014-01-12 00:00:00,,Aluno-957,,7.5,0.0,Topázio,ALFA (1° e 2° ano)
RA-753,ALFA,ALFA O - G2/G3,,,,Feminino,2022,Escola Pública,8.481,9.0,9.9,7.52,9.0,9.0,9.0,,,,9.925,5.0,,,PEDE2023,,Fase 1 (3° e 4° ano),8.6672,2014-11-06 00:00:00,,Aluno-753,,7.5,-1.0,Topázio,Fase 1 (3° e 4° ano)
RA-958,ALFA,ALFA O - G2/G3,,,,Feminino,2023,Escola Pública,,10.0,9.8,7.52,9.3,9.3,9.3,,,,9.84,10.0,,,PEDE2023,,ALFA (1° e 2° ano),9.2902,2015-11-03 00:00:00,,Aluno-958,,7.5,0.0,Topázio,ALFA (1° e 2° ano)
RA-755,ALFA,ALFA O - G2/G3,,,8.0,Masculino,2022,Escola Pública,8.566,10.0,9.5,7.52,9.2,9.2,9.2,,,,10.01,5.0,,,PEDE2023,9.0,Fase 1 (3° e 4° ano),8.7442,3/22/2014,,Aluno-755,,7.5,-1.0,Topázio,Fase 1 (3° e 4° ano)
RA-763,ALFA,ALFA O - G2/G3,,,9.0,Feminino,2021,Escola Pública,7.402,0.0,9.2,3.14,7.9,7.8,8.0,,,,9.0,5.0,,,PEDE2023,10.0,Fase 2 (5° e 6° ano),6.7215,12/19/2012,,Aluno-763,,6.875,-2.0,Agata,Fase 2 (5° e 6° ano)
RA-757,ALFA,ALFA O - G2/G3,,,9.0,Feminino,2022,Escola Pública,8.26,9.0,9.6,7.52,9.3,9.5,9.0,,,,10.01,5.0,,,PEDE2023,10.0,Fase 2 (5° e 6° ano),8.6742,2/28/2013,,Aluno-757,,7.5,-2.0,Topázio,Fase 2 (5° e 6° ano)
RA-959,ALFA,ALFA O - G2/G3,,,7.0,Masculino,2023,Escola Pública,,10.0,9.6,7.52,7.7,7.7,7.7,,,,8.84,10.0,,,PEDE2023,8.0,ALFA (1° e 2° ano),8.6677,8/17/2015,,Aluno-959,,6.875,0.0,Topázio,ALFA (1° e 2° ano)
RA-960,ALFA,ALFA O - G2/G3,,,9.0,Masculino,2023,Escola Pública,,8.5,10.0,7.52,6.3,6.5,6.0,,,,5.85,5.0,,,PEDE2023,10.0,Fase 2 (5° e 6° ano),7.0847,5/17/2013,,Aluno-960,,5.625,-2.0,Ametista,Fase 2 (5° e 6° ano)
RA-961,ALFA,ALFA O - G2/G3,,,8.0,Masculino,2023,Escola Pública,,0.0,8.7,2.52,6.2,6.2,6.2,,,,8.665,5.0,,,PEDE2023,9.0,Fase 1 (3° e 4° ano),5.99625,1/21/2014,,Aluno-961,,5.3125,-1.0,Quartzo,Fase 1 (3° e 4° ano)
RA-962,ALFA,ALFA Q - G2/G3,,,,Feminino,2023,Escola Pública,,9.0,9.2,7.52,8.7,9.5,7.8,,,,10.01,5.0,,,PEDE2023,,Fase 1 (3° e 4° ano),8.4742,2014-02-01 00:00:00,,Aluno-962,,7.5,-1.0,Topázio,Fase 1 (3° e 4° ano)
RA-805,ALFA,ALFA Q - G2/G3,,,8.0,Masculino,2021,Escola Pública,8.279,0.0,9.1,7.52,6.8,6.8,6.8,,,,7.175,5.0,,,PEDE2023,9.0,Fase 1 (3° e 4° ano),6.492,6/14/2014,,Aluno-805,,6.25,-1.0,Agata,Fase 1 (3° e 4° ano)
RA-806,ALFA,ALFA Q - G2/G3,,,8.0,Masculino,2022,Escola Pública,7.561,8.5,8.3,6.27,7.8,7.8,7.7,,,,7.095,5.0,,,PEDE2023,9.0,Fase 1 (3° e 4° ano),7.2937,2/28/2014,,Aluno-806,,6.875,-1.0,Ametista,Fase 1 (3° e 4° ano)
RA-807,ALFA,ALFA Q - G2/G3,,,8.0,Masculino,2022,Escola Pública,8.121,9.5,9.1,7.52,8.0,8.3,7.7,,,,8.08,5.0,,,PEDE2023,9.0,Fase 1 (3° e 4° ano),7.8632,7/22/2014,,Aluno-807,,6.25,-1.0,Ametista,Fase 1 (3° e 4° ano)
RA-963,ALFA,ALFA Q - G2/G3,,,,Feminino,2023,Escola Pública,,9.5,9.8,7.52,8.5,8.3,8.7,,,,10.01,5.0,,,PEDE2023,,Fase 1 (3° e 4° ano),8.6142,2014-05-09 00:00:00,,Aluno-963,,7.5,-1.0,Topázio,Fase 1 (3° e 4° ano)
RA-964,ALFA,ALFA Q - G2/G3,,,8.0,Masculino,2023,Escola Pública,,8.5,9.4,7.52,7.2,7.3,7.0,,,,8.5,5.0,,,PEDE2023,9.0,Fase 1 (3° e 4° ano),7.7997,4/30/2014,,Aluno-964,,6.875,-1.0,Ametista,Fase 1 (3° e 4° ano)
RA-965,ALFA,ALFA Q - G2/G3,,,8.0,Feminino,2023,Escola Pública,,8.5,8.2,6.27,4.7,5.3,4.0,,,,7.18,5.0,,,PEDE2023,9.0,Fase 1 (3° e 4° ano),6.4832,3/26/2014,,Aluno-965,,5.0,-1.0,Agata,Fase 1 (3° e 4° ano)
RA-966,ALFA,ALFA Q - G2/G3,,,,Masculino,2023,Escola Pública,,10.0,10.0,7.52,5.0,5.0,5.0,,,,7.675,5.0,,,PEDE2023,,Fase 1 (3° e 4° ano),7.44345,2014-05-06 00:00:00,,Aluno-966,,6.5625,-1.0,Ametista,Fase 1 (3° e 4° ano)
RA-967,ALFA,ALFA Q - G2/G3,,,,Masculino,2023,Escola Pública,,9.5,8.0,7.52,6.5,6.5,6.5,,,,7.35,5.0,,,PEDE2023,,Fase 2 (5° e 6° ano),7.1347,2013-09-09 00:00:00,,Aluno-967,,5.625,-2.0,Ametista,Fase 2 (5° e 6° ano)
RA-968,ALFA,ALFA Q - G2/G3,,,,Feminino,2023,Escola Pública,,9.0,9.7,7.52,8.3,8.0,8.5,,,,10.01,5.0,,,PEDE2023,,Fase 1 (3° e 4° ano),8.4942,2014-08-05 00:00:00,,Aluno-968,,7.5,-1.0,Topázio,Fase 1 (3° e 4° ano)
RA-812,ALFA,ALFA Q - G2/G3,,,7.0,Masculino,2022,Escola Pública,7.497,9.5,9.1,7.52,5.8,6.3,5.3,,,,8.33,10.0,,,PEDE2023,8.0,ALFA (1° e 2° ano),8.0357,11/30/2014,,Aluno-812,,6.875,0.0,Topázio,ALFA (1° e 2° ano)
RA-969,ALFA,ALFA Q - G2/G3,,,7.0,Masculino,2023,Escola Pública,,8.5,9.7,7.52,5.5,6.0,5.0,,,,7.51,10.0,,,PEDE2023,8.0,ALFA (1° e 2° ano),7.7692,8/17/2015,,Aluno-969,,6.25,0.0,Ametista,ALFA (1° e 2° ano)
RA-970,ALFA,ALFA R - G0/G1,,,,Feminino,2023,Escola Pública,,8.5,8.1,7.52,9.4,9.2,9.5,,,,9.84,10.0,,,PEDE2023,,ALFA (1° e 2° ano),8.9977,2015-02-06 00:00:00,,Aluno-970,,9.375,0.0,Topázio,ALFA (1° e 2° ano)
RA-971,ALFA,ALFA R - G0/G1,,,,Masculino,2023,Escola Pública,,7.8,6.4,3.77,6.9,5.5,8.3,,,,8.17,10.0,,,PEDE2023,,ALFA (1° e 2° ano),7.0169,2015-04-03 00:00:00,,Aluno-971,,5.625,0.0,Ametista,ALFA (1° e 2° ano)
RA-972,ALFA,ALFA R - G0/G1,,,7.0,Masculino,2023,Escola Pública,,9.0,9.1,3.77,6.0,6.2,5.7,,,,7.84,10.0,,,PEDE2023,8.0,ALFA (1° e 2° ano),7.5427,9/24/2015,,Aluno-972,,6.875,0.0,Ametista,ALFA (1° e 2° ano)
RA-973,ALFA,ALFA R - G0/G1,,,,Masculino,2023,Escola Pública,,0.0,8.6,3.77,5.2,6.2,4.1,,,,7.415,5.0,,,PEDE2023,,Fase 1 (3° e 4° ano),5.82875,2014-12-02 00:00:00,,Aluno-973,,7.1875,-1.0,Quartzo,Fase 1 (3° e 4° ano)
RA-974,ALFA,ALFA R - G0/G1,,,,Masculino,2023,Escola Pública,,9.0,9.1,3.77,8.8,8.8,8.8,,,,9.34,10.0,,,PEDE2023,,ALFA (1° e 2° ano),8.4752,2015-09-12 00:00:00,,Aluno-974,,7.5,0.0,Topázio,ALFA (1° e 2° ano)
RA-975,ALFA,ALFA R - G0/G1,,,,Feminino,2023,Escola Pública,,7.9,9.2,7.52,6.5,7.2,5.8,,,,7.67,10.0,,,PEDE2023,,ALFA (1° e 2° ano),7.7803,2015-04-12 00:00:00,,Aluno-975,,5.625,0.0,Ametista,ALFA (1° e 2° ano)
RA-976,ALFA,ALFA R - G0/G1,,,,Masculino,2023,Escola Pública,,9.5,9.2,6.27,8.6,9.0,8.2,,,,8.34,10.0,,,PEDE2023,,ALFA (1° e 2° ano),8.39895,2015-04-04 00:00:00,,Aluno-976,,5.9375,0.0,Topázio,ALFA (1° e 2° ano)
RA-977,ALFA,ALFA R - G0/G1,,,6.0,Feminino,2023,Escola Pública,,8.5,7.4,5.02,5.8,5.7,5.9,,,,8.085,10.0,,,PEDE2023,7.0,ALFA (1° e 2° ano),7.1717,12/30/2015,,Aluno-977,,5.625,0.0,Ametista,ALFA (1° e 2° ano)
RA-978,ALFA,ALFA R - G0/G1,,,,Feminino,2023,Escola Pública,,9.0,9.8,3.77,8.6,8.7,8.5,,,,9.34,10.0,,,PEDE2023,,ALFA (1° e 2° ano),8.3877,2015-10-11 00:00:00,,Aluno-978,,5.625,0.0,Topázio,ALFA (1° e 2° ano)
RA-979,ALFA,ALFA S - G2/G3,,,7.0,Masculino,2023,Escola Pública,,9.5,9.6,6.27,6.0,6.0,6.0,,,,9.51,10.0,,,PEDE2023,8.0,ALFA (1° e 2° ano),8.1617,7/19/2015,,Aluno-979,,5.625,0.0,Topázio,ALFA (1° e 2° ano)
RA-980,ALFA,ALFA S - G2/G3,,,7.0,Feminino,2023,Escola Pública,,0.0,9.8,5.02,6.3,6.5,6.0,,,,9.34,10.0,,,PEDE2023,8.0,ALFA (1° e 2° ano),7.1425,9/19/2015,,Aluno-980,,5.625,0.0,Ametista,ALFA (1° e 2° ano)
RA-808,ALFA,ALFA S - G2/G3,,,8.0,Masculino,2022,Escola Pública,8.361,10.0,10.0,2.52,8.7,8.7,8.7,,,,9.755,5.0,,,PEDE2023,9.0,Fase 1 (3° e 4° ano),8.1932,9/27/2014,,Aluno-808,,7.5,-1.0,Topázio,Fase 1 (3° e 4° ano)
RA-981,ALFA,ALFA S - G2/G3,,,6.0,Feminino,2023,Escola Pública,,9.5,9.1,2.52,5.8,5.7,5.8,,,,9.01,10.0,,,PEDE2023,7.0,ALFA (1° e 2° ano),7.5367,1/20/2016,,Aluno-981,,5.625,0.0,Ametista,ALFA (1° e 2° ano)
RA-982,ALFA,ALFA S - G2/G3,,,6.0,Masculino,2023,Escola Pública,,0.0,9.1,2.52,8.6,8.7,8.5,,,,8.835,10.0,,,PEDE2023,7.0,ALFA (1° e 2° ano),7.1215,11/19/2015,,Aluno-982,,5.625,0.0,Ametista,ALFA (1° e 2° ano)
RA-983,ALFA,ALFA S - G2/G3,,,7.0,Masculino,2023,Escola Pública,,8.5,9.9,2.52,8.8,8.8,8.8,,,,9.415,10.0,,,PEDE2023,8.0,ALFA (1° e 2° ano),8.3502,10/28/2014,,Aluno-983,,6.25,0.0,Topázio,ALFA (1° e 2° ano)
RA-984,ALFA,ALFA S - G2/G3,,,7.0,Feminino,2023,Escola Pública,,8.0,9.8,7.52,8.3,8.3,8.2,,,,9.84,10.0,,,PEDE2023,8.0,ALFA (1° e 2° ano),8.8177,12/21/2014,,Aluno-984,,6.875,0.0,Topázio,ALFA (1° e 2° ano)
RA-985,ALFA,ALFA S - G2/G3,,,7.0,Masculino,2023,Escola Pública,,9.0,9.3,2.52,6.8,7.3,6.2,,,,8.5,10.0,,,PEDE2023,8.0,ALFA (1° e 2° ano),7.6247,8/23/2015,,Aluno-985,,5.625,0.0,Ametista,ALFA (1° e 2° ano)
RA-986,ALFA,ALFA S - G2/G3,,,7.0,Feminino,2023,Escola Pública,,9.5,9.1,2.52,8.3,8.3,8.3,,,,8.83,10.0,,,PEDE2023,8.0,ALFA (1° e 2° ano),8.0107,6/15/2015,,Aluno-986,,5.625,0.0,Topázio,ALFA (1° e 2° ano)
RA-987,ALFA,ALFA S - G2/G3,,,7.0,Masculino,2023,Escola Pública,,0.0,9.8,6.27,7.3,7.5,7.0,,,,9.76,10.0,,,PEDE2023,8.0,ALFA (1° e 2° ano),7.6765,7/26/2015,,Aluno-987,,6.875,0.0,Ametista,ALFA (1° e 2° ano)
RA-988,ALFA,ALFA S - G2/G3,,,,Feminino,2023,Escola Pública,,7.9,8.1,7.52,8.5,8.5,8.5,,,,9.84,5.0,,,PEDE2023,,Fase 1 (3° e 4° ano),7.9568,2014-02-05 00:00:00,,Aluno-988,,6.25,-1.0,Ametista,Fase 1 (3° e 4° ano)
RA-989,ALFA,ALFA S - G2/G3,,,8.0,Masculino,2023,Escola Pública,,9.5,8.1,2.52,8.3,8.7,7.8,,,,10.01,5.0,,,PEDE2023,9.0,Fase 1 (3° e 4° ano),7.7242,9/18/2014,,Aluno-989,,7.5,-1.0,Ametista,Fase 1 (3° e 4° ano)
RA-677,ALFA,ALFA T - G2/G3,,,8.0,Feminino,2021,Escola Pública,8.358,10.0,8.2,10.0,8.7,9.0,8.3,,,,9.84,5.0,,,PEDE2023,9.0,Fase 1 (3° e 4° ano),8.5257,4/28/2014,,Aluno-677,,6.875,-1.0,Topázio,Fase 1 (3° e 4° ano)
RA-990,ALFA,ALFA T - G2/G3,,,,Masculino,2023,Escola Pública,,0.0,8.5,7.52,7.8,8.3,7.2,,,,10.01,5.0,,,PEDE2023,,Fase 1 (3° e 4° ano),7.254,2014-12-06 00:00:00,,Aluno-990,,7.5,-1.0,Ametista,Fase 1 (3° e 4° ano)
RA-991,ALFA,ALFA T - G2/G3,,,8.0,Feminino,2023,Escola Pública,,10.0,9.1,3.14,7.7,8.0,7.3,,,,9.585,5.0,,,PEDE2023,9.0,Fase 1 (3° e 4° ano),7.7687,4/30/2014,,Aluno-991,,6.875,-1.0,Ametista,Fase 1 (3° e 4° ano)
RA-992,ALFA,ALFA T - G2/G3,,,9.0,Masculino,2023,Escola Pública,,9.5,8.2,3.14,8.0,8.2,7.8,,,,8.84,5.0,,,PEDE2023,10.0,Fase 2 (5° e 6° ano),7.2722,12/13/2012,,Aluno-992,,5.0,-2.0,Ametista,Fase 2 (5° e 6° ano)
RA-703,ALFA,ALFA T - G2/G3,,,10.0,Masculino,2021,Escola Pública,6.099,9.5,8.4,3.14,4.6,4.8,4.3,,,,6.16,5.0,,,PEDE2023,11.0,Fase 2 (5° e 6° ano),6.2737,6/25/2012,,Aluno-703,,6.875,-2.0,Agata,Fase 2 (5° e 6° ano)
RA-993,ALFA,ALFA T - G2/G3,,,7.0,Feminino,2023,Escola Pública,,9.5,9.8,3.77,8.6,8.5,8.7,,,,10.01,10.0,,,PEDE2023,8.0,ALFA (1° e 2° ano),8.7592,10/13/2015,,Aluno-993,,7.5,0.0,Topázio,ALFA (1° e 2° ano)
RA-674,ALFA,ALFA T - G2/G3,,,8.0,Masculino,2022,Escola Pública,7.862,7.9,8.5,3.77,5.2,5.3,5.0,,,,8.67,5.0,,,PEDE2023,9.0,Fase 1 (3° e 4° ano),6.6328,9/24/2014,,Aluno-674,,5.0,-1.0,Agata,Fase 1 (3° e 4° ano)
RA-994,ALFA,ALFA T - G2/G3,,,7.0,Feminino,2023,Escola Pública,,9.5,9.4,3.77,6.0,6.2,5.7,,,,7.265,10.0,,,PEDE2023,8.0,ALFA (1° e 2° ano),7.4127,12/18/2014,,Aluno-994,,5.625,0.0,Ametista,ALFA (1° e 2° ano)
RA-995,ALFA,ALFA T - G2/G3,,,,Feminino,2023,Escola Pública,,9.5,7.9,3.77,5.1,5.3,4.8,,,,7.18,5.0,,,PEDE2023,,Fase 2 (5° e 6° ano),6.4782,2012-02-04 00:00:00,,Aluno-995,,6.25,-2.0,Agata,Fase 2 (5° e 6° ano)
RA-996,ALFA,ALFA T - G2/G3,,,8.0,Masculino,2023,Escola Pública,,10.0,9.2,3.77,8.6,8.7,8.5,,,,10.01,5.0,,,PEDE2023,9.0,Fase 1 (3° e 4° ano),8.1892,2/21/2014,,Aluno-996,,7.5,-1.0,Topázio,Fase 1 (3° e 4° ano)
RA-997,ALFA,ALFA T - G2/G3,,,7.0,Masculino,2023,Escola Pública,,7.5,8.7,3.77,7.1,7.2,7.0,,,,8.595,10.0,,,PEDE2023,8.0,ALFA (1° e 2° ano),7.5687,4/25/2015,,Aluno-997,,5.625,0.0,Ametista,ALFA (1° e 2° ano)
RA-998,ALFA,ALFA U - G2/G3,,,10.0,Feminino,2023,Escola Pública,,9.5,9.3,3.77,7.9,8.0,7.7,,,,9.84,5.0,,,PEDE2023,11.0,Fase 2 (5° e 6° ano),7.9752,10/20/2012,,Aluno-998,,7.5,-2.0,Ametista,Fase 2 (5° e 6° ano)
RA-999,ALFA,ALFA U - G2/G3,,,,Masculino,2023,Escola Pública,,9.0,9.4,3.77,8.3,8.3,8.3,,,,9.84,5.0,,,PEDE2023,,Fase 1 (3° e 4° ano),8.0352,2014-04-07 00:00:00,,Aluno-999,,7.5,-1.0,Topázio,Fase 1 (3° e 4° ano)
RA-750,ALFA,ALFA U - G2/G3,,,,Masculino,2019,Escola Pública,6.344,9.5,7.7,3.14,3.4,3.3,3.5,,,,6.32,5.0,,,PEDE2023,,Fase 2 (5° e 6° ano),5.6857,2012-06-03 00:00:00,,Aluno-750,,4.375,-2.0,Quartzo,Fase 2 (5° e 6° ano)
RA-770,ALFA,ALFA U - G2/G3,,,,Masculino,2022,Escola Pública,8.143,0.0,8.3,3.77,5.9,6.0,5.7,,,,8.92,10.0,,,PEDE2023,,ALFA (1° e 2° ano),6.6785,2015-07-06 00:00:00,,Aluno-770,,6.875,0.0,Agata,ALFA (1° e 2° ano)
RA-771,ALFA,ALFA U - G2/G3,,,,Feminino,2022,Escola Pública,7.873,0.0,8.8,3.14,8.2,8.2,8.2,,,,8.585,10.0,,,PEDE2023,,ALFA (1° e 2° ano),7.056,2015-05-11 00:00:00,,Aluno-771,,6.25,0.0,Ametista,ALFA (1° e 2° ano)
RA-1000,ALFA,ALFA U - G2/G3,,,7.0,Feminino,2023,Escola Pública,,8.5,9.4,3.77,7.0,7.0,7.0,,,,8.92,10.0,,,PEDE2023,8.0,ALFA (1° e 2° ano),7.9162,4/20/2015,,Aluno-1000,,6.25,0.0,Ametista,ALFA (1° e 2° ano)
RA-830,ALFA,ALFA U - G2/G3,,,8.0,Feminino,2022,Escola Pública,7.234,0.0,8.9,3.14,8.3,8.3,8.3,,,,9.505,5.0,,,PEDE2023,9.0,Fase 1 (3° e 4° ano),6.78,10/30/2013,,Aluno-830,,6.25,-1.0,Agata,Fase 1 (3° e 4° ano)
RA-1001,ALFA,ALFA U - G2/G3,,,8.0,Feminino,2023,Escola Pública,,9.0,9.1,7.52,7.8,8.3,7.3,,,,9.17,5.0,,,PEDE2023,9.0,Fase 1 (3° e 4° ano),8.1162,3/13/2014,,Aluno-1001,,7.5,-1.0,Topázio,Fase 1 (3° e 4° ano)
RA-1002,ALFA,ALFA U - G2/G3,,,8.0,Feminino,2023,Escola Pública,,9.0,9.7,7.52,7.0,7.0,7.0,,,,8.92,5.0,,,PEDE2023,9.0,Fase 1 (3° e 4° ano),7.9012,7/13/2014,,Aluno-1002,,6.25,-1.0,Ametista,Fase 1 (3° e 4° ano)
RA-1003,ALFA,ALFA V - G0/G1,,,7.0,Masculino,2023,Escola Pública,,9.0,8.5,7.52,4.0,8.0,0.0,,,,8.75,10.0,,,PEDE2023,8.0,ALFA (1° e 2° ano),7.6522,1/22/2015,,Aluno-1003,,7.5,0.0,Ametista,ALFA (1° e 2° ano)
RA-835,ALFA,ALFA V - G0/G1,,,7.0,Masculino,2022,Escola Pública,7.263,8.0,8.5,7.52,8.7,8.5,8.9,,,,7.835,10.0,,,PEDE2023,8.0,ALFA (1° e 2° ano),8.2467,12/26/2014,,Aluno-835,,6.875,0.0,Topázio,ALFA (1° e 2° ano)
RA-1004,ALFA,ALFA V - G0/G1,,,7.0,Feminino,2023,Escola Pública,,9.0,9.6,7.52,7.9,6.5,9.2,,,,7.42,10.0,,,PEDE2023,8.0,ALFA (1° e 2° ano),8.3137,12/29/2014,,Aluno-1004,,6.875,0.0,Topázio,ALFA (1° e 2° ano)
RA-1005,ALFA,ALFA V - G0/G1,,,7.0,Masculino,2023,Escola Pública,,9.5,7.9,7.52,8.8,8.4,9.2,,,,8.165,10.0,,,PEDE2023,8.0,ALFA (1° e 2° ano),8.4252,7/16/2015,,Aluno-1005,,7.5,0.0,Topázio,ALFA (1° e 2° ano)
RA-1006,ALFA,ALFA V - G0/G1,,,7.0,Feminino,2023,Escola Pública,,9.0,9.3,7.52,8.7,8.7,8.6,,,,8.0,10.0,,,PEDE2023,8.0,ALFA (1° e 2° ano),8.5922,5/24/2015,,Aluno-1006,,7.5,0.0,Topázio,ALFA (1° e 2° ano)
RA-705,ALFA,ALFA V - G0/G1,,,9.0,Masculino,2022,Escola Pública,6.634,0.0,8.3,6.89,8.8,8.9,8.6,,,,8.165,5.0,,,PEDE2023,10.0,Fase 2 (5° e 6° ano),6.982,10/29/2012,,Aluno-705,,7.5,-2.0,Agata,Fase 2 (5° e 6° ano)
RA-1007,ALFA,ALFA V - G0/G1,,,,Masculino,2023,Escola Pública,,9.0,7.4,7.52,8.3,8.1,8.5,,,,7.68,10.0,,,PEDE2023,,ALFA (1° e 2° ano),8.0782,2015-06-01 00:00:00,,Aluno-1007,,7.5,0.0,Topázio,ALFA (1° e 2° ano)
RA-1008,ALFA,ALFA V - G0/G1,,,7.0,Masculino,2023,Escola Pública,,9.0,8.6,7.52,8.4,7.5,9.2,,,,7.5,10.0,,,PEDE2023,8.0,ALFA (1° e 2° ano),8.13595,5/22/2015,,Aluno-1008,,5.9375,0.0,Topázio,ALFA (1° e 2° ano)
RA-729,ALFA,ALFA V - G0/G1,,,,Feminino,2022,Escola Pública,8.155,8.0,9.1,3.77,8.6,8.2,8.9,,,,7.01,5.0,,,PEDE2023,,Fase 1 (3° e 4° ano),7.26545,2014-03-09 00:00:00,,Aluno-729,,6.5625,-1.0,Ametista,Fase 1 (3° e 4° ano)
RA-1009,ALFA,ALFA Y - G0/G1,,,7.0,Masculino,2023,Escola Pública,,0.0,9.0,3.77,8.8,8.3,9.2,,,,7.84,10.0,,,PEDE2023,8.0,ALFA (1° e 2° ano),7.245,3/27/2015,,Aluno-1009,,7.5,0.0,Ametista,ALFA (1° e 2° ano)
RA-1010,ALFA,ALFA Y - G0/G1,,,7.0,Masculino,2023,Escola Pública,,9.5,10.0,3.77,9.4,9.0,9.8,,,,8.59,10.0,,,PEDE2023,8.0,ALFA (1° e 2° ano),8.70645,1/14/2015,,Aluno-1010,,7.8125,0.0,Topázio,ALFA (1° e 2° ano)
RA-1011,ALFA,ALFA Y - G0/G1,,,,Masculino,2023,Escola Pública,,9.5,8.6,3.77,5.2,5.5,4.8,,,,7.675,10.0,,,PEDE2023,,ALFA (1° e 2° ano),7.33095,2015-03-11 00:00:00,,Aluno-1011,,7.1875,0.0,Ametista,ALFA (1° e 2° ano)
RA-1012,ALFA,ALFA Y - G0/G1,,,7.0,Feminino,2023,Escola Pública,,10.0,9.9,3.77,6.6,7.0,6.2,,,,7.845,10.0,,,PEDE2023,8.0,ALFA (1° e 2° ano),7.96495,5/18/2015,,Aluno-1012,,7.1875,0.0,Ametista,ALFA (1° e 2° ano)
RA-1013,ALFA,ALFA Y - G0/G1,,,6.0,Masculino,2023,Escola Pública,,9.0,9.6,4.39,8.3,7.0,9.5,,,,5.76,10.0,,,PEDE2023,7.0,ALFA (1° e 2° ano),7.6237,12/25/2015,,Aluno-1013,,5.625,0.0,Ametista,ALFA (1° e 2° ano)
RA-1014,ALFA,ALFA Y - G0/G1,,,,Feminino,2023,Escola Pública,,9.0,9.7,3.77,8.2,7.7,8.7,,,,8.255,10.0,,,PEDE2023,,ALFA (1° e 2° ano),8.2582,2016-05-02 00:00:00,,Aluno-1014,,7.5,0.0,Topázio,ALFA (1° e 2° ano)
RA-1015,FASE 1,1A,,,9.0,Feminino,2023,Escola Pública,,10.0,9.3,6.27,6.3,5.0,7.6,,,,7.786666667,5.0,,,PEDE2023,10.0,Fase 2 (5° e 6° ano),7.538908333,6/24/2013,,Aluno-1015,,7.34375,-1.0,Ametista,Fase 2 (5° e 6° ano)
RA-734,FASE 1,1A,,,10.0,Feminino,2022,Escola Pública,6.952,8.5,8.0,7.52,6.9,6.8,7.0,,,,7.446666667,5.0,,,PEDE2023,11.0,Fase 2 (5° e 6° ano),7.305908333,10/14/2012,,Aluno-734,,7.34375,-1.0,Ametista,Fase 2 (5° e 6° ano)
RA-687,FASE 1,1A,,,9.0,Masculino,2022,Escola Pública,7.703,8.0,9.0,7.52,6.9,6.7,7.0,,,,8.226666667,5.0,,,PEDE2023,10.0,Fase 2 (5° e 6° ano),7.617533333,1/26/2013,,Aluno-687,,7.5,-1.0,Ametista,Fase 2 (5° e 6° ano)
RA-1016,FASE 1,1A,,,9.0,Feminino,2023,Escola Pública,,10.0,9.5,7.52,6.7,5.8,7.5,,,,7.73,5.0,,,PEDE2023,10.0,Fase 2 (5° e 6° ano),7.762575,3/14/2013,,Aluno-1016,,7.34375,-1.0,Ametista,Fase 2 (5° e 6° ano)
RA-1017,FASE 1,1A,,,,Masculino,2023,Escola Pública,,0.0,8.0,5.02,7.7,7.0,8.3,,,,8.116666667,5.0,,,PEDE2023,,Fase 2 (5° e 6° ano),6.505333333,2012-01-10 00:00:00,,Aluno-1017,,7.5,-1.0,Agata,Fase 2 (5° e 6° ano)
RA-688,FASE 1,1A,,,9.0,Masculino,2022,Escola Pública,7.771,8.5,9.3,7.52,8.6,8.2,9.0,,,,8.06,5.0,,,PEDE2023,10.0,Fase 2 (5° e 6° ano),8.0442,8/20/2013,,Aluno-688,,7.5,-1.0,Topázio,Fase 2 (5° e 6° ano)
RA-1018,FASE 1,1A,,,,Masculino,2023,Escola Pública,,0.0,8.5,5.02,6.3,5.8,6.8,,,,8.06,10.0,,,PEDE2023,,Fase 1 (3° e 4° ano),6.824,2013-10-12 00:00:00,,Aluno-1018,,7.5,0.0,Agata,Fase 1 (3° e 4° ano)
RA-696,FASE 1,1A,,,,Feminino,2021,Escola Pública,7.441,0.0,9.4,5.02,6.7,5.2,8.2,,,,8.503333333,10.0,,,PEDE2023,,Fase 1 (3° e 4° ano),7.172666667,2013-05-12 00:00:00,,Aluno-696,,7.5,0.0,Ametista,Fase 1 (3° e 4° ano)
RA-1019,FASE 1,1A,,,7.0,Feminino,2023,Escola Pública,,7.5,9.1,5.02,4.3,0.5,8.0,,,,7.836666667,10.0,,,PEDE2023,8.0,ALFA (1° e 2° ano),7.177033333,3/23/2015,,Aluno-1019,,6.875,1.0,Ametista,ALFA (1° e 2° ano)
RA-514,FASE 1,1A,,,,Feminino,2022,Escola Pública,7.039,7.9,7.5,2.52,5.5,4.2,6.8,,,,5.896666667,5.0,,,PEDE2023,,Fase 2 (5° e 6° ano),5.823133333,2013-05-05 00:00:00,,Aluno-514,,5.0,-1.0,Quartzo,Fase 2 (5° e 6° ano)
RA-1020,FASE 1,1A,,,8.0,Feminino,2023,Escola Pública,,10.0,9.1,2.52,6.1,4.3,7.8,,,,8.056666667,10.0,,,PEDE2023,9.0,Fase 1 (3° e 4° ano),7.612283333,7/25/2014,,Aluno-1020,,7.1875,0.0,Ametista,Fase 1 (3° e 4° ano)
RA-1021,FASE 1,1A,,,,Masculino,2023,Escola Pública,,8.0,9.2,3.77,3.3,2.5,4.0,,,,7.893333333,10.0,,,PEDE2023,,Fase 1 (3° e 4° ano),6.964616667,2014-10-03 00:00:00,,Aluno-1021,,7.1875,0.0,Agata,Fase 1 (3° e 4° ano)
RA-1022,FASE 1,1A,,,8.0,Masculino,2023,Escola Pública,,8.5,8.5,3.77,4.7,4.7,4.7,,,,7.893333333,10.0,,,PEDE2023,9.0,Fase 1 (3° e 4° ano),7.164616667,2/25/2014,,Aluno-1022,,7.1875,0.0,Ametista,Fase 1 (3° e 4° ano)
RA-1023,FASE 1,1A,,,,Feminino,2023,Escola Pública,,10.0,10.0,6.27,9.1,8.5,9.7,,,,9.06,10.0,,,PEDE2023,,Fase 1 (3° e 4° ano),9.1342,2014-06-05 00:00:00,,Aluno-1023,,8.75,0.0,Topázio,Fase 1 (3° e 4° ano)
RA-699,FASE 1,1A,,,9.0,Masculino,2022,Escola Pública,6.658,8.5,8.3,3.77,6.0,5.7,6.2,,,,6.173333333,5.0,,,PEDE2023,10.0,Fase 2 (5° e 6° ano),6.389991667,7/13/2013,,Aluno-699,,5.78125,-1.0,Agata,Fase 2 (5° e 6° ano)
RA-480,FASE 1,1B,,,10.0,Feminino,2021,Escola Pública,7.502,10.0,9.7,7.52,7.9,7.2,8.5,,,,8.336666667,5.0,,,PEDE2023,11.0,Fase 2 (5° e 6° ano),8.226408333,10/20/2012,,Aluno-480,,7.96875,-1.0,Topázio,Fase 2 (5° e 6° ano)
RA-678,FASE 1,1B,,,9.0,Masculino,2022,Escola Pública,8.0,8.0,8.8,6.27,7.3,6.8,7.7,,,,8.336666667,5.0,,,PEDE2023,10.0,Fase 2 (5° e 6° ano),7.570158333,3/20/2013,,Aluno-678,,7.65625,-1.0,Ametista,Fase 2 (5° e 6° ano)
RA-1024,FASE 1,1B,,,9.0,Feminino,2023,Escola Pública,,0.0,10.0,6.27,9.8,10.0,9.5,,,,8.95,5.0,,,PEDE2023,10.0,Fase 2 (5° e 6° ano),7.788875,5/17/2013,,Aluno-1024,,9.21875,-1.0,Ametista,Fase 2 (5° e 6° ano)
RA-502,FASE 1,1B,,,8.0,Feminino,2021,Escola Privada,8.287,8.5,9.8,7.52,8.0,6.7,9.3,,,,8.95,10.0,,,PEDE2023,9.0,Fase 1 (3° e 4° ano),8.749075,5/24/2014,,Aluno-502,,7.96875,0.0,Topázio,Fase 1 (3° e 4° ano)
RA-1025,FASE 1,1B,,,8.0,Masculino,2023,Escola Pública,,8.5,8.9,7.52,7.5,7.5,7.5,,,,7.836666667,10.0,,,PEDE2023,9.0,Fase 1 (3° e 4° ano),8.215158333,12/18/2013,,Aluno-1025,,7.65625,0.0,Topázio,Fase 1 (3° e 4° ano)
RA-680,FASE 1,1B,,,,Feminino,2019,Escola Pública,7.518,0.0,9.1,7.52,6.4,5.2,7.5,,,,7.78,5.0,,,PEDE2023,,Fase 2 (5° e 6° ano),6.5855,2012-05-02 00:00:00,,Aluno-680,,6.875,-1.0,Agata,Fase 2 (5° e 6° ano)
RA-1026,FASE 1,1B,,,,Feminino,2023,Escola Pública,,8.5,9.8,7.52,3.2,2.3,4.0,,,,7.06,2.5,,,PEDE2023,,Fase 4 (9° ano),6.494825,2009-11-06 00:00:00,,Aluno-1026,,6.40625,-3.0,Agata,Fase 4 (9° ano)
RA-698,FASE 1,1B,,,8.0,Masculino,2021,Escola Pública,7.44,8.5,9.9,2.52,5.7,4.3,7.0,,,,8.113333333,10.0,,,PEDE2023,9.0,Fase 1 (3° e 4° ano),7.553616667,12/20/2013,,Aluno-698,,7.1875,0.0,Ametista,Fase 1 (3° e 4° ano)
RA-533,FASE 1,1B,,,,Masculino,2022,Escola Pública,6.962,9.0,9.3,7.52,5.8,4.8,6.7,,,,7.613333333,5.0,,,PEDE2023,,Fase 2 (5° e 6° ano),7.434866667,2012-10-03 00:00:00,,Aluno-533,,7.5,-1.0,Ametista,Fase 2 (5° e 6° ano)
RA-504,FASE 1,1B,,,8.0,Feminino,2021,Escola Pública,8.072,8.0,8.3,7.52,7.9,6.5,9.2,,,,8.836666667,10.0,,,PEDE2023,9.0,Fase 1 (3° e 4° ano),8.299533333,11/18/2013,,Aluno-504,,7.5,0.0,Topázio,Fase 1 (3° e 4° ano)
RA-1027,FASE 1,1B,,,9.0,Feminino,2023,Escola Pública,,9.5,9.7,7.52,6.0,4.2,7.7,,,,8.333333333,5.0,,,PEDE2023,10.0,Fase 2 (5° e 6° ano),7.748866667,4/25/2013,,Aluno-1027,,7.5,-1.0,Ametista,Fase 2 (5° e 6° ano)
RA-529,FASE 1,1B,,,,Masculino,2020,Escola Pública,6.51,8.0,9.6,7.52,6.8,4.8,8.7,,,,6.893333333,5.0,,,PEDE2023,,Fase 3 (7° e 8° ano),7.278991667,2010-01-07 00:00:00,,Aluno-529,,5.78125,-2.0,Ametista,Fase 3 (7° e 8° ano)
RA-1028,FASE 1,1B,,,10.0,Masculino,2023,Escola Pública,,0.0,9.2,7.52,5.0,5.0,5.0,,,,7.946666667,5.0,,,PEDE2023,11.0,Fase 2 (5° e 6° ano),6.415708333,2/17/2012,,Aluno-1028,,7.34375,-1.0,Agata,Fase 2 (5° e 6° ano)
RA-686,FASE 1,1C,,,9.0,Feminino,2022,Escola Pública,7.729,8.5,9.0,7.52,8.0,7.3,8.7,,,,8.56,5.0,,,PEDE2023,10.0,Fase 2 (5° e 6° ano),7.9642,4/19/2013,,Aluno-686,,7.5,-1.0,Ametista,Fase 2 (5° e 6° ano)
RA-1029,FASE 1,1C,,,8.0,Feminino,2023,Escola Pública,,10.0,6.3,3.77,5.4,3.5,7.2,,,,8.006666667,10.0,,,PEDE2023,9.0,Fase 1 (3° e 4° ano),7.058533333,2/22/2014,,Aluno-1029,,7.5,0.0,Ametista,Fase 1 (3° e 4° ano)
RA-1030,FASE 1,1C,,,,Masculino,2023,Escola Pública,,8.5,9.7,3.77,6.9,6.2,7.5,,,,8.39,5.0,,,PEDE2023,,Fase 2 (5° e 6° ano),7.4027,2012-10-08 00:00:00,,Aluno-1030,,6.875,-1.0,Ametista,Fase 2 (5° e 6° ano)
RA-522,FASE 1,1C,,,,Masculino,2021,Escola Pública,8.306,7.5,9.2,7.52,8.3,8.3,8.2,,,,8.45,5.0,,,PEDE2023,,Fase 2 (5° e 6° ano),7.890533333,2013-08-01 00:00:00,,Aluno-522,,7.083333333,-1.0,Ametista,Fase 2 (5° e 6° ano)
RA-501,FASE 1,1C,,,9.0,Masculino,2021,Escola Pública,7.794,7.0,8.4,7.52,8.9,9.2,8.5,,,,9.396666667,5.0,,,PEDE2023,10.0,Fase 2 (5° e 6° ano),8.1357,10/20/2013,,Aluno-501,,8.541666667,-1.0,Topázio,Fase 2 (5° e 6° ano)
RA-692,FASE 1,1C,,,9.0,Feminino,2021,Escola Privada,7.569,7.4,7.7,7.52,4.6,2.8,6.3,,,,7.39,5.0,,,PEDE2023,10.0,Fase 2 (5° e 6° ano),6.588466667,2/26/2013,,Aluno-692,,6.666666667,-1.0,Agata,Fase 2 (5° e 6° ano)
RA-527,FASE 1,1C,,,,Feminino,2022,Escola Pública,8.025,9.0,9.1,7.52,6.5,5.7,7.2,,,,7.78,5.0,,,PEDE2023,,Fase 2 (5° e 6° ano),7.5682,2013-03-02 00:00:00,,Aluno-527,,7.5,-1.0,Ametista,Fase 2 (5° e 6° ano)
RA-1031,FASE 1,1D,,,9.0,Masculino,2023,Escola Pública,,8.0,8.8,7.52,5.9,4.8,7.0,,,,7.006666667,5.0,,,PEDE2023,10.0,Fase 2 (5° e 6° ano),7.0602,3/13/2013,,Aluno-1031,,6.666666667,-1.0,Ametista,Fase 2 (5° e 6° ano)
RA-1032,FASE 1,1D,,,,Masculino,2023,Escola Pública,,8.5,9.5,7.52,6.0,5.7,6.2,,,,7.563333333,5.0,,,PEDE2023,,Fase 2 (5° e 6° ano),7.434033333,2013-05-06 00:00:00,,Aluno-1032,,7.291666667,-1.0,Ametista,Fase 2 (5° e 6° ano)
RA-1033,FASE 1,1D,,,,Feminino,2023,Escola Pública,,9.0,8.9,7.52,7.9,7.0,8.8,,,,9.006666667,5.0,,,PEDE2023,,Fase 2 (5° e 6° ano),8.126033333,2012-09-04 00:00:00,,Aluno-1033,,8.125,-1.0,Topázio,Fase 2 (5° e 6° ano)
RA-1034,FASE 1,1D,,,9.0,Masculino,2023,Escola Pública,,7.5,9.0,7.52,8.3,7.8,8.7,,,,8.393333333,5.0,,,PEDE2023,10.0,Fase 2 (5° e 6° ano),7.9642,4/15/2013,,Aluno-1034,,8.333333333,-1.0,Ametista,Fase 2 (5° e 6° ano)
RA-1035,FASE 1,1D,,,8.0,Masculino,2023,Escola Pública,,0.0,8.3,7.52,5.8,4.0,7.5,,,,7.78,10.0,,,PEDE2023,9.0,Fase 1 (3° e 4° ano),6.888833333,1/31/2014,,Aluno-1035,,7.708333333,0.0,Agata,Fase 1 (3° e 4° ano)
RA-730,FASE 1,1F,,,9.0,Feminino,2021,Escola Privada,7.902,10.0,8.7,5.02,7.8,7.8,7.7,,,,8.67,5.0,,,PEDE2023,10.0,Fase 2 (5° e 6° ano),7.979325,12/17/2012,,Aluno-730,,9.53125,-1.0,Ametista,Fase 2 (5° e 6° ano)
RA-855,FASE 1,1F,,,8.0,Feminino,2022,Escola Pública,8.453,9.5,10.0,7.52,6.8,5.2,8.3,,,,8.67,10.0,,,PEDE2023,9.0,Fase 1 (3° e 4° ano),8.62995,11/23/2013,,Aluno-855,,8.4375,0.0,Topázio,Fase 1 (3° e 4° ano)
RA-820,FASE 1,1F,,,9.0,Masculino,2022,Escola Pública,7.417,7.9,7.4,7.52,8.9,9.2,8.5,,,,8.28,5.0,,,PEDE2023,10.0,Fase 2 (5° e 6° ano),7.85605,8/26/2013,,Aluno-820,,9.0625,-1.0,Ametista,Fase 2 (5° e 6° ano)
RA-738,FASE 1,1F,,,,Feminino,2022,Escola Pública,7.227,8.0,9.3,7.52,6.0,4.2,7.8,,,,8.336666667,10.0,,,PEDE2023,,Fase 1 (3° e 4° ano),8.123283333,2014-05-02 00:00:00,,Aluno-738,,8.4375,0.0,Topázio,Fase 1 (3° e 4° ano)
RA-1036,FASE 1,1F,,,10.0,Feminino,2023,Escola Pública,,0.0,9.6,3.77,8.0,9.0,7.0,,,,8.336666667,5.0,,,PEDE2023,11.0,Fase 2 (5° e 6° ano),6.970583333,7/18/2012,,Aluno-1036,,9.0625,-1.0,Agata,Fase 2 (5° e 6° ano)
RA-1037,FASE 1,1F,,,9.0,Masculino,2023,Escola Pública,,9.0,8.4,7.52,6.7,5.0,8.3,,,,8.17,5.0,,,PEDE2023,10.0,Fase 2 (5° e 6° ano),7.655575,11/19/2012,,Aluno-1037,,8.59375,-1.0,Ametista,Fase 2 (5° e 6° ano)
RA-576,FASE 1,1F,,,10.0,Feminino,2022,Escola Pública,7.59,9.0,9.3,5.02,8.0,6.5,9.5,,,,8.503333333,5.0,,,PEDE2023,11.0,Fase 2 (5° e 6° ano),7.984741667,8/23/2012,,Aluno-576,,9.21875,-1.0,Ametista,Fase 2 (5° e 6° ano)
RA-1038,FASE 1,1F,,,9.0,Feminino,2023,Escola Privada,,8.0,9.3,7.52,6.5,7.5,5.5,,,,8.17,5.0,,,PEDE2023,10.0,Fase 2 (5° e 6° ano),7.736825,7/21/2013,,Aluno-1038,,8.90625,-1.0,Ametista,Fase 2 (5° e 6° ano)
RA-1039,FASE 1,1F,,,,Masculino,2023,Escola Pública,,8.0,9.9,7.52,6.2,6.0,6.3,,,,8.056666667,5.0,,,PEDE2023,,Fase 3 (7° e 8° ano),7.686033333,2011-05-08 00:00:00,,Aluno-1039,,8.125,-2.0,Ametista,Fase 3 (7° e 8° ano)
RA-1040,FASE 1,1F,,,,Masculino,2023,Escola Pública,,10.0,9.3,7.52,6.6,5.8,7.3,,,,8.06,5.0,,,PEDE2023,,Fase 2 (5° e 6° ano),7.81545,2011-06-12 00:00:00,,Aluno-1040,,7.8125,-1.0,Ametista,Fase 2 (5° e 6° ano)
RA-1041,FASE 1,1F,,,9.0,Feminino,2023,Escola Pública,,10.0,7.2,7.52,3.3,1.8,4.7,,,,8.003333333,5.0,,,PEDE2023,10.0,Fase 2 (5° e 6° ano),6.724116667,4/20/2013,,Aluno-1041,,7.8125,-1.0,Agata,Fase 2 (5° e 6° ano)
RA-733,FASE 1,1G,,,8.0,Feminino,2022,Escola Pública,6.684,10.0,8.7,7.52,6.2,4.3,8.0,,,,8.893333333,10.0,,,PEDE2023,9.0,Fase 1 (3° e 4° ano),8.3342,12/19/2013,,Aluno-733,,8.333333333,0.0,Topázio,Fase 1 (3° e 4° ano)
RA-837,FASE 1,1G,,,,Masculino,2022,Escola Pública,8.207,9.0,9.3,7.52,7.0,6.3,7.7,,,,7.836666667,10.0,,,PEDE2023,,Fase 1 (3° e 4° ano),8.2712,2014-07-04 00:00:00,,Aluno-837,,7.916666667,0.0,Topázio,Fase 1 (3° e 4° ano)
RA-519,FASE 1,1G,,,9.0,Masculino,2022,Escola Pública,8.0,9.0,9.9,7.52,7.4,7.5,7.2,,,,8.223333333,5.0,,,PEDE2023,10.0,Fase 2 (5° e 6° ano),8.0177,5/19/2013,,Aluno-519,,7.708333333,-1.0,Topázio,Fase 2 (5° e 6° ano)
RA-521,FASE 1,1G,,,,Masculino,2022,Escola Pública,7.725,0.0,9.9,3.77,7.9,7.0,8.7,,,,8.166666667,5.0,,,PEDE2023,,Fase 2 (5° e 6° ano),6.768666667,2013-12-03 00:00:00,,Aluno-521,,7.083333333,-1.0,Agata,Fase 2 (5° e 6° ano)
RA-1042,FASE 1,1G,,,,Masculino,2023,Escola Pública,,0.0,6.5,3.77,4.3,4.0,4.5,,,,7.666666667,5.0,,,PEDE2023,,Fase 2 (5° e 6° ano),5.331166667,2013-05-07 00:00:00,,Aluno-1042,,7.708333333,-1.0,Quartzo,Fase 2 (5° e 6° ano)
RA-713,FASE 1,1G,,,9.0,Masculino,2021,Escola Pública,7.42,8.0,9.6,3.77,7.5,6.7,8.2,,,,8.166666667,5.0,,,PEDE2023,10.0,Fase 2 (5° e 6° ano),7.408033333,2/26/2013,,Aluno-713,,6.875,-1.0,Ametista,Fase 2 (5° e 6° ano)
RA-736,FASE 1,1G,,,9.0,Masculino,2022,Escola Pública,6.707,8.5,9.5,6.27,6.7,4.8,8.5,,,,8.11,5.0,,,PEDE2023,10.0,Fase 2 (5° e 6° ano),7.600033333,11/19/2012,,Aluno-736,,7.708333333,-1.0,Ametista,Fase 2 (5° e 6° ano)
RA-1043,FASE 1,1G,,,9.0,Masculino,2023,Escola Pública,,10.0,7.9,6.27,2.5,2.0,3.0,,,,7.833333333,5.0,,,PEDE2023,10.0,Fase 2 (5° e 6° ano),6.5447,6/29/2013,,Aluno-1043,,7.708333333,-1.0,Agata,Fase 2 (5° e 6° ano)
RA-716,FASE 1,1G,,,9.0,Masculino,2022,Escola Pública,6.525,9.0,8.7,3.77,5.6,5.0,6.2,,,,7.443333333,5.0,,,PEDE2023,10.0,Fase 2 (5° e 6° ano),6.813366667,3/23/2013,,Aluno-716,,6.875,-1.0,Agata,Fase 2 (5° e 6° ano)
RA-1044,FASE 1,1G,,,9.0,Feminino,2023,Escola Pública,,8.0,9.7,7.52,6.1,4.5,7.7,,,,8.336666667,5.0,,,PEDE2023,10.0,Fase 2 (5° e 6° ano),7.629533333,4/24/2013,,Aluno-1044,,7.5,-1.0,Ametista,Fase 2 (5° e 6° ano)
RA-745,FASE 1,1G,,,,Masculino,2021,Escola Privada,7.382,9.5,9.3,3.77,7.0,5.7,8.2,,,,8.893333333,5.0,,,PEDE2023,,Fase 2 (5° e 6° ano),7.668366667,2013-04-08 00:00:00,,Aluno-745,,8.125,-1.0,Ametista,Fase 2 (5° e 6° ano)
RA-717,FASE 1,1G,,,10.0,Feminino,2021,Escola Pública,6.832,0.0,8.5,7.52,5.9,5.5,6.3,,,,8.446666667,5.0,,,PEDE2023,11.0,Fase 2 (5° e 6° ano),6.633833333,8/17/2012,,Aluno-717,,8.125,-1.0,Agata,Fase 2 (5° e 6° ano)
RA-718,FASE 1,1G,,,,Feminino,2022,Escola Pública,8.093,9.5,9.1,3.77,7.8,6.3,9.2,,,,8.39,10.0,,,PEDE2023,,Fase 1 (3° e 4° ano),8.166866667,2014-11-08 00:00:00,,Aluno-718,,7.916666667,0.0,Topázio,Fase 1 (3° e 4° ano)
RA-721,FASE 1,1G,,,8.0,Feminino,2021,Escola Pública,7.973,8.5,9.5,7.52,8.4,7.5,9.3,,,,8.443333333,10.0,,,PEDE2023,9.0,Fase 1 (3° e 4° ano),8.683366667,3/20/2014,,Aluno-721,,8.125,0.0,Topázio,Fase 1 (3° e 4° ano)
RA-746,FASE 1,1G,,,,Masculino,2022,Escola Pública,7.656,0.0,8.0,3.77,7.2,6.0,8.3,,,,7.113333333,10.0,,,PEDE2023,,Fase 1 (3° e 4° ano),6.517166667,2014-09-04 00:00:00,,Aluno-746,,6.875,0.0,Agata,Fase 1 (3° e 4° ano)
RA-1045,FASE 1,1H,,,10.0,Feminino,2023,Escola Pública,,9.5,9.4,7.52,7.9,6.8,9.0,,,,8.28,5.0,,,PEDE2023,11.0,Fase 2 (5° e 6° ano),8.089033333,8/18/2012,,Aluno-1045,,7.708333333,-1.0,Topázio,Fase 2 (5° e 6° ano)
RA-483,FASE 1,1H,,,11.0,Feminino,2019,Escola Pública,5.263,9.0,6.0,2.52,5.6,5.0,6.2,,,,8.166666667,5.0,,,PEDE2023,12.0,Fase 3 (7° e 8° ano),6.3972,9/30/2011,,Aluno-483,,7.916666667,-2.0,Agata,Fase 3 (7° e 8° ano)
RA-1046,FASE 1,1H,,,8.0,Masculino,2023,Escola Pública,,0.0,8.5,3.77,6.3,6.3,6.3,,,,8.223333333,10.0,,,PEDE2023,9.0,Fase 1 (3° e 4° ano),6.835833333,1/18/2014,,Aluno-1046,,8.541666667,0.0,Agata,Fase 1 (3° e 4° ano)
RA-1047,FASE 1,1H,,,8.0,Masculino,2023,Escola Pública,,10.0,8.5,3.77,6.9,5.8,8.0,,,,7.893333333,10.0,,,PEDE2023,9.0,Fase 1 (3° e 4° ano),7.848366667,3/17/2014,,Aluno-1047,,8.125,0.0,Ametista,Fase 1 (3° e 4° ano)
RA-570,FASE 1,1H,,,,Feminino,2019,Escola Pública,5.722,8.5,7.3,3.77,5.9,5.7,6.0,,,,8.056666667,5.0,,,PEDE2023,,Fase 2 (5° e 6° ano),6.781033333,2012-03-01 00:00:00,,Aluno-570,,8.125,-1.0,Agata,Fase 2 (5° e 6° ano)
RA-1048,FASE 1,1H,,,9.0,Feminino,2023,Escola Privada,,8.5,9.5,3.77,8.2,7.5,8.8,,,,8.5,5.0,,,PEDE2023,10.0,Fase 2 (5° e 6° ano),7.811366667,7/20/2013,,Aluno-1048,,8.541666667,-1.0,Ametista,Fase 2 (5° e 6° ano)
RA-1049,FASE 1,1H,,,9.0,Masculino,2023,Escola Pública,,10.0,7.7,7.52,6.3,5.5,7.0,,,,7.943333333,5.0,,,PEDE2023,10.0,Fase 2 (5° e 6° ano),7.443366667,6/17/2013,,Aluno-1049,,8.125,-1.0,Ametista,Fase 2 (5° e 6° ano)
RA-1050,FASE 1,1H,,,10.0,Masculino,2023,Escola Pública,,9.0,9.2,6.27,7.2,6.2,8.2,,,,8.223333333,5.0,,,PEDE2023,11.0,Fase 2 (5° e 6° ano),7.764366667,4/15/2012,,Aluno-1050,,8.125,-1.0,Ametista,Fase 2 (5° e 6° ano)
RA-1051,FASE 1,1H,,,8.0,Feminino,2023,Escola Pública,,8.5,8.9,6.27,8.4,7.0,9.8,,,,8.613333333,10.0,,,PEDE2023,9.0,Fase 1 (3° e 4° ano),8.534866667,1/14/2014,,Aluno-1051,,8.75,0.0,Topázio,Fase 1 (3° e 4° ano)
RA-707,FASE 1,1H,,,,Feminino,2020,Escola Pública,7.679,0.0,9.8,3.77,6.5,5.5,7.5,,,,7.946666667,5.0,,,PEDE2023,,Fase 2 (5° e 6° ano),6.518,2012-01-03 00:00:00,,Aluno-707,,7.916666667,-1.0,Agata,Fase 2 (5° e 6° ano)
RA-1052,FASE 1,1H,,,,Masculino,2023,Escola Pública,,0.0,9.0,7.52,5.3,5.0,5.5,,,,7.833333333,10.0,,,PEDE2023,,Fase 1 (3° e 4° ano),6.960333333,2014-04-06 00:00:00,,Aluno-1052,,7.916666667,0.0,Agata,Fase 1 (3° e 4° ano)
RA-580,FASE 1,1H,,,10.0,Feminino,2020,Escola Pública,7.525,8.5,9.8,7.52,9.0,8.7,9.3,,,,8.67,5.0,,,PEDE2023,11.0,Fase 2 (5° e 6° ano),8.4712,2/15/2012,,Aluno-580,,8.75,-1.0,Topázio,Fase 2 (5° e 6° ano)
RA-581,FASE 1,1H,,,10.0,Masculino,2019,Escola Pública,6.464,8.0,9.8,7.52,7.9,7.0,8.8,,,,7.393333333,5.0,,,PEDE2023,11.0,Fase 2 (5° e 6° ano),7.7167,2/24/2012,,Aluno-581,,6.458333333,-1.0,Ametista,Fase 2 (5° e 6° ano)
RA-735,FASE 1,1J,,,10.0,Feminino,2021,Escola Pública,7.485,0.0,9.0,7.52,8.1,7.7,8.5,,,,8.393333333,5.0,,,PEDE2023,11.0,Fase 2 (5° e 6° ano),7.184,6/29/2012,,Aluno-735,,8.333333333,-1.0,Ametista,Fase 2 (5° e 6° ano)
RA-710,FASE 1,1J,,,,Masculino,2020,Escola Pública,7.285,9.5,9.0,3.77,6.5,5.7,7.3,,,,7.113333333,5.0,,,PEDE2023,,Fase 2 (5° e 6° ano),7.0582,2012-01-03 00:00:00,,Aluno-710,,7.083333333,-1.0,Ametista,Fase 2 (5° e 6° ano)
RA-712,FASE 1,1J,,,11.0,Masculino,2019,Escola Pública,6.026,9.5,5.6,3.14,6.7,5.5,7.8,,,,6.836666667,5.0,,,PEDE2023,12.0,Fase 3 (7° e 8° ano),6.331533333,3/13/2011,,Aluno-712,,7.5,-2.0,Agata,Fase 3 (7° e 8° ano)
RA-549,FASE 1,1J,,,,Masculino,2021,Escola Pública,6.301,9.5,8.1,5.02,6.4,5.5,7.2,,,,7.5,5.0,,,PEDE2023,,Fase 2 (5° e 6° ano),7.0297,2012-07-05 00:00:00,,Aluno-549,,6.875,-1.0,Ametista,Fase 2 (5° e 6° ano)
RA-679,FASE 1,1J,,,10.0,Masculino,2020,Escola Pública,7.172,7.5,7.5,5.02,3.6,2.0,5.2,,,,7.393333333,5.0,,,PEDE2023,11.0,Fase 2 (5° e 6° ano),6.138366667,3/16/2012,,Aluno-679,,6.875,-1.0,Agata,Fase 2 (5° e 6° ano)
RA-571,FASE 1,1J,,,11.0,Feminino,2019,Escola Privada,6.589,9.0,7.9,3.77,5.0,3.8,6.2,,,,7.616666667,5.0,,,PEDE2023,12.0,Fase 3 (7° e 8° ano),6.6097,9/18/2011,,Aluno-571,,7.291666667,-2.0,Agata,Fase 3 (7° e 8° ano)
RA-714,FASE 1,1J,,,11.0,Masculino,2019,Escola Pública,6.953,0.0,8.0,3.14,7.4,6.7,8.0,,,,7.223333333,5.0,,,PEDE2023,12.0,Fase 3 (7° e 8° ano),6.078666667,6/30/2011,,Aluno-714,,7.5,-2.0,Agata,Fase 3 (7° e 8° ano)
RA-737,FASE 1,1J,,,8.0,Feminino,2022,Escola Pública,8.058,9.5,7.8,7.52,7.5,7.0,8.0,,,,7.783333333,10.0,,,PEDE2023,9.0,Fase 1 (3° e 4° ano),8.048033333,10/29/2013,,Aluno-737,,7.291666667,0.0,Topázio,Fase 1 (3° e 4° ano)
RA-577,FASE 1,1J,,,10.0,Feminino,2022,Escola Pública,7.862,10.0,8.2,3.77,7.4,6.5,8.3,,,,7.673333333,5.0,,,PEDE2023,11.0,Fase 2 (5° e 6° ano),7.219366667,3/25/2012,,Aluno-577,,6.875,-1.0,Ametista,Fase 2 (5° e 6° ano)
RA-1053,FASE 1,1J,,,8.0,Masculino,2023,Escola Pública,,0.0,9.1,6.27,8.6,7.8,9.3,,,,8.616666667,10.0,,,PEDE2023,9.0,Fase 1 (3° e 4° ano),7.776166667,8/18/2014,,Aluno-1053,,8.958333333,0.0,Ametista,Fase 1 (3° e 4° ano)
RA-731,FASE 1,1J,,,10.0,Feminino,2019,Escola Pública,7.151,8.5,7.6,3.14,6.8,6.2,7.3,,,,7.45,5.0,,,PEDE2023,11.0,Fase 2 (5° e 6° ano),6.7742,4/24/2012,,Aluno-731,,7.5,-1.0,Agata,Fase 2 (5° e 6° ano)
RA-552,FASE 1,1J,,,,Masculino,2022,Escola Pública,6.625,0.0,5.6,3.14,6.4,6.5,6.2,,,,6.89,5.0,,,PEDE2023,,Fase 3 (7° e 8° ano),5.248666667,2011-09-02 00:00:00,,Aluno-552,,6.666666667,-2.0,Quartzo,Fase 3 (7° e 8° ano)
RA-1054,FASE 1,1J,,,,Masculino,2023,Escola Pública,,8.5,8.6,7.52,6.6,5.0,8.2,,,,7.836666667,5.0,,,PEDE2023,,Fase 3 (7° e 8° ano),7.459533333,2010-02-12 00:00:00,,Aluno-1054,,7.5,-2.0,Ametista,Fase 3 (7° e 8° ano)
RA-1055,FASE 1,1J,,,10.0,Masculino,2023,Escola Pública,,0.0,7.2,7.52,5.5,6.0,5.0,,,,7.276666667,5.0,,,PEDE2023,11.0,Fase 2 (5° e 6° ano),5.9765,2/18/2012,,Aluno-1055,,7.291666667,-1.0,Quartzo,Fase 2 (5° e 6° ano)
RA-597,FASE 1,1K,,,9.0,Masculino,2022,Escola Pública,8.265,10.0,9.6,7.52,8.5,7.8,9.2,,,,8.56,5.0,,,PEDE2023,10.0,Fase 2 (5° e 6° ano),8.49045,2/21/2013,,Aluno-597,,9.0625,-1.0,Topázio,Fase 2 (5° e 6° ano)
RA-624,FASE 1,1K,,,,Masculino,2022,Escola Pública,7.425,9.0,9.2,7.52,8.6,8.3,8.8,,,,8.39,5.0,,,PEDE2023,,Fase 2 (5° e 6° ano),8.270825,2012-02-08 00:00:00,,Aluno-624,,8.90625,-1.0,Topázio,Fase 2 (5° e 6° ano)
RA-776,FASE 1,1K,,,,Feminino,2022,Escola Privada,3.898,0.0,7.0,7.52,3.5,4.2,2.7,,,,7.223333333,5.0,,,PEDE2023,,Fase 2 (5° e 6° ano),5.567916667,2013-02-06 00:00:00,,Aluno-776,,7.8125,-1.0,Quartzo,Fase 2 (5° e 6° ano)
RA-600,FASE 1,1K,,,9.0,Feminino,2021,Escola Pública,7.011,8.5,8.4,7.52,7.2,6.5,7.8,,,,8.056666667,5.0,,,PEDE2023,10.0,Fase 2 (5° e 6° ano),7.651658333,3/15/2013,,Aluno-600,,8.28125,-1.0,Ametista,Fase 2 (5° e 6° ano)
RA-1056,FASE 1,1K,,,8.0,Masculino,2023,Escola Pública,,8.5,9.6,7.52,8.1,7.8,8.3,,,,8.113333333,10.0,,,PEDE2023,9.0,Fase 1 (3° e 4° ano),8.551741667,4/30/2014,,Aluno-1056,,7.96875,0.0,Topázio,Fase 1 (3° e 4° ano)
RA-791,FASE 1,1K,,,,Feminino,2022,Escola Pública,7.507,0.0,8.1,7.52,5.3,6.0,4.5,,,,7.723333333,5.0,,,PEDE2023,,Fase 3 (7° e 8° ano),6.247916667,2011-02-10 00:00:00,,Aluno-791,,7.8125,-2.0,Agata,Fase 3 (7° e 8° ano)
RA-601,FASE 1,1K,,,8.0,Masculino,2021,Escola Pública,7.713,9.0,10.0,7.52,8.7,8.0,9.3,,,,8.336666667,10.0,,,PEDE2023,9.0,Fase 1 (3° e 4° ano),8.955783333,6/19/2014,,Aluno-601,,9.0625,0.0,Topázio,Fase 1 (3° e 4° ano)
RA-762,FASE 1,1K,,,12.0,Masculino,2022,Escola Pública,7.28,10.0,9.1,3.14,5.8,6.2,5.3,,,,7.67,5.0,,,PEDE2023,13.0,Fase 3 (7° e 8° ano),7.09945,6/28/2010,,Aluno-762,,7.8125,-2.0,Ametista,Fase 3 (7° e 8° ano)
RA-778,FASE 1,1K,,,,Feminino,2021,Escola Pública,7.432,8.5,7.9,7.52,8.2,7.3,9.0,,,,8.62,5.0,,,PEDE2023,,Fase 2 (5° e 6° ano),7.926825,2013-11-07 00:00:00,,Aluno-778,,8.90625,-1.0,Ametista,Fase 2 (5° e 6° ano)
RA-628,FASE 1,1K,,,11.0,Masculino,2022,Escola Pública,7.577,9.5,8.9,7.52,9.4,9.0,9.7,,,,8.45,5.0,,,PEDE2023,12.0,Fase 3 (7° e 8° ano),8.370325,10/22/2011,,Aluno-628,,8.28125,-2.0,Topázio,Fase 3 (7° e 8° ano)
RA-606,FASE 1,1K,,,9.0,Masculino,2022,Escola Pública,6.127,8.5,8.5,7.52,6.0,4.7,7.2,,,,8.223333333,5.0,,,PEDE2023,10.0,Fase 2 (5° e 6° ano),7.402491667,12/18/2012,,Aluno-606,,7.65625,-1.0,Ametista,Fase 2 (5° e 6° ano)
RA-766,FASE 1,1K,,,10.0,Feminino,2020,Escola Pública,8.185,10.0,8.7,4.39,8.7,9.2,8.2,,,,8.336666667,5.0,,,PEDE2023,11.0,Fase 2 (5° e 6° ano),8.008408333,5/21/2012,,Aluno-766,,9.21875,-1.0,Topázio,Fase 2 (5° e 6° ano)
RA-607,FASE 1,1K,,,10.0,Masculino,2022,Escola Pública,6.44,8.0,7.5,7.52,6.8,4.8,8.7,,,,8.17,5.0,,,PEDE2023,11.0,Fase 2 (5° e 6° ano),7.333075,8/17/2012,,Aluno-607,,7.96875,-1.0,Ametista,Fase 2 (5° e 6° ano)
RA-608,FASE 1,1K,,,9.0,Masculino,2022,Escola Pública,7.216,10.0,7.5,7.52,6.2,6.0,6.3,,,,8.113333333,5.0,,,PEDE2023,10.0,Fase 2 (5° e 6° ano),7.401741667,12/20/2012,,Aluno-608,,7.96875,-1.0,Ametista,Fase 2 (5° e 6° ano)
RA-788,FASE 1,1K,,,,Masculino,2021,Escola Pública,8.264,7.9,9.8,2.52,6.9,6.0,7.8,,,,8.283333333,10.0,,,PEDE2023,,Fase 1 (3° e 4° ano),7.806091667,2014-11-03 00:00:00,,Aluno-788,,7.65625,0.0,Ametista,Fase 1 (3° e 4° ano)
RA-784,FASE 1,1L,,,9.0,Feminino,2022,Escola Pública,8.34,10.0,9.5,7.52,7.3,6.5,8.0,,,,8.783333333,5.0,,,PEDE2023,10.0,Fase 2 (5° e 6° ano),8.171366667,4/24/2013,,Aluno-784,,8.125,-1.0,Topázio,Fase 2 (5° e 6° ano)
RA-785,FASE 1,1L,,,9.0,Feminino,2022,Escola Pública,7.642,9.0,8.5,7.52,8.8,8.2,9.4,,,,8.67,5.0,,,PEDE2023,10.0,Fase 2 (5° e 6° ano),8.137866667,7/19/2013,,Aluno-785,,7.916666667,-1.0,Topázio,Fase 2 (5° e 6° ano)
RA-587,FASE 1,1L,,,,Masculino,2022,Escola Pública,6.632,8.5,7.0,7.52,2.7,2.2,3.2,,,,6.72,5.0,,,PEDE2023,,Fase 2 (5° e 6° ano),6.032033333,2012-04-04 00:00:00,,Aluno-587,,6.458333333,-1.0,Agata,Fase 2 (5° e 6° ano)
RA-790,FASE 1,1L,,,,Masculino,2022,Escola Pública,7.504,0.0,8.1,7.52,7.4,7.2,7.5,,,,8.286666667,5.0,,,PEDE2023,,Fase 3 (7° e 8° ano),6.707666667,2011-08-10 00:00:00,,Aluno-790,,7.083333333,-2.0,Agata,Fase 3 (7° e 8° ano)
RA-663,FASE 1,1L,,,10.0,Masculino,2022,Escola Pública,6.376,6.9,7.4,7.52,7.0,6.7,7.3,,,,7.393333333,5.0,,,PEDE2023,11.0,Fase 2 (5° e 6° ano),6.969133333,2/17/2012,,Aluno-663,,6.666666667,-1.0,Agata,Fase 2 (5° e 6° ano)
RA-664,FASE 1,1L,,,10.0,Feminino,2022,Escola Pública,7.277,9.0,9.6,7.52,8.0,8.0,8.0,,,,8.116666667,5.0,,,PEDE2023,11.0,Fase 2 (5° e 6° ano),8.0872,8/29/2012,,Aluno-664,,7.916666667,-1.0,Topázio,Fase 2 (5° e 6° ano)
RA-761,FASE 1,1L,,,9.0,Masculino,2022,Escola Pública,8.06,9.0,9.7,7.52,8.4,8.7,8.0,,,,8.12,5.0,,,PEDE2023,10.0,Fase 2 (5° e 6° ano),8.219533333,1/23/2013,,Aluno-761,,8.333333333,-1.0,Topázio,Fase 2 (5° e 6° ano)
RA-1057,FASE 1,1L,,,8.0,Feminino,2023,Escola Pública,,10.0,10.0,7.52,6.3,6.5,6.0,,,,8.34,10.0,,,PEDE2023,9.0,Fase 1 (3° e 4° ano),8.4827,1/17/2014,,Aluno-1057,,8.125,0.0,Topázio,Fase 1 (3° e 4° ano)
RA-629,FASE 1,1L,,,9.0,Feminino,2022,Escola Pública,8.11,10.0,9.4,7.52,7.5,7.0,8.0,,,,7.95,5.0,,,PEDE2023,10.0,Fase 2 (5° e 6° ano),8.013866667,3/21/2013,,Aluno-629,,7.916666667,-1.0,Topázio,Fase 2 (5° e 6° ano)
RA-832,FASE 1,1L,,,9.0,Masculino,2022,Escola Pública,8.179,10.0,9.5,7.52,8.5,9.2,7.7,,,,8.283333333,5.0,,,PEDE2023,10.0,Fase 2 (5° e 6° ano),8.2697,7/21/2013,,Aluno-832,,7.708333333,-1.0,Topázio,Fase 2 (5° e 6° ano)
RA-594,FASE 1,1L,,,10.0,Masculino,2022,Escola Pública,7.392,8.5,7.1,6.27,5.8,6.2,5.3,,,,7.336666667,5.0,,,PEDE2023,11.0,Fase 2 (5° e 6° ano),6.702033333,8/28/2012,,Aluno-594,,6.875,-1.0,Agata,Fase 2 (5° e 6° ano)
RA-617,FASE 1,1L,,,10.0,Feminino,2021,Escola Pública,7.107,0.0,9.0,7.52,6.9,5.5,8.2,,,,8.116666667,5.0,,,PEDE2023,11.0,Fase 2 (5° e 6° ano),6.816166667,10/31/2011,,Aluno-617,,7.708333333,-1.0,Agata,Fase 2 (5° e 6° ano)
RA-767,FASE 1,1L,,,10.0,Masculino,2021,Escola Pública,7.511,10.0,8.3,7.52,6.3,6.5,6.0,,,,7.446666667,5.0,,,PEDE2023,11.0,Fase 2 (5° e 6° ano),7.3807,4/19/2012,,Aluno-767,,7.291666667,-1.0,Ametista,Fase 2 (5° e 6° ano)
RA-1058,FASE 1,1L,,,,Feminino,2023,Escola Pública,,10.0,8.7,3.14,5.4,4.0,6.7,,,,7.62,10.0,,,PEDE2023,,Fase 1 (3° e 4° ano),7.356533333,2014-09-04 00:00:00,,Aluno-1058,,7.083333333,0.0,Ametista,Fase 1 (3° e 4° ano)
RA-747,FASE 1,1L,,,10.0,Feminino,2022,Escola Pública,7.676,10.0,8.0,3.14,3.1,1.2,5.0,,,,6.94,5.0,,,PEDE2023,11.0,Fase 2 (5° e 6° ano),6.026366667,11/30/2011,,Aluno-747,,6.041666667,-1.0,Agata,Fase 2 (5° e 6° ano)
RA-827,FASE 1,1M,,,,Feminino,2022,Escola Pública,7.412,7.9,8.1,3.14,8.1,7.7,8.5,,,,8.73,5.0,,,PEDE2023,,Fase 2 (5° e 6° ano),7.419925,2012-11-10 00:00:00,,Aluno-827,,8.28125,-1.0,Ametista,Fase 2 (5° e 6° ano)
RA-1059,FASE 1,1M,,,,Masculino,2023,Escola Pública,,10.0,9.8,2.52,7.6,6.2,9.0,,,,8.673333333,5.0,,,PEDE2023,,Fase 2 (5° e 6° ano),7.763741667,2013-06-07 00:00:00,,Aluno-1059,,7.96875,-1.0,Ametista,Fase 2 (5° e 6° ano)
RA-612,FASE 1,1M,,,10.0,Feminino,2021,Escola Privada,7.594,9.0,9.7,3.77,9.7,9.3,10.0,,,,9.286666667,5.0,,,PEDE2023,11.0,Fase 2 (5° e 6° ano),8.410783333,8/24/2012,,Aluno-612,,9.0625,-1.0,Topázio,Fase 2 (5° e 6° ano)
RA-1060,FASE 1,1M,,,,Masculino,2023,Escola Pública,,9.0,8.6,3.14,5.7,4.3,7.0,,,,8.673333333,5.0,,,PEDE2023,,Fase 2 (5° e 6° ano),7.095741667,2012-06-11 00:00:00,,Aluno-1060,,7.96875,-1.0,Ametista,Fase 2 (5° e 6° ano)
RA-665,FASE 1,1M,,,,Feminino,2022,Escola Pública,6.996,9.5,4.9,2.52,5.2,5.0,5.3,,,,8.226666667,5.0,,,PEDE2023,,Fase 2 (5° e 6° ano),6.185658333,2011-07-12 00:00:00,,Aluno-665,,8.28125,-1.0,Agata,Fase 2 (5° e 6° ano)
RA-829,FASE 1,1M,,,8.0,Feminino,2022,Escola Pública,8.003,9.0,9.4,3.14,8.4,7.5,9.2,,,,9.23,10.0,,,PEDE2023,9.0,Fase 1 (3° e 4° ano),8.532075,9/30/2014,,Aluno-829,,9.21875,0.0,Topázio,Fase 1 (3° e 4° ano)
RA-1061,FASE 1,1M,,,9.0,Masculino,2023,Escola Pública,,9.5,9.7,3.14,9.3,8.8,9.7,,,,8.836666667,5.0,,,PEDE2023,10.0,Fase 2 (5° e 6° ano),8.196533333,7/25/2013,,Aluno-1061,,8.75,-1.0,Topázio,Fase 2 (5° e 6° ano)
RA-1062,FASE 1,1M,,,,Masculino,2023,Escola Pública,,7.4,7.7,3.77,6.2,4.8,7.5,,,,8.503333333,10.0,,,PEDE2023,,Fase 1 (3° e 4° ano),7.448841667,2014-10-01 00:00:00,,Aluno-1062,,8.59375,0.0,Ametista,Fase 1 (3° e 4° ano)
RA-615,FASE 1,1M,,,,Feminino,2020,Escola Pública,8.086,10.0,9.7,3.14,7.6,6.8,8.3,,,,8.616666667,5.0,,,PEDE2023,,Fase 2 (5° e 6° ano),7.815658333,2013-02-04 00:00:00,,Aluno-615,,8.28125,-1.0,Ametista,Fase 2 (5° e 6° ano)
RA-833,FASE 1,1M,,,,Masculino,2022,Escola Pública,7.791,10.0,9.5,3.77,7.4,7.3,7.5,,,,8.56,5.0,,,PEDE2023,,Fase 2 (5° e 6° ano),7.81295,2013-01-10 00:00:00,,Aluno-833,,8.4375,-1.0,Ametista,Fase 2 (5° e 6° ano)
RA-630,FASE 1,1M,,,9.0,Masculino,2022,Escola Pública,8.064,9.0,8.6,3.77,5.7,4.2,7.2,,,,8.673333333,5.0,,,PEDE2023,10.0,Fase 2 (5° e 6° ano),7.199991667,4/22/2013,,Aluno-630,,8.28125,-1.0,Ametista,Fase 2 (5° e 6° ano)
RA-752,FASE 1,1N,,,10.0,Feminino,2022,Escola Pública,8.197,9.5,9.9,7.52,6.4,4.8,8.0,,,,9.23,5.0,,,PEDE2023,11.0,Fase 2 (5° e 6° ano),8.073825,11/28/2011,,Aluno-752,,7.65625,-1.0,Topázio,Fase 2 (5° e 6° ano)
RA-777,FASE 1,1N,,,,Feminino,2022,Escola Pública,7.096,0.0,9.3,7.52,6.3,5.3,7.3,,,,8.84,10.0,,,PEDE2023,,Fase 1 (3° e 4° ano),7.468125,2014-07-05 00:00:00,,Aluno-777,,8.28125,0.0,Ametista,Fase 1 (3° e 4° ano)
RA-1063,FASE 1,1N,,,,Masculino,2023,Escola Privada,,9.5,9.5,7.52,5.9,4.7,7.0,,,,7.89,5.0,,,PEDE2023,,Fase 2 (5° e 6° ano),7.490825,2012-04-02 00:00:00,,Aluno-1063,,6.40625,-1.0,Ametista,Fase 2 (5° e 6° ano)
RA-764,FASE 1,1N,,,,Masculino,2022,Escola Pública,8.004,0.0,9.2,7.52,7.8,6.0,9.5,,,,8.56,10.0,,,PEDE2023,,Fase 1 (3° e 4° ano),7.682125,2014-04-01 00:00:00,,Aluno-764,,8.28125,0.0,Ametista,Fase 1 (3° e 4° ano)
RA-1064,FASE 1,1N,,,9.0,Masculino,2023,Escola Pública,,8.5,9.8,7.52,8.6,8.3,8.8,,,,8.84,5.0,,,PEDE2023,10.0,Fase 2 (5° e 6° ano),8.4777,8/31/2013,,Aluno-1064,,9.375,-1.0,Topázio,Fase 2 (5° e 6° ano)
RA-1065,FASE 1,1N,,,,Feminino,2023,Escola Pública,,8.5,9.6,7.52,7.0,7.7,6.3,,,,8.84,5.0,,,PEDE2023,,Fase 2 (5° e 6° ano),8.03395,2013-02-07 00:00:00,,Aluno-1065,,8.4375,-1.0,Topázio,Fase 2 (5° e 6° ano)
RA-772,FASE 1,1N,,,11.0,Masculino,2021,Escola Pública,6.994,0.0,7.2,7.52,4.8,5.2,4.3,,,,8.003333333,5.0,,,PEDE2023,12.0,Fase 3 (7° e 8° ano),5.930166667,7/22/2011,,Aluno-772,,6.875,-2.0,Quartzo,Fase 3 (7° e 8° ano)
RA-781,FASE 1,1N,,,9.0,Feminino,2021,Escola Pública,7.786,7.5,9.8,7.52,7.9,7.0,8.8,,,,9.116666667,5.0,,,PEDE2023,10.0,Fase 2 (5° e 6° ano),8.209283333,9/19/2013,,Aluno-781,,8.4375,-1.0,Topázio,Fase 2 (5° e 6° ano)
RA-1066,FASE 1,1N,,,9.0,Feminino,2023,Escola Pública,,8.5,6.6,7.52,6.2,4.2,8.2,,,,8.783333333,5.0,,,PEDE2023,10.0,Fase 2 (5° e 6° ano),7.262616667,9/16/2013,,Aluno-1066,,8.4375,-1.0,Ametista,Fase 2 (5° e 6° ano)
RA-1067,FASE 1,1N,,,9.0,Masculino,2023,Escola Pública,,0.0,7.9,7.52,5.4,4.5,6.3,,,,9.006666667,5.0,,,PEDE2023,10.0,Fase 2 (5° e 6° ano),6.541458333,8/21/2013,,Aluno-1067,,8.28125,-1.0,Agata,Fase 2 (5° e 6° ano)
RA-834,FASE 1,1N,,,,Masculino,2022,Escola Pública,8.136,9.0,9.9,6.27,9.2,9.0,9.3,,,,9.283333333,5.0,,,PEDE2023,,Fase 2 (5° e 6° ano),8.662616667,2013-10-01 00:00:00,,Aluno-834,,9.6875,-1.0,Topázio,Fase 2 (5° e 6° ano)
RA-722,FASE 1,1N,,,,Feminino,2021,Escola Pública,7.41,8.5,9.6,2.52,6.4,4.5,8.2,,,,8.67,5.0,,,PEDE2023,,Fase 2 (5° e 6° ano),7.3387,2013-05-10 00:00:00,,Aluno-722,,8.125,-1.0,Ametista,Fase 2 (5° e 6° ano)
RA-1068,FASE 1,1P,,,,Masculino,2023,Escola Pública,,8.5,9.3,6.89,9.0,8.3,9.7,,,,9.283333333,5.0,,,PEDE2023,,Fase 2 (5° e 6° ano),8.472533333,2013-03-01 00:00:00,,Aluno-1068,,9.166666667,-1.0,Topázio,Fase 2 (5° e 6° ano)
RA-796,FASE 1,1P,,,10.0,Feminino,2022,Escola Pública,7.232,9.0,9.8,6.27,5.5,5.0,6.0,,,,8.336666667,5.0,,,PEDE2023,11.0,Fase 2 (5° e 6° ano),7.462866667,6/25/2012,,Aluno-796,,7.083333333,-1.0,Ametista,Fase 2 (5° e 6° ano)
RA-1069,FASE 1,1P,,,10.0,Masculino,2023,Escola Pública,,9.0,7.8,7.52,7.1,7.5,6.7,,,,8.226666667,5.0,,,PEDE2023,11.0,Fase 2 (5° e 6° ano),7.590033333,9/18/2012,,Aluno-1069,,8.125,-1.0,Ametista,Fase 2 (5° e 6° ano)
RA-797,FASE 1,1P,,,10.0,Masculino,2021,Escola Pública,7.217,8.5,8.6,7.52,7.5,7.0,8.0,,,,7.233333333,5.0,,,PEDE2023,11.0,Fase 2 (5° e 6° ano),7.373033333,1/24/2012,,Aluno-797,,6.041666667,-1.0,Ametista,Fase 2 (5° e 6° ano)
RA-647,FASE 1,1P,,,,Feminino,2022,Escola Privada,6.606,7.3,8.7,6.27,5.2,4.7,5.7,,,,8.446666667,5.0,,,PEDE2023,,Fase 2 (5° e 6° ano),7.100566667,2012-02-11 00:00:00,,Aluno-647,,7.708333333,-1.0,Ametista,Fase 2 (5° e 6° ano)
RA-814,FASE 1,1P,,,9.0,Masculino,2022,Escola Pública,7.592,9.5,9.6,6.89,8.2,7.8,8.5,,,,9.226666667,5.0,,,PEDE2023,10.0,Fase 2 (5° e 6° ano),8.367866667,5/29/2013,,Aluno-814,,8.333333333,-1.0,Topázio,Fase 2 (5° e 6° ano)
RA-652,FASE 1,1P,,,,Feminino,2022,Escola Pública,8.151,9.0,9.4,6.89,7.0,6.2,7.8,,,,8.446666667,5.0,,,PEDE2023,,Fase 2 (5° e 6° ano),7.871033333,2013-02-06 00:00:00,,Aluno-652,,8.125,-1.0,Ametista,Fase 2 (5° e 6° ano)
RA-816,FASE 1,1P,,,,Feminino,2022,Escola Pública,8.513,7.5,9.8,7.52,8.9,7.8,10.0,,,,9.283333333,5.0,,,PEDE2023,,Fase 2 (5° e 6° ano),8.5572,2013-04-05 00:00:00,,Aluno-816,,9.583333333,-1.0,Topázio,Fase 2 (5° e 6° ano)
RA-640,FASE 1,1P,,,11.0,Feminino,2022,Escola Pública,6.73,0.0,7.3,7.52,4.9,4.0,5.8,,,,8.446666667,5.0,,,PEDE2023,12.0,Fase 3 (7° e 8° ano),6.1105,10/18/2011,,Aluno-640,,7.291666667,-2.0,Agata,Fase 3 (7° e 8° ano)
RA-810,FASE 1,1P,,,8.0,Masculino,2021,Escola Pública,7.887,8.0,8.5,7.52,6.9,6.3,7.5,,,,7.836666667,10.0,,,PEDE2023,9.0,Fase 1 (3° e 4° ano),7.782866667,5/31/2014,,Aluno-810,,5.833333333,0.0,Ametista,Fase 1 (3° e 4° ano)
RA-643,FASE 1,1P,,,,Masculino,2022,Escola Pública,6.763,9.5,8.2,7.52,7.1,7.0,7.2,,,,7.613333333,5.0,,,PEDE2023,,Fase 2 (5° e 6° ano),7.389033333,2012-04-04 00:00:00,,Aluno-643,,6.041666667,-1.0,Ametista,Fase 2 (5° e 6° ano)
RA-819,FASE 1,1P,,,8.0,Masculino,2022,Escola Pública,7.741,0.0,8.3,7.52,9.5,9.7,9.3,,,,8.893333333,10.0,,,PEDE2023,9.0,Fase 1 (3° e 4° ano),7.944833333,5/24/2014,,Aluno-819,,8.541666667,0.0,Ametista,Fase 1 (3° e 4° ano)
RA-1070,FASE 1,1P,,,10.0,Masculino,2023,Escola Pública,,9.0,7.8,3.14,5.8,5.3,6.3,,,,8.67,5.0,,,PEDE2023,11.0,Fase 2 (5° e 6° ano),6.939033333,8/28/2012,,Aluno-1070,,7.708333333,-1.0,Agata,Fase 2 (5° e 6° ano)
RA-813,FASE 1,1R,,,,Masculino,2022,Escola Pública,7.093,9.5,8.4,7.52,3.9,2.3,5.5,,,,8.06,10.0,,,PEDE2023,,Fase 1 (3° e 4° ano),7.5867,2014-03-10 00:00:00,,Aluno-813,,8.125,0.0,Ametista,Fase 1 (3° e 4° ano)
RA-636,FASE 1,1R,,,10.0,Masculino,2022,Escola Pública,7.189,0.0,8.3,5.64,9.0,9.2,8.7,,,,7.446666667,5.0,,,PEDE2023,11.0,Fase 2 (5° e 6° ano),6.836666667,9/28/2012,,Aluno-636,,8.333333333,-1.0,Agata,Fase 2 (5° e 6° ano)
RA-798,FASE 1,1R,,,,Masculino,2022,Escola Privada,7.049,9.0,8.1,7.52,6.1,4.3,7.8,,,,6.95,5.0,,,PEDE2023,,Fase 2 (5° e 6° ano),7.018033333,2012-03-01 00:00:00,,Aluno-798,,6.458333333,-1.0,Ametista,Fase 2 (5° e 6° ano)
RA-799,FASE 1,1R,,,,Feminino,2022,Escola Pública,7.676,9.5,9.6,5.64,8.3,7.8,8.8,,,,8.17,5.0,,,PEDE2023,,Fase 2 (5° e 6° ano),8.061533333,2012-06-12 00:00:00,,Aluno-799,,8.333333333,-1.0,Topázio,Fase 2 (5° e 6° ano)
RA-815,FASE 1,1R,,,,Masculino,2022,Escola Pública,6.81,0.0,8.6,5.02,6.5,7.0,6.0,,,,7.063333333,5.0,,,PEDE2023,,Fase 2 (5° e 6° ano),6.122166667,2013-01-10 00:00:00,,Aluno-815,,6.875,-1.0,Agata,Fase 2 (5° e 6° ano)
RA-637,FASE 1,1R,,,10.0,Feminino,2021,Escola Pública,7.039,8.0,9.5,7.52,8.5,8.7,8.2,,,,8.17,5.0,,,PEDE2023,11.0,Fase 2 (5° e 6° ano),8.109533333,9/22/2012,,Aluno-637,,8.333333333,-1.0,Topázio,Fase 2 (5° e 6° ano)
RA-638,FASE 1,1R,,,,Feminino,2020,Escola Pública,7.059,9.0,9.4,7.52,6.5,6.8,6.2,,,,7.946666667,5.0,,,PEDE2023,,Fase 2 (5° e 6° ano),7.754866667,2013-05-01 00:00:00,,Aluno-638,,8.333333333,-1.0,Ametista,Fase 2 (5° e 6° ano)
RA-801,FASE 1,1R,,,,Masculino,2022,Escola Pública,6.644,0.0,7.5,7.52,7.6,6.8,8.3,,,,7.12,10.0,,,PEDE2023,,Fase 1 (3° e 4° ano),6.8735,2013-11-12 00:00:00,,Aluno-801,,6.875,0.0,Agata,Fase 1 (3° e 4° ano)
RA-802,FASE 1,1R,,,9.0,Masculino,2021,Escola Pública,7.831,8.0,9.3,7.52,9.4,9.3,9.5,,,,7.506666667,5.0,,,PEDE2023,10.0,Fase 2 (5° e 6° ano),8.126866667,3/30/2013,,Aluno-802,,8.333333333,-1.0,Topázio,Fase 2 (5° e 6° ano)
RA-1071,FASE 1,1R,,,10.0,Masculino,2023,Escola Pública,,9.0,8.6,7.52,3.5,1.7,5.3,,,,6.396666667,5.0,,,PEDE2023,11.0,Fase 2 (5° e 6° ano),6.414033333,4/25/2012,,Aluno-1071,,5.625,-1.0,Agata,Fase 2 (5° e 6° ano)
RA-817,FASE 1,1R,,,,Feminino,2022,Escola Pública,7.819,9.5,8.8,6.89,5.4,5.0,5.7,,,,7.89,10.0,,,PEDE2023,,Fase 1 (3° e 4° ano),7.8597,2014-03-06 00:00:00,,Aluno-817,,8.125,0.0,Ametista,Fase 1 (3° e 4° ano)
RA-818,FASE 1,1R,,,,Masculino,2022,Escola Pública,7.483,10.0,8.4,7.52,6.2,5.5,6.8,,,,7.613333333,10.0,,,PEDE2023,,ALFA (1° e 2° ano),7.997366667,2015-04-03 00:00:00,,Aluno-818,,8.125,1.0,Ametista,ALFA (1° e 2° ano)
RA-804,FASE 1,1R,,,10.0,Masculino,2022,Escola Pública,6.848,10.0,8.6,6.27,6.9,6.2,7.5,,,,7.173333333,5.0,,,PEDE2023,11.0,Fase 2 (5° e 6° ano),7.2352,6/18/2012,,Aluno-804,,5.833333333,-1.0,Ametista,Fase 2 (5° e 6° ano)
RA-645,FASE 1,1R,,,10.0,Feminino,2022,Escola Pública,6.086,9.0,8.5,6.27,7.3,6.5,8.0,,,,8.116666667,5.0,,,PEDE2023,11.0,Fase 2 (5° e 6° ano),7.613033333,10/25/2012,,Aluno-645,,8.125,-1.0,Ametista,Fase 2 (5° e 6° ano)
RA-479,FASE 2,2A,,,,Masculino,2020,Escola Privada,8.465,9.0,10.0,2.52,9.7,9.3,10.0,,,,9.6375,10.0,,,PEDE2023,,Fase 2 (5° e 6° ano),8.988866667,2012-10-08 00:00:00,,Aluno-479,,9.791666667,0.0,Topázio,Fase 2 (5° e 6° ano)
RA-493,FASE 2,2A,,,9.0,Feminino,2020,Escola Pública,8.306,9.5,9.6,2.52,6.0,4.7,7.2,,,,8.84,10.0,,,PEDE2023,10.0,Fase 2 (5° e 6° ano),7.934366667,4/19/2013,,Aluno-493,,8.541666667,0.0,Ametista,Fase 2 (5° e 6° ano)
RA-1072,FASE 2,2A,,,10.0,Masculino,2023,Escola Pública,,9.0,8.6,5.0,6.7,5.2,8.2,,,,8.7125,10.0,,,PEDE2023,11.0,Fase 2 (5° e 6° ano),8.0152,12/28/2011,,Aluno-1072,,8.125,0.0,Topázio,Fase 2 (5° e 6° ano)
RA-536,FASE 2,2A,,,9.0,Feminino,2020,Escola Pública,7.106,8.0,9.3,2.52,5.9,5.0,6.8,,,,9.17,10.0,,,PEDE2023,10.0,Fase 2 (5° e 6° ano),7.759533333,11/27/2012,,Aluno-536,,8.333333333,0.0,Ametista,Fase 2 (5° e 6° ano)
RA-1073,FASE 2,2A,,,,Feminino,2023,Escola Pública,,0.0,8.8,2.52,6.2,4.8,7.5,,,,9.045,5.0,,,PEDE2023,,Fase 3 (7° e 8° ano),6.384333333,2011-02-06 00:00:00,,Aluno-1073,,8.333333333,-1.0,Agata,Fase 3 (7° e 8° ano)
RA-494,FASE 2,2A,,,11.0,Feminino,2022,Escola Privada,6.407,6.9,9.0,2.52,6.8,6.3,7.3,,,,8.71,5.0,,,PEDE2023,12.0,Fase 3 (7° e 8° ano),7.116633333,4/20/2011,,Aluno-494,,7.708333333,-1.0,Ametista,Fase 3 (7° e 8° ano)
RA-496,FASE 2,2A,,,,Masculino,2018,Escola Privada,6.683,0.0,7.1,5.0,8.3,7.5,9.0,,,,8.71,5.0,,,PEDE2023,,Fase 3 (7° e 8° ano),6.603666667,2011-02-04 00:00:00,,Aluno-496,,7.916666667,-1.0,Agata,Fase 3 (7° e 8° ano)
RA-497,FASE 2,2A,,,,Feminino,2016,Escola Privada,6.323,5.3,8.7,2.52,3.5,1.7,5.3,,,,6.885,5.0,,,PEDE2023,,Fase 4 (9° ano),5.7191,2009-01-07 00:00:00,,Aluno-497,,6.25,-2.0,Quartzo,Fase 4 (9° ano)
RA-1074,FASE 2,2A,,,11.0,Feminino,2023,Escola Pública,,0.0,9.8,2.52,6.0,8.0,4.0,,,,7.8775,5.0,,,PEDE2023,12.0,Fase 3 (7° e 8° ano),6.195833333,12/23/2010,,Aluno-1074,,7.083333333,-1.0,Agata,Fase 3 (7° e 8° ano)
RA-486,FASE 2,2A,,,10.0,Feminino,2020,Escola Privada,7.621,8.4,6.4,2.52,6.2,3.3,9.0,,,,8.7525,10.0,,,PEDE2023,11.0,Fase 2 (5° e 6° ano),7.1043,1/31/2012,,Aluno-486,,7.5,0.0,Ametista,Fase 2 (5° e 6° ano)
RA-1075,FASE 2,2A,,,11.0,Feminino,2023,Escola Pública,,0.0,9.6,5.0,5.5,5.0,6.0,,,,9.0025,5.0,,,PEDE2023,12.0,Fase 3 (7° e 8° ano),6.591333333,12/19/2010,,Aluno-1075,,7.708333333,-1.0,Agata,Fase 3 (7° e 8° ano)
RA-578,FASE 2,2A,,,10.0,Masculino,2019,Escola Privada,8.814,9.0,10.0,2.52,9.7,9.8,9.5,,,,9.7625,10.0,,,PEDE2023,11.0,Fase 2 (5° e 6° ano),9.013866667,8/13/2012,,Aluno-578,,9.791666667,0.0,Topázio,Fase 2 (5° e 6° ano)
RA-513,FASE 2,2A,,,9.0,Masculino,2021,Escola Privada,8.229,9.5,9.7,2.52,7.5,7.2,7.8,,,,9.0075,10.0,,,PEDE2023,10.0,Fase 2 (5° e 6° ano),8.297866667,1/17/2013,,Aluno-513,,8.541666667,0.0,Topázio,Fase 2 (5° e 6° ano)
RA-487,FASE 2,2A,,,10.0,Feminino,2019,Escola Privada,8.417,8.5,9.9,5.0,9.5,9.2,9.7,,,,9.26,10.0,,,PEDE2023,11.0,Fase 2 (5° e 6° ano),8.988866667,1/13/2012,,Aluno-487,,9.166666667,0.0,Topázio,Fase 2 (5° e 6° ano)
RA-1076,FASE 2,2A,,,,Feminino,2023,Escola Pública,,9.0,9.7,2.52,8.5,9.0,8.0,,,,8.8775,5.0,,,PEDE2023,,Fase 3 (7° e 8° ano),7.901033333,2011-11-08 00:00:00,,Aluno-1076,,8.333333333,-1.0,Ametista,Fase 3 (7° e 8° ano)
RA-490,FASE 2,2A,,,,Feminino,2022,Escola Privada,7.576,7.9,7.9,2.52,5.8,2.8,8.7,,,,9.0075,10.0,,,PEDE2023,,Fase 2 (5° e 6° ano),7.429466667,2012-08-04 00:00:00,,Aluno-490,,8.541666667,0.0,Ametista,Fase 2 (5° e 6° ano)
RA-491,FASE 2,2A,,,,Masculino,2022,Escola Pública,7.461,9.5,9.6,2.52,5.0,3.3,6.7,,,,8.3375,10.0,,,PEDE2023,,Fase 2 (5° e 6° ano),7.560533333,2011-05-12 00:00:00,,Aluno-491,,7.708333333,0.0,Ametista,Fase 2 (5° e 6° ano)
RA-1077,FASE 2,2B,,,,Masculino,2023,Escola Pública,,0.0,9.7,2.52,7.3,6.8,7.8,,,,8.4225,10.0,,,PEDE2023,,Fase 2 (5° e 6° ano),7.2115,2012-03-04 00:00:00,,Aluno-1077,,8.75,0.0,Ametista,Fase 2 (5° e 6° ano)
RA-484,FASE 2,2B,,,11.0,Masculino,2022,Escola Pública,6.71,6.4,7.5,2.52,3.6,3.2,4.0,,,,6.8,5.0,,,PEDE2023,12.0,Fase 3 (7° e 8° ano),5.515466667,7/13/2011,,Aluno-484,,5.416666667,-1.0,Quartzo,Fase 3 (7° e 8° ano)
RA-508,FASE 2,2B,,,9.0,Masculino,2022,Escola Pública,6.575,6.4,8.6,2.52,7.5,6.2,8.7,,,,8.6725,10.0,,,PEDE2023,10.0,Fase 2 (5° e 6° ano),7.671633333,10/27/2012,,Aluno-508,,8.333333333,0.0,Ametista,Fase 2 (5° e 6° ano)
RA-495,FASE 2,2B,,,,Masculino,2022,Escola Privada,7.857,9.0,8.4,2.52,7.4,6.0,8.8,,,,8.755,5.0,,,PEDE2023,,Fase 3 (7° e 8° ano),7.417366667,2011-03-09 00:00:00,,Aluno-495,,8.541666667,-1.0,Ametista,Fase 3 (7° e 8° ano)
RA-1078,FASE 2,2B,,,13.0,Masculino,2023,Escola Pública,,5.3,6.8,2.52,6.4,4.3,8.5,,,,8.2975,5.0,,,PEDE2023,14.0,Fase 4 (9° ano),6.472333333,4/16/2009,,Aluno-1078,,8.958333333,-2.0,Agata,Fase 4 (9° ano)
RA-340,FASE 2,2B,,,,Masculino,2017,Escola Pública,7.721,0.0,9.6,2.52,8.9,9.0,8.7,,,,8.505,5.0,,,PEDE2023,,Fase 3 (7° e 8° ano),7.059666667,2011-12-02 00:00:00,,Aluno-340,,9.166666667,-1.0,Ametista,Fase 3 (7° e 8° ano)
RA-1079,FASE 2,2B,,,,Masculino,2023,Escola Pública,,9.0,8.1,2.52,7.6,7.3,7.8,,,,7.13,5.0,,,PEDE2023,,Fase 3 (7° e 8° ano),6.916533333,2010-02-12 00:00:00,,Aluno-1079,,7.083333333,-1.0,Agata,Fase 3 (7° e 8° ano)
RA-1080,FASE 2,2B,,,11.0,Masculino,2023,Escola Pública,,7.9,10.0,5.0,1.5,0.0,3.0,,,,8.13,5.0,,,PEDE2023,12.0,Fase 3 (7° e 8° ano),6.571966667,6/15/2011,,Aluno-1080,,8.541666667,-1.0,Agata,Fase 3 (7° e 8° ano)
RA-1081,FASE 2,2B,,,13.0,Feminino,2023,Escola Pública,,10.0,10.0,2.52,6.5,8.0,5.0,,,,8.59,5.0,,,PEDE2023,14.0,Fase 4 (9° ano),7.666033333,7/29/2009,,Aluno-1081,,8.958333333,-2.0,Ametista,Fase 4 (9° ano)
RA-1082,FASE 2,2B,,,,Feminino,2023,Escola Pública,,9.5,9.5,2.52,5.0,3.5,6.5,,,,8.4225,5.0,,,PEDE2023,,Fase 3 (7° e 8° ano),7.1617,2011-07-04 00:00:00,,Aluno-1082,,8.75,-1.0,Ametista,Fase 3 (7° e 8° ano)
RA-1083,FASE 2,2B,,,9.0,Feminino,2023,Escola Pública,,6.8,10.0,5.0,7.5,7.0,8.0,,,,8.38,10.0,,,PEDE2023,10.0,Fase 2 (5° e 6° ano),8.2345,6/28/2013,,Aluno-1083,,8.75,0.0,Topázio,Fase 2 (5° e 6° ano)
RA-531,FASE 2,2B,,,10.0,Masculino,2022,Escola Pública,8.057,9.5,10.0,2.52,7.7,6.3,9.0,,,,8.59,10.0,,,PEDE2023,11.0,Fase 2 (5° e 6° ano),8.3252,6/19/2012,,Aluno-531,,8.75,0.0,Topázio,Fase 2 (5° e 6° ano)
RA-1084,FASE 2,2B,,,10.0,Feminino,2023,Escola Pública,,8.4,10.0,2.52,6.8,5.0,8.5,,,,8.38,10.0,,,PEDE2023,11.0,Fase 2 (5° e 6° ano),7.9948,6/13/2012,,Aluno-1084,,8.75,0.0,Ametista,Fase 2 (5° e 6° ano)
RA-516,FASE 2,2B,,,9.0,Masculino,2019,Escola Privada,8.903,10.0,9.8,2.52,9.3,9.0,9.5,,,,8.7175,10.0,,,PEDE2023,10.0,Fase 2 (5° e 6° ano),8.6807,6/27/2013,,Aluno-516,,8.75,0.0,Topázio,Fase 2 (5° e 6° ano)
RA-348,FASE 2,2B,,,,Masculino,2022,Escola Pública,5.864,10.0,8.7,2.52,4.4,2.0,6.7,,,,8.0075,5.0,,,PEDE2023,,Fase 3 (7° e 8° ano),6.817866667,2010-06-05 00:00:00,,Aluno-348,,8.541666667,-1.0,Agata,Fase 3 (7° e 8° ano)
RA-1085,FASE 2,2C,,,11.0,Feminino,2023,Escola Pública,,0.0,9.8,2.52,6.7,6.0,7.3,,,,8.13,5.0,,,PEDE2023,12.0,Fase 3 (7° e 8° ano),6.563833333,4/29/2011,,Aluno-1085,,8.958333333,-1.0,Agata,Fase 3 (7° e 8° ano)
RA-1086,FASE 2,2C,,,11.0,Feminino,2023,Escola Pública,,8.5,9.4,2.52,5.7,6.0,5.3,,,,8.755,5.0,,,PEDE2023,12.0,Fase 3 (7° e 8° ano),7.2382,6/21/2011,,Aluno-1086,,8.75,-1.0,Ametista,Fase 3 (7° e 8° ano)
RA-1087,FASE 2,2C,,,11.0,Feminino,2023,Escola Pública,,10.0,9.5,2.52,5.4,3.7,7.0,,,,8.0475,5.0,,,PEDE2023,12.0,Fase 3 (7° e 8° ano),7.2067,3/15/2011,,Aluno-1087,,8.75,-1.0,Ametista,Fase 3 (7° e 8° ano)
RA-509,FASE 2,2C,,,11.0,Feminino,2018,Escola Pública,7.808,8.5,8.1,2.52,8.6,8.2,9.0,,,,8.84,5.0,,,PEDE2023,12.0,Fase 3 (7° e 8° ano),7.606033333,11/28/2010,,Aluno-509,,8.958333333,-1.0,Ametista,Fase 3 (7° e 8° ano)
RA-499,FASE 2,2C,,,10.0,Masculino,2020,Escola Pública,7.826,7.9,10.0,2.52,6.6,5.3,7.8,,,,8.2975,10.0,,,PEDE2023,11.0,Fase 2 (5° e 6° ano),7.8883,7/24/2012,,Aluno-499,,8.75,0.0,Ametista,Fase 2 (5° e 6° ano)
RA-500,FASE 2,2C,,,10.0,Feminino,2020,Escola Pública,8.232,9.5,10.0,2.52,7.9,8.5,7.2,,,,8.7975,10.0,,,PEDE2023,11.0,Fase 2 (5° e 6° ano),8.427533333,6/29/2012,,Aluno-500,,8.958333333,0.0,Topázio,Fase 2 (5° e 6° ano)
RA-1088,FASE 2,2C,,,12.0,Masculino,2023,Escola Pública,,9.5,9.8,2.52,6.8,6.0,7.5,,,,7.9225,5.0,,,PEDE2023,13.0,Fase 3 (7° e 8° ano),7.4717,9/15/2010,,Aluno-1088,,8.75,-1.0,Ametista,Fase 3 (7° e 8° ano)
RA-1089,FASE 2,2C,,,,Feminino,2023,Escola Pública,,9.0,9.5,2.52,7.0,6.0,8.0,,,,8.3375,10.0,,,PEDE2023,,Fase 2 (5° e 6° ano),7.9947,2012-08-03 00:00:00,,Aluno-1089,,8.75,0.0,Ametista,Fase 2 (5° e 6° ano)
RA-1090,FASE 2,2C,,,12.0,Masculino,2023,Escola Pública,,9.0,9.6,2.52,9.0,8.7,9.3,,,,7.88,5.0,,,PEDE2023,13.0,Fase 3 (7° e 8° ano),7.844033333,7/22/2010,,Aluno-1090,,8.958333333,-1.0,Ametista,Fase 3 (7° e 8° ano)
RA-503,FASE 2,2C,,,,Masculino,2020,Escola Pública,7.95,9.5,10.0,2.52,8.7,8.7,8.7,,,,8.255,10.0,,,PEDE2023,,Fase 2 (5° e 6° ano),8.4682,2012-08-09 00:00:00,,Aluno-503,,8.75,0.0,Topázio,Fase 2 (5° e 6° ano)
RA-1091,FASE 2,2C,,,11.0,Masculino,2023,Escola Pública,,8.5,9.0,2.52,9.5,9.3,9.7,,,,9.1725,5.0,,,PEDE2023,12.0,Fase 3 (7° e 8° ano),8.032533333,10/15/2011,,Aluno-1091,,8.958333333,-1.0,Topázio,Fase 3 (7° e 8° ano)
RA-1092,FASE 2,2C,,,11.0,Masculino,2023,Escola Pública,,7.8,9.8,2.52,6.9,6.0,7.8,,,,8.2975,5.0,,,PEDE2023,12.0,Fase 3 (7° e 8° ano),7.41,1/24/2011,,Aluno-1092,,8.75,-1.0,Ametista,Fase 3 (7° e 8° ano)
RA-1093,FASE 2,2C,,,10.0,Masculino,2023,Escola Pública,,7.0,9.3,2.52,9.2,9.3,9.0,,,,8.2975,10.0,,,PEDE2023,11.0,Fase 2 (5° e 6° ano),8.197533333,3/22/2012,,Aluno-1093,,8.958333333,0.0,Topázio,Fase 2 (5° e 6° ano)
RA-1094,FASE 2,2C,,,10.0,Feminino,2023,Escola Pública,,7.8,9.5,2.52,8.5,7.8,9.2,,,,8.3375,10.0,,,PEDE2023,11.0,Fase 2 (5° e 6° ano),8.1779,12/25/2011,,Aluno-1094,,8.75,0.0,Topázio,Fase 2 (5° e 6° ano)
RA-1095,FASE 2,2C,,,,Masculino,2023,Escola Pública,,0.0,9.8,2.52,5.3,5.8,4.7,,,,8.005,5.0,,,PEDE2023,,Fase 3 (7° e 8° ano),6.238,2010-11-07 00:00:00,,Aluno-1095,,8.75,-1.0,Agata,Fase 3 (7° e 8° ano)
RA-324,FASE 2,2D,,,,Feminino,2022,Escola Pública,8.27,5.8,9.0,2.52,8.4,8.0,8.7,,,,7.5875,10.0,,,PEDE2023,,Fase 2 (5° e 6° ano),7.6354,2012-10-04 00:00:00,,Aluno-324,,8.125,0.0,Ametista,Fase 2 (5° e 6° ano)
RA-350,FASE 2,2D,,,,Feminino,2022,Escola Pública,8.206,10.0,9.7,2.52,9.0,8.8,9.2,,,,7.92,5.0,,,PEDE2023,,Fase 3 (7° e 8° ano),7.972033333,2011-09-04 00:00:00,,Aluno-350,,8.958333333,-1.0,Ametista,Fase 3 (7° e 8° ano)
RA-517,FASE 2,2D,,,12.0,Feminino,2017,Escola Pública,7.604,4.1,9.0,2.52,6.6,4.5,8.7,,,,6.7125,5.0,,,PEDE2023,13.0,Fase 3 (7° e 8° ano),6.3104,7/25/2010,,Aluno-517,,6.875,-1.0,Agata,Fase 3 (7° e 8° ano)
RA-325,FASE 2,2D,,,10.0,Masculino,2022,Escola Pública,7.619,0.0,7.1,5.0,5.6,3.8,7.3,,,,7.0025,10.0,,,PEDE2023,11.0,Fase 2 (5° e 6° ano),6.243,2/20/2012,,Aluno-325,,8.125,0.0,Agata,Fase 2 (5° e 6° ano)
RA-518,FASE 2,2D,,,10.0,Masculino,2022,Escola Pública,7.661,8.5,8.5,5.0,6.7,5.5,7.8,,,,6.9175,10.0,,,PEDE2023,11.0,Fase 2 (5° e 6° ano),7.5762,3/19/2012,,Aluno-518,,8.125,0.0,Ametista,Fase 2 (5° e 6° ano)
RA-530,FASE 2,2D,,,10.0,Masculino,2019,Escola Pública,8.338,10.0,8.8,5.0,5.7,5.8,5.5,,,,7.46,10.0,,,PEDE2023,11.0,Fase 2 (5° e 6° ano),7.653033333,2/25/2012,,Aluno-530,,7.708333333,0.0,Ametista,Fase 2 (5° e 6° ano)
RA-524,FASE 2,2D,,,,Masculino,2019,Escola Pública,6.947,6.4,9.2,2.52,8.9,9.0,8.8,,,,7.42,5.0,,,PEDE2023,,Fase 3 (7° e 8° ano),7.331133333,2011-05-09 00:00:00,,Aluno-524,,8.333333333,-1.0,Ametista,Fase 3 (7° e 8° ano)
RA-1096,FASE 2,2D,,,,Feminino,2023,Escola Pública,,9.5,9.9,2.52,9.6,9.5,9.7,,,,8.0875,10.0,,,PEDE2023,,Fase 2 (5° e 6° ano),8.615533333,2012-05-12 00:00:00,,Aluno-1096,,8.958333333,0.0,Topázio,Fase 2 (5° e 6° ano)
RA-526,FASE 2,2D,,,,Masculino,2022,Escola Pública,8.079,9.5,9.8,5.0,8.8,8.3,9.3,,,,7.7525,5.0,,,PEDE2023,,Fase 3 (7° e 8° ano),8.0957,2010-05-03 00:00:00,,Aluno-526,,8.75,-1.0,Topázio,Fase 3 (7° e 8° ano)
RA-528,FASE 2,2D,,,,Masculino,2021,Escola Pública,5.335,9.0,8.5,5.0,8.2,7.5,8.8,,,,7.92,5.0,,,PEDE2023,,Fase 3 (7° e 8° ano),7.6892,2011-03-08 00:00:00,,Aluno-528,,8.75,-1.0,Ametista,Fase 3 (7° e 8° ano)
RA-534,FASE 2,2D,,,12.0,Masculino,2021,Escola Pública,7.131,0.0,8.1,2.52,5.4,3.7,7.0,,,,7.92,5.0,,,PEDE2023,13.0,Fase 3 (7° e 8° ano),5.8385,4/25/2010,,Aluno-534,,8.125,-1.0,Quartzo,Fase 3 (7° e 8° ano)
RA-1097,FASE 2,2D,,,,Masculino,2023,Escola Pública,,9.5,8.6,5.0,5.4,4.3,6.5,,,,6.96,5.0,,,PEDE2023,,Fase 4 (9° ano),6.9547,2009-06-07 00:00:00,,Aluno-1097,,8.125,-2.0,Agata,Fase 4 (9° ano)
RA-1098,FASE 2,2D,,,12.0,Feminino,2023,Escola Pública,,9.5,9.5,2.52,6.4,6.3,6.5,,,,7.92,5.0,,,PEDE2023,13.0,Fase 3 (7° e 8° ano),7.2787,10/22/2010,,Aluno-1098,,8.125,-1.0,Ametista,Fase 3 (7° e 8° ano)
RA-506,FASE 2,2D,,,12.0,Masculino,2020,Escola Pública,7.132,9.5,8.1,5.0,8.5,7.3,9.7,,,,7.92,5.0,,,PEDE2023,13.0,Fase 3 (7° e 8° ano),7.750033333,10/20/2010,,Aluno-506,,8.958333333,-1.0,Ametista,Fase 3 (7° e 8° ano)
RA-1099,FASE 2,2F,,,12.0,Feminino,2023,Escola Pública,,9.0,9.6,2.52,5.2,5.7,4.7,,,,8.34,5.0,,,PEDE2023,13.0,Fase 3 (7° e 8° ano),7.113533333,7/18/2010,,Aluno-1099,,8.333333333,-1.0,Ametista,Fase 3 (7° e 8° ano)
RA-1100,FASE 2,2F,,,,Masculino,2023,Escola Pública,,10.0,9.2,5.0,7.1,6.3,7.8,,,,8.283333333,10.0,,,PEDE2023,,Fase 2 (5° e 6° ano),8.261033333,2012-10-08 00:00:00,,Aluno-1100,,8.541666667,0.0,Topázio,Fase 2 (5° e 6° ano)
RA-1101,FASE 2,2F,,,,Masculino,2023,Escola Pública,,0.0,7.2,5.0,5.3,4.2,6.3,,,,8.116666667,10.0,,,PEDE2023,,Fase 2 (5° e 6° ano),6.446666667,2013-09-02 00:00:00,,Aluno-1101,,8.333333333,0.0,Agata,Fase 2 (5° e 6° ano)
RA-1102,FASE 2,2F,,,,Masculino,2023,Escola Pública,,9.5,9.5,5.0,7.5,5.7,9.2,,,,7.56,10.0,,,PEDE2023,,Fase 2 (5° e 6° ano),8.123033333,2012-06-10 00:00:00,,Aluno-1102,,7.708333333,0.0,Topázio,Fase 2 (5° e 6° ano)
RA-363,FASE 2,2F,,,12.0,Masculino,2022,Escola Pública,6.644,0.0,9.9,2.52,6.8,6.8,6.8,,,,8.673333333,5.0,,,PEDE2023,13.0,Fase 3 (7° e 8° ano),6.680833333,6/27/2010,,Aluno-363,,8.541666667,-1.0,Agata,Fase 3 (7° e 8° ano)
RA-1103,FASE 2,2F,,,9.0,Masculino,2023,Escola Pública,,9.0,8.7,5.0,5.0,4.5,5.5,,,,8.006666667,10.0,,,PEDE2023,10.0,Fase 2 (5° e 6° ano),7.574866667,11/30/2012,,Aluno-1103,,8.333333333,0.0,Ametista,Fase 2 (5° e 6° ano)
RA-539,FASE 2,2F,,,,Feminino,2022,Escola Pública,7.665,9.5,8.6,2.52,8.5,7.2,9.7,,,,8.84,5.0,,,PEDE2023,,Fase 3 (7° e 8° ano),7.796866667,2011-08-09 00:00:00,,Aluno-539,,9.166666667,-1.0,Ametista,Fase 3 (7° e 8° ano)
RA-540,FASE 2,2F,,,,Feminino,2019,Escola Pública,7.303,8.5,8.8,5.0,7.1,6.5,7.7,,,,8.95,10.0,,,PEDE2023,,Fase 2 (5° e 6° ano),8.216033333,2012-03-06 00:00:00,,Aluno-540,,8.958333333,0.0,Topázio,Fase 2 (5° e 6° ano)
RA-574,FASE 2,2F,,,,Masculino,2022,Escola Pública,6.86,6.9,8.2,5.0,8.1,7.7,8.5,,,,8.173333333,10.0,,,PEDE2023,,Fase 2 (5° e 6° ano),7.878133333,2012-10-02 00:00:00,,Aluno-574,,7.916666667,0.0,Ametista,Fase 2 (5° e 6° ano)
RA-369,FASE 2,2F,,,,Masculino,2022,Escola Pública,6.973,10.0,4.1,5.0,4.0,5.0,3.0,,,,7.726666667,5.0,,,PEDE2023,,Fase 3 (7° e 8° ano),6.0197,2011-10-03 00:00:00,,Aluno-369,,8.541666667,-1.0,Agata,Fase 3 (7° e 8° ano)
RA-375,FASE 2,2F,,,11.0,Masculino,2019,Escola Pública,7.831,0.0,9.9,5.0,7.9,6.8,9.0,,,,8.283333333,5.0,,,PEDE2023,12.0,Fase 3 (7° e 8° ano),7.070833333,6/21/2011,,Aluno-375,,8.541666667,-1.0,Ametista,Fase 3 (7° e 8° ano)
RA-376,FASE 2,2F,,,,Feminino,2019,Escola Pública,6.957,8.5,9.6,2.52,5.9,4.3,7.5,,,,8.226666667,5.0,,,PEDE2023,,Fase 3 (7° e 8° ano),7.1392,2010-08-01 00:00:00,,Aluno-376,,7.916666667,-1.0,Ametista,Fase 3 (7° e 8° ano)
RA-535,FASE 2,2G,,,,Feminino,2019,Escola Pública,6.953,9.0,9.4,5.0,5.6,4.7,6.5,,,,8.95,10.0,,,PEDE2023,,Fase 2 (5° e 6° ano),8.0027,2012-09-02 00:00:00,,Aluno-535,,8.125,0.0,Topázio,Fase 2 (5° e 6° ano)
RA-547,FASE 2,2G,,,11.0,Feminino,2019,Escola Pública,7.745,0.0,9.1,2.52,6.2,5.0,7.3,,,,8.95,5.0,,,PEDE2023,12.0,Fase 3 (7° e 8° ano),6.467,6/24/2011,,Aluno-547,,8.75,-1.0,Agata,Fase 3 (7° e 8° ano)
RA-548,FASE 2,2G,,,11.0,Masculino,2019,Escola Pública,7.292,9.0,9.1,2.52,7.4,6.2,8.5,,,,8.283333333,5.0,,,PEDE2023,12.0,Fase 3 (7° e 8° ano),7.4322,11/15/2010,,Aluno-548,,8.333333333,-1.0,Ametista,Fase 3 (7° e 8° ano)
RA-538,FASE 2,2G,,,12.0,Masculino,2022,Escola Pública,6.309,7.4,8.6,2.52,4.7,3.5,5.8,,,,7.39,5.0,,,PEDE2023,13.0,Fase 3 (7° e 8° ano),6.413466667,11/23/2009,,Aluno-538,,7.916666667,-1.0,Agata,Fase 3 (7° e 8° ano)
RA-365,FASE 2,2G,,,9.0,Feminino,2022,Escola Pública,8.063,10.0,9.9,2.52,8.7,8.2,9.2,,,,8.953333333,10.0,,,PEDE2023,10.0,Fase 2 (5° e 6° ano),8.6587,11/19/2012,,Aluno-365,,8.958333333,0.0,Topázio,Fase 2 (5° e 6° ano)
RA-559,FASE 2,2G,,,,Masculino,2021,Escola Pública,7.634,10.0,9.4,5.0,7.4,6.5,8.2,,,,8.506666667,5.0,,,PEDE2023,,Fase 3 (7° e 8° ano),7.947366667,2011-08-04 00:00:00,,Aluno-559,,8.958333333,-1.0,Ametista,Fase 3 (7° e 8° ano)
RA-1104,FASE 2,2G,,,12.0,Feminino,2023,Escola Pública,,5.7,10.0,2.52,6.4,5.5,7.3,,,,9.063333333,5.0,,,PEDE2023,13.0,Fase 3 (7° e 8° ano),7.265533333,10/23/2010,,Aluno-1104,,8.541666667,-1.0,Ametista,Fase 3 (7° e 8° ano)
RA-563,FASE 2,2G,,,10.0,Feminino,2020,Escola Pública,8.22,6.4,9.7,2.52,6.2,6.0,6.3,,,,8.726666667,10.0,,,PEDE2023,11.0,Fase 2 (5° e 6° ano),7.684133333,11/29/2011,,Aluno-563,,8.75,0.0,Ametista,Fase 2 (5° e 6° ano)
RA-573,FASE 2,2G,,,,Masculino,2020,Escola Pública,8.261,9.5,9.8,5.0,6.6,5.7,7.5,,,,8.45,5.0,,,PEDE2023,,Fase 3 (7° e 8° ano),7.774366667,2011-04-08 00:00:00,,Aluno-573,,8.541666667,-1.0,Ametista,Fase 3 (7° e 8° ano)
RA-551,FASE 2,2G,,,,Feminino,2018,Escola Pública,6.853,10.0,8.6,2.52,5.4,4.5,6.2,,,,8.393333333,5.0,,,PEDE2023,,Fase 3 (7° e 8° ano),7.075033333,2010-05-12 00:00:00,,Aluno-551,,8.541666667,-1.0,Ametista,Fase 3 (7° e 8° ano)
RA-566,FASE 2,2G,,,11.0,Feminino,2022,Escola Pública,7.729,9.0,8.8,2.52,8.4,8.8,8.0,,,,8.673333333,5.0,,,PEDE2023,12.0,Fase 3 (7° e 8° ano),7.7227,11/25/2010,,Aluno-566,,8.958333333,-1.0,Ametista,Fase 3 (7° e 8° ano)
RA-555,FASE 2,2G,,,,Masculino,2019,Escola Pública,5.949,7.4,8.1,2.52,3.9,1.5,6.2,,,,6.946666667,5.0,,,PEDE2023,,Fase 3 (7° e 8° ano),5.898133333,2010-11-05 00:00:00,,Aluno-555,,6.25,-1.0,Quartzo,Fase 3 (7° e 8° ano)
RA-373,FASE 2,2G,,,,Masculino,2022,Escola Pública,7.503,0.0,9.7,2.52,8.4,7.7,9.0,,,,7.84,5.0,,,PEDE2023,,Fase 3 (7° e 8° ano),6.805,2011-10-10 00:00:00,,Aluno-373,,8.75,-1.0,Agata,Fase 3 (7° e 8° ano)
RA-1105,FASE 2,2G,,,12.0,Feminino,2023,Escola Pública,,0.0,9.0,2.52,6.0,5.0,7.0,,,,8.673333333,5.0,,,PEDE2023,13.0,Fase 3 (7° e 8° ano),6.299166667,8/26/2010,,Aluno-1105,,8.125,-1.0,Agata,Fase 3 (7° e 8° ano)
RA-546,FASE 2,2H,,,,Feminino,2021,Escola Pública,6.77,0.0,7.2,2.52,5.7,3.5,7.8,,,,9.173333333,5.0,,,PEDE2023,,Fase 3 (7° e 8° ano),6.031666667,2011-04-06 00:00:00,,Aluno-546,,8.75,-1.0,Agata,Fase 3 (7° e 8° ano)
RA-557,FASE 2,2H,,,,Masculino,2019,Escola Pública,8.334,10.0,8.2,5.0,8.9,8.0,9.7,,,,9.62,10.0,,,PEDE2023,,Fase 2 (5° e 6° ano),8.7717,2012-12-01 00:00:00,,Aluno-557,,9.375,0.0,Topázio,Fase 2 (5° e 6° ano)
RA-1106,FASE 2,2H,,,11.0,Masculino,2023,Escola Pública,,8.5,9.3,5.0,5.1,5.2,5.0,,,,8.003333333,5.0,,,PEDE2023,12.0,Fase 3 (7° e 8° ano),7.1642,5/19/2011,,Aluno-1106,,8.333333333,-1.0,Ametista,Fase 3 (7° e 8° ano)
RA-558,FASE 2,2H,,,,Masculino,2022,Escola Pública,5.539,7.8,9.4,5.0,6.0,5.7,6.3,,,,6.78,2.5,,,PEDE2023,,Fase 5 (1° EM),6.615333333,2008-02-09 00:00:00,,Aluno-558,,6.458333333,-3.0,Agata,Fase 5 (1° EM)
RA-560,FASE 2,2H,,,,Masculino,2020,Escola Pública,4.949,0.0,8.4,2.52,4.0,2.3,5.7,,,,6.0,5.0,,,PEDE2023,,Fase 3 (7° e 8° ano),4.932,2011-06-06 00:00:00,,Aluno-560,,5.0,-1.0,Quartzo,Fase 3 (7° e 8° ano)
RA-1107,FASE 2,2H,,,11.0,Feminino,2023,Escola Pública,,9.0,9.4,5.0,7.5,8.0,7.0,,,,8.783333333,5.0,,,PEDE2023,12.0,Fase 3 (7° e 8° ano),7.9327,12/20/2010,,Aluno-1107,,8.958333333,-1.0,Ametista,Fase 3 (7° e 8° ano)
RA-1108,FASE 2,2H,,,11.0,Masculino,2023,Escola Pública,,0.0,9.3,5.0,4.7,3.7,5.7,,,,8.283333333,5.0,,,PEDE2023,12.0,Fase 3 (7° e 8° ano),6.310833333,12/16/2010,,Aluno-1108,,8.541666667,-1.0,Agata,Fase 3 (7° e 8° ano)
RA-542,FASE 2,2H,,,11.0,Feminino,2019,Escola Pública,7.221,9.5,9.7,5.0,6.3,5.2,7.3,,,,9.006666667,5.0,,,PEDE2023,12.0,Fase 3 (7° e 8° ano),7.816533333,9/20/2011,,Aluno-542,,8.75,-1.0,Ametista,Fase 3 (7° e 8° ano)
RA-543,FASE 2,2H,,,10.0,Feminino,2022,Escola Pública,7.05,7.8,9.8,2.52,6.5,5.5,7.5,,,,9.006666667,10.0,,,PEDE2023,11.0,Fase 2 (5° e 6° ano),7.971833333,8/31/2012,,Aluno-543,,8.75,0.0,Ametista,Fase 2 (5° e 6° ano)
RA-556,FASE 2,2H,,,,Feminino,2018,Escola Pública,7.181,8.5,9.6,2.52,7.2,6.5,7.8,,,,9.396666667,5.0,,,PEDE2023,,Fase 3 (7° e 8° ano),7.7482,2011-02-05 00:00:00,,Aluno-556,,9.166666667,-1.0,Ametista,Fase 3 (7° e 8° ano)
RA-1109,FASE 2,2H,,,13.0,Masculino,2023,Escola Pública,,10.0,6.4,5.0,3.4,3.5,3.3,,,,7.836666667,5.0,,,PEDE2023,14.0,Fase 4 (9° ano),6.277533333,3/18/2009,,Aluno-1109,,7.5,-2.0,Agata,Fase 4 (9° ano)
RA-389,FASE 2,2H,,,,Masculino,2019,Escola Pública,7.184,0.0,8.2,2.52,8.2,6.8,9.5,,,,8.95,5.0,,,PEDE2023,,Fase 3 (7° e 8° ano),6.687,2011-12-01 00:00:00,,Aluno-389,,8.75,-1.0,Agata,Fase 3 (7° e 8° ano)
RA-1110,FASE 2,2H,,,11.0,Feminino,2023,Escola Pública,,4.6,9.2,5.0,6.8,6.5,7.0,,,,8.73,5.0,,,PEDE2023,12.0,Fase 3 (7° e 8° ano),7.248566667,5/30/2011,,Aluno-1110,,8.541666667,-1.0,Ametista,Fase 3 (7° e 8° ano)
RA-568,FASE 2,2I,,,,Masculino,2018,Escola Pública,7.306,7.0,7.9,5.0,7.6,8.5,6.7,,,,8.01,2.5,,,PEDE2023,,Fase 5 (1° EM),6.9647,2008-08-05 00:00:00,,Aluno-568,,8.125,-3.0,Agata,Fase 5 (1° EM)
RA-562,FASE 2,2I,,,11.0,Feminino,2021,Escola Pública,7.855,0.0,8.5,2.52,8.7,7.7,9.7,,,,8.893333333,5.0,,,PEDE2023,12.0,Fase 3 (7° e 8° ano),6.824833333,7/27/2011,,Aluno-562,,8.541666667,-1.0,Agata,Fase 3 (7° e 8° ano)
RA-1111,FASE 2,2I,,,,Feminino,2023,Escola Pública,,0.0,8.9,2.52,5.4,4.8,6.0,,,,8.173333333,10.0,,,PEDE2023,,Fase 2 (5° e 6° ano),6.559166667,2012-09-07 00:00:00,,Aluno-1111,,8.125,0.0,Agata,Fase 2 (5° e 6° ano)
RA-1112,FASE 2,2I,,,11.0,Masculino,2023,Escola Pública,,9.5,7.9,2.52,6.3,5.2,7.3,,,,8.616666667,5.0,,,PEDE2023,12.0,Fase 3 (7° e 8° ano),7.088866667,6/28/2011,,Aluno-1112,,8.333333333,-1.0,Ametista,Fase 3 (7° e 8° ano)
RA-525,FASE 2,2I,,,,Feminino,2021,Escola Pública,8.013,8.0,8.6,2.52,9.2,8.8,9.5,,,,9.566666667,5.0,,,PEDE2023,,Fase 3 (7° e 8° ano),7.911366667,2011-09-05 00:00:00,,Aluno-525,,8.958333333,-1.0,Ametista,Fase 3 (7° e 8° ano)
RA-357,FASE 2,2I,,,12.0,Masculino,2022,Escola Pública,7.836,8.5,9.6,7.52,8.7,8.7,8.7,,,,8.23,5.0,,,PEDE2023,13.0,Fase 3 (7° e 8° ano),8.2832,5/30/2010,,Aluno-357,,8.75,-1.0,Topázio,Fase 3 (7° e 8° ano)
RA-583,FASE 2,2I,,,,Feminino,2019,Escola Pública,7.456,9.0,9.4,7.52,6.3,5.5,7.0,,,,8.616666667,5.0,,,PEDE2023,,Fase 3 (7° e 8° ano),7.838866667,2010-12-10 00:00:00,,Aluno-583,,8.333333333,-1.0,Ametista,Fase 3 (7° e 8° ano)
RA-584,FASE 2,2I,,,10.0,Feminino,2019,Escola Pública,6.714,9.5,9.0,2.52,5.8,5.0,6.5,,,,8.56,10.0,,,PEDE2023,11.0,Fase 2 (5° e 6° ano),7.697533333,3/13/2012,,Aluno-584,,8.333333333,0.0,Ametista,Fase 2 (5° e 6° ano)
RA-586,FASE 2,2K,,,9.0,Feminino,2021,Escola Privada,7.988,8.0,10.0,2.52,8.4,7.5,9.2,,,,9.343333333,10.0,,,PEDE2023,10.0,Fase 2 (5° e 6° ano),8.4242,11/18/2012,,Aluno-586,,8.333333333,0.0,Topázio,Fase 2 (5° e 6° ano)
RA-1113,FASE 2,2K,,,,Masculino,2023,Escola Pública,,0.0,6.0,7.52,5.0,5.0,5.0,,,,7.173333333,5.0,,,PEDE2023,,Fase 3 (7° e 8° ano),5.636666667,2011-10-06 00:00:00,,Aluno-1113,,7.5,-1.0,Quartzo,Fase 3 (7° e 8° ano)
RA-413,FASE 2,2K,,,12.0,Feminino,2022,Escola Pública,6.408,7.9,8.9,2.52,6.3,5.8,6.7,,,,7.503333333,5.0,,,PEDE2023,13.0,Fase 3 (7° e 8° ano),6.803633333,8/13/2010,,Aluno-413,,7.291666667,-1.0,Agata,Fase 3 (7° e 8° ano)
RA-599,FASE 2,2K,,,9.0,Masculino,2022,Escola Pública,8.2,10.0,9.5,2.52,8.5,8.2,8.7,,,,9.286666667,10.0,,,PEDE2023,10.0,Fase 2 (5° e 6° ano),8.532866667,10/31/2012,,Aluno-599,,8.333333333,0.0,Topázio,Fase 2 (5° e 6° ano)
RA-1114,FASE 2,2K,,,10.0,Feminino,2023,Escola Pública,,8.5,9.8,2.52,4.9,4.3,5.5,,,,8.56,10.0,,,PEDE2023,11.0,Fase 2 (5° e 6° ano),7.5667,11/14/2011,,Aluno-1114,,8.125,0.0,Ametista,Fase 2 (5° e 6° ano)
RA-401,FASE 2,2K,,,11.0,Feminino,2021,Escola Pública,6.645,4.0,8.1,2.52,7.3,6.3,8.3,,,,7.116666667,5.0,,,PEDE2023,12.0,Fase 3 (7° e 8° ano),6.363666667,10/28/2010,,Aluno-401,,7.083333333,-1.0,Agata,Fase 3 (7° e 8° ano)
RA-1115,FASE 2,2K,,,,Feminino,2023,Escola Pública,,0.0,8.3,7.52,4.0,6.0,2.0,,,,7.56,10.0,,,PEDE2023,,Fase 2 (5° e 6° ano),6.474,2012-10-10 00:00:00,,Aluno-1115,,7.5,0.0,Agata,Fase 2 (5° e 6° ano)
RA-1116,FASE 2,2K,,,12.0,Masculino,2023,Escola Pública,,9.5,9.2,5.0,4.9,3.8,6.0,,,,7.39,5.0,,,PEDE2023,13.0,Fase 3 (7° e 8° ano),6.956533333,10/27/2009,,Aluno-1116,,7.083333333,-1.0,Agata,Fase 3 (7° e 8° ano)
RA-604,FASE 2,2K,,,,Feminino,2021,Escola Pública,8.018,9.0,9.3,7.52,7.5,6.0,9.0,,,,8.616666667,10.0,,,PEDE2023,,Fase 2 (5° e 6° ano),8.548033333,2012-05-10 00:00:00,,Aluno-604,,8.125,0.0,Topázio,Fase 2 (5° e 6° ano)
RA-605,FASE 2,2K,,,11.0,Feminino,2021,Escola Pública,7.276,9.0,9.5,7.52,6.8,4.8,8.8,,,,7.84,5.0,,,PEDE2023,12.0,Fase 3 (7° e 8° ano),7.709366667,11/29/2010,,Aluno-605,,7.291666667,-1.0,Ametista,Fase 3 (7° e 8° ano)
RA-668,FASE 2,2K,,,11.0,Masculino,2022,Escola Pública,4.365,6.3,6.3,7.52,3.4,2.7,4.0,,,,7.616666667,5.0,,,PEDE2023,12.0,Fase 3 (7° e 8° ano),6.017933333,3/18/2011,,Aluno-668,,6.875,-1.0,Agata,Fase 3 (7° e 8° ano)
RA-1117,FASE 2,2K,,,,Feminino,2023,Escola Pública,,9.0,9.6,7.52,7.3,6.0,8.5,,,,7.946666667,10.0,,,PEDE2023,,Fase 2 (5° e 6° ano),8.382366667,2012-04-10 00:00:00,,Aluno-1117,,7.708333333,0.0,Topázio,Fase 2 (5° e 6° ano)
RA-1118,FASE 2,2K,,,,Feminino,2023,Escola Pública,,5.3,8.8,7.52,6.0,4.8,7.2,,,,8.28,5.0,,,PEDE2023,,Fase 3 (7° e 8° ano),7.163833333,2010-04-11 00:00:00,,Aluno-1118,,7.708333333,-1.0,Ametista,Fase 3 (7° e 8° ano)
RA-610,FASE 2,2K,,,,Feminino,2022,Escola Pública,8.18,10.0,10.0,2.52,7.0,6.3,7.7,,,,8.896666667,10.0,,,PEDE2023,,Fase 2 (5° e 6° ano),8.2857,2013-05-01 00:00:00,,Aluno-610,,8.541666667,0.0,Topázio,Fase 2 (5° e 6° ano)
RA-409,FASE 2,2K,,,,Feminino,2022,Escola Pública,8.15,8.4,9.5,2.52,8.0,6.2,9.7,,,,8.73,5.0,,,PEDE2023,,Fase 3 (7° e 8° ano),7.621466667,2011-04-07 00:00:00,,Aluno-409,,7.916666667,-1.0,Ametista,Fase 3 (7° e 8° ano)
RA-466,FASE 2,2L,,,13.0,Masculino,2022,Escola Pública,6.826,9.5,7.6,6.89,4.5,2.5,6.5,,,,7.056666667,5.0,,,PEDE2023,14.0,Fase 4 (9° ano),6.595533333,10/22/2009,,Aluno-466,,6.25,-2.0,Agata,Fase 4 (9° ano)
RA-760,FASE 2,2L,,,,Masculino,2021,Escola Pública,8.172,0.0,8.8,7.52,6.3,5.8,6.8,,,,7.84,5.0,,,PEDE2023,,Fase 3 (7° e 8° ano),6.548333333,2011-11-01 00:00:00,,Aluno-760,,7.083333333,-1.0,Agata,Fase 3 (7° e 8° ano)
RA-404,FASE 2,2L,,,,Feminino,2020,Escola Pública,6.658,7.9,8.3,5.02,6.0,4.7,7.2,,,,6.89,5.0,,,PEDE2023,,Fase 3 (7° e 8° ano),6.7093,2010-10-09 00:00:00,,Aluno-404,,6.875,-1.0,Agata,Fase 3 (7° e 8° ano)
RA-590,FASE 2,2L,,,10.0,Feminino,2020,Escola Privada,7.435,6.3,9.7,3.77,6.5,5.7,7.3,,,,8.34,10.0,,,PEDE2023,11.0,Fase 2 (5° e 6° ano),7.647666667,5/29/2012,,Aluno-590,,7.291666667,0.0,Ametista,Fase 2 (5° e 6° ano)
RA-469,FASE 2,2L,,,,Feminino,2022,Escola Pública,7.624,7.5,9.3,2.52,7.8,6.8,8.8,,,,8.843333333,5.0,,,PEDE2023,,Fase 3 (7° e 8° ano),7.482533333,2011-07-10 00:00:00,,Aluno-469,,7.916666667,-1.0,Ametista,Fase 3 (7° e 8° ano)
RA-1119,FASE 2,2L,,,12.0,Feminino,2023,Escola Pública,,7.3,9.7,3.77,5.9,3.0,8.8,,,,8.453333333,5.0,,,PEDE2023,13.0,Fase 3 (7° e 8° ano),7.192,4/29/2010,,Aluno-1119,,7.708333333,-1.0,Ametista,Fase 3 (7° e 8° ano)
RA-1120,FASE 2,2L,,,10.0,Feminino,2023,Escola Pública,,9.5,9.6,7.52,8.3,7.3,9.2,,,,9.676666667,10.0,,,PEDE2023,11.0,Fase 2 (5° e 6° ano),9.103366667,3/30/2012,,Aluno-1120,,8.958333333,0.0,Topázio,Fase 2 (5° e 6° ano)
RA-472,FASE 2,2L,,,,Feminino,2022,Escola Pública,5.93,5.1,7.1,7.52,5.5,3.7,7.2,,,,8.223333333,5.0,,,PEDE2023,,Fase 3 (7° e 8° ano),6.6858,2010-08-09 00:00:00,,Aluno-472,,7.708333333,-1.0,Agata,Fase 3 (7° e 8° ano)
RA-1121,FASE 2,2L,,,,Masculino,2023,Escola Pública,,0.0,9.9,6.26,8.0,6.5,9.5,,,,9.84,10.0,,,PEDE2023,,Fase 2 (5° e 6° ano),8.049,2012-08-01 00:00:00,,Aluno-1121,,8.75,0.0,Topázio,Fase 2 (5° e 6° ano)
RA-1122,FASE 2,2L,,,10.0,Masculino,2023,Escola Pública,,0.0,9.3,6.89,6.9,5.2,8.5,,,,8.616666667,10.0,,,PEDE2023,11.0,Fase 2 (5° e 6° ano),7.3715,9/30/2012,,Aluno-1122,,7.291666667,0.0,Ametista,Fase 2 (5° e 6° ano)
RA-438,FASE 2,2L,,,,Masculino,2022,Escola Pública,7.764,6.9,7.5,6.26,5.4,3.5,7.3,,,,7.223333333,10.0,,,PEDE2023,,Fase 2 (5° e 6° ano),6.9883,2012-11-03 00:00:00,,Aluno-438,,6.458333333,0.0,Agata,Fase 2 (5° e 6° ano)
RA-408,FASE 2,2L,,,12.0,Feminino,2022,Escola Pública,6.725,7.9,8.5,3.77,6.8,6.0,7.5,,,,8.45,5.0,,,PEDE2023,13.0,Fase 3 (7° e 8° ano),7.242133333,8/29/2010,,Aluno-408,,8.333333333,-1.0,Ametista,Fase 3 (7° e 8° ano)
RA-1123,FASE 2,2L,,,,Masculino,2023,Escola Pública,,7.3,8.9,7.52,5.3,3.8,6.8,,,,7.113333333,5.0,,,PEDE2023,,Fase 3 (7° e 8° ano),6.9565,2010-05-12 00:00:00,,Aluno-1123,,7.083333333,-1.0,Agata,Fase 3 (7° e 8° ano)
RA-1124,FASE 2,2M,,,13.0,Feminino,2023,Escola Pública,,9.5,8.0,7.52,3.0,1.0,5.0,,,,7.786666667,5.0,,,PEDE2023,14.0,Fase 4 (9° ano),6.667866667,10/20/2009,,Aluno-1124,,7.083333333,-2.0,Agata,Fase 4 (9° ano)
RA-623,FASE 2,2M,,,13.0,Masculino,2022,Escola Pública,7.524,10.0,9.5,7.52,7.3,5.8,8.8,,,,7.446666667,5.0,,,PEDE2023,14.0,Fase 4 (9° ano),7.8307,9/25/2009,,Aluno-623,,7.291666667,-2.0,Ametista,Fase 4 (9° ano)
RA-661,FASE 2,2M,,,,Masculino,2022,Escola Pública,7.593,0.0,7.7,6.89,6.5,4.3,8.7,,,,7.836666667,10.0,,,PEDE2023,,Fase 2 (5° e 6° ano),6.846333333,2011-02-11 00:00:00,,Aluno-661,,7.5,0.0,Agata,Fase 2 (5° e 6° ano)
RA-626,FASE 2,2M,,,11.0,Masculino,2021,Escola Pública,5.818,9.0,9.2,4.39,6.5,4.7,8.3,,,,7.613333333,5.0,,,PEDE2023,12.0,Fase 3 (7° e 8° ano),7.231033333,6/27/2011,,Aluno-626,,7.291666667,-1.0,Ametista,Fase 3 (7° e 8° ano)
RA-433,FASE 2,2M,,,,Masculino,2022,Escola Pública,5.557,8.5,7.2,7.52,4.8,1.8,7.7,,,,7.613333333,5.0,,,PEDE2023,,Fase 3 (7° e 8° ano),6.5982,2010-10-10 00:00:00,,Aluno-433,,5.833333333,-1.0,Agata,Fase 3 (7° e 8° ano)
RA-614,FASE 2,2M,,,12.0,Masculino,2021,Escola Pública,8.339,9.0,9.1,7.52,8.6,8.8,8.3,,,,8.563333333,5.0,,,PEDE2023,13.0,Fase 3 (7° e 8° ano),8.2282,6/13/2010,,Aluno-614,,8.333333333,-1.0,Topázio,Fase 3 (7° e 8° ano)
RA-434,FASE 2,2M,,,11.0,Masculino,2022,Escola Pública,7.403,6.3,8.0,7.52,6.6,5.2,8.0,,,,7.613333333,5.0,,,PEDE2023,12.0,Fase 3 (7° e 8° ano),7.069766667,1/19/2011,,Aluno-434,,7.5,-1.0,Ametista,Fase 3 (7° e 8° ano)
RA-603,FASE 2,2M,,,10.0,Masculino,2022,Escola Pública,7.78,0.0,8.9,2.52,7.0,5.7,8.2,,,,7.78,10.0,,,PEDE2023,11.0,Fase 2 (5° e 6° ano),6.748833333,11/25/2011,,Aluno-603,,7.708333333,0.0,Agata,Fase 2 (5° e 6° ano)
RA-436,FASE 2,2M,,,11.0,Masculino,2022,Escola Pública,6.687,7.5,4.7,2.52,3.4,3.7,3.0,,,,7.613333333,5.0,,,PEDE2023,12.0,Fase 3 (7° e 8° ano),5.322366667,1/15/2011,,Aluno-436,,6.875,-1.0,Quartzo,Fase 3 (7° e 8° ano)
RA-616,FASE 2,2M,,,,Masculino,2019,Escola Pública,7.303,0.0,6.6,5.02,6.8,5.5,8.0,,,,6.783333333,5.0,,,PEDE2023,,Fase 3 (7° e 8° ano),5.612,2010-09-08 00:00:00,,Aluno-616,,5.833333333,-1.0,Quartzo,Fase 3 (7° e 8° ano)
RA-437,FASE 2,2M,,,,Masculino,2022,Escola Pública,6.875,8.0,8.4,7.52,4.7,2.5,6.8,,,,7.78,5.0,,,PEDE2023,,Fase 4 (9° ano),6.947366667,2009-02-10 00:00:00,,Aluno-437,,7.291666667,-2.0,Agata,Fase 4 (9° ano)
RA-1125,FASE 2,2M,,,,Feminino,2023,Escola Pública,,4.7,7.9,7.52,4.0,1.0,7.0,,,,6.95,10.0,,,PEDE2023,,Fase 2 (5° e 6° ano),6.655366667,2012-03-03 00:00:00,,Aluno-1125,,6.666666667,0.0,Agata,Fase 2 (5° e 6° ano)
RA-619,FASE 2,2M,,,10.0,Feminino,2021,Escola Pública,7.693,9.0,7.1,3.77,9.0,8.5,9.5,,,,8.116666667,10.0,,,PEDE2023,11.0,Fase 2 (5° e 6° ano),7.891366667,12/22/2011,,Aluno-619,,7.708333333,0.0,Ametista,Fase 2 (5° e 6° ano)
RA-620,FASE 2,2M,,,12.0,Masculino,2021,Escola Pública,6.018,6.8,8.4,7.52,6.2,5.2,7.2,,,,7.503333333,5.0,,,PEDE2023,13.0,Fase 3 (7° e 8° ano),7.043666667,7/22/2010,,Aluno-620,,6.875,-1.0,Ametista,Fase 3 (7° e 8° ano)
RA-1126,FASE 2,2M,,,11.0,Feminino,2023,Escola Pública,,0.0,5.2,3.77,,,,,,,7.06,5.0,,,PEDE2023,12.0,Fase 3 (7° e 8° ano),,5/18/2011,,Aluno-1126,,7.291666667,-1.0,,Fase 3 (7° e 8° ano)
RA-1127,FASE 2,2N,,,,Feminino,2023,Escola Pública,,8.5,9.9,5.02,6.9,5.0,8.7,,,,9.01,10.0,,,PEDE2023,,Fase 2 (5° e 6° ano),8.3167,2012-07-03 00:00:00,,Aluno-1127,,8.125,0.0,Topázio,Fase 2 (5° e 6° ano)
RA-1128,FASE 2,2N,,,11.0,Masculino,2023,Escola Pública,,9.5,7.3,5.02,3.5,3.0,4.0,,,,7.503333333,5.0,,,PEDE2023,12.0,Fase 3 (7° e 8° ano),6.404533333,2/15/2011,,Aluno-1128,,7.916666667,-1.0,Agata,Fase 3 (7° e 8° ano)
RA-1129,FASE 2,2N,,,10.0,Masculino,2023,Escola Pública,,0.0,9.2,6.27,7.8,6.8,8.7,,,,7.503333333,10.0,,,PEDE2023,11.0,Fase 2 (5° e 6° ano),7.309333333,1/31/2012,,Aluno-1129,,7.916666667,0.0,Ametista,Fase 2 (5° e 6° ano)
RA-1130,FASE 2,2N,,,10.0,Masculino,2023,Escola Pública,,8.5,8.4,7.52,7.3,6.3,8.2,,,,7.503333333,10.0,,,PEDE2023,11.0,Fase 2 (5° e 6° ano),8.0037,3/21/2012,,Aluno-1130,,7.708333333,0.0,Topázio,Fase 2 (5° e 6° ano)
RA-1131,FASE 2,2N,,,11.0,Feminino,2023,Escola Pública,,7.9,9.9,5.02,9.1,8.3,9.8,,,,9.286666667,5.0,,,PEDE2023,12.0,Fase 3 (7° e 8° ano),8.316133333,4/19/2011,,Aluno-1131,,8.75,-1.0,Topázio,Fase 3 (7° e 8° ano)
RA-1132,FASE 2,2N,,,11.0,Masculino,2023,Escola Pública,,10.0,6.3,6.27,5.8,5.2,6.3,,,,7.503333333,5.0,,,PEDE2023,12.0,Fase 3 (7° e 8° ano),6.829533333,1/28/2011,,Aluno-1132,,7.916666667,-1.0,Agata,Fase 3 (7° e 8° ano)
RA-1133,FASE 2,2N,,,9.0,Feminino,2023,Escola Pública,,9.5,10.0,6.27,6.5,5.0,8.0,,,,9.343333333,10.0,,,PEDE2023,10.0,Fase 2 (5° e 6° ano),8.600033333,2/19/2013,,Aluno-1133,,8.541666667,0.0,Topázio,Fase 2 (5° e 6° ano)
RA-1134,FASE 2,2N,,,10.0,Masculino,2023,Escola Pública,,8.0,9.7,3.76,6.8,5.5,8.0,,,,7.56,10.0,,,PEDE2023,11.0,Fase 2 (5° e 6° ano),7.769866667,11/28/2011,,Aluno-1134,,7.916666667,0.0,Ametista,Fase 2 (5° e 6° ano)
RA-618,FASE 2,2N,,,,Masculino,2020,Escola Pública,7.18,0.0,9.2,5.02,6.2,4.5,7.8,,,,7.95,5.0,,,PEDE2023,,Fase 4 (9° ano),6.4745,2009-06-02 00:00:00,,Aluno-618,,8.125,-2.0,Agata,Fase 4 (9° ano)
RA-631,FASE 2,2N,,,12.0,Masculino,2022,Escola Pública,6.928,0.0,6.4,6.27,7.0,6.0,8.0,,,,6.78,5.0,,,PEDE2023,13.0,Fase 3 (7° e 8° ano),5.954666667,8/28/2010,,Aluno-631,,7.916666667,-1.0,Quartzo,Fase 3 (7° e 8° ano)
RA-646,FASE 2,2P,,,12.0,Masculino,2019,Escola Pública,8.181,10.0,8.9,7.52,8.4,8.2,8.5,,,,8.783333333,5.0,,,PEDE2023,13.0,Fase 3 (7° e 8° ano),8.3547,12/19/2009,,Aluno-646,,8.958333333,-1.0,Topázio,Fase 3 (7° e 8° ano)
RA-451,FASE 2,2P,,,13.0,Feminino,2019,Escola Pública,6.434,8.5,9.5,4.39,8.9,7.8,10.0,,,,9.896666667,5.0,,,PEDE2023,14.0,Fase 4 (9° ano),8.386033333,7/27/2009,,Aluno-451,,9.375,-2.0,Topázio,Fase 4 (9° ano)
RA-1135,FASE 2,2P,,,10.0,Masculino,2023,Escola Pública,,0.0,9.4,7.52,7.2,4.8,9.5,,,,7.896666667,10.0,,,PEDE2023,11.0,Fase 2 (5° e 6° ano),7.453833333,11/18/2011,,Aluno-1135,,8.125,0.0,Ametista,Fase 2 (5° e 6° ano)
RA-649,FASE 2,2P,,,,Feminino,2019,Escola Pública,7.302,9.0,9.3,3.77,6.5,3.8,9.2,,,,8.836666667,5.0,,,PEDE2023,,Fase 3 (7° e 8° ano),7.579533333,2010-08-07 00:00:00,,Aluno-649,,8.75,-1.0,Ametista,Fase 3 (7° e 8° ano)
RA-651,FASE 2,2P,,,,Feminino,2022,Escola Pública,7.866,0.0,8.2,3.77,9.3,9.8,8.7,,,,7.95,10.0,,,PEDE2023,,Fase 2 (5° e 6° ano),7.332,2012-08-10 00:00:00,,Aluno-651,,8.75,0.0,Ametista,Fase 2 (5° e 6° ano)
RA-1136,FASE 2,2P,,,12.0,Feminino,2023,Escola Pública,,6.8,8.1,2.52,6.6,4.8,8.3,,,,7.723333333,5.0,,,PEDE2023,13.0,Fase 3 (7° e 8° ano),6.7351,11/23/2009,,Aluno-1136,,8.333333333,-1.0,Agata,Fase 3 (7° e 8° ano)
RA-653,FASE 2,2P,,,11.0,Feminino,2022,Escola Pública,8.101,0.0,9.8,6.27,7.9,7.7,8.0,,,,9.06,5.0,,,PEDE2023,12.0,Fase 3 (7° e 8° ano),7.385666667,3/29/2011,,Aluno-653,,9.166666667,-1.0,Ametista,Fase 3 (7° e 8° ano)
RA-456,FASE 2,2P,,,11.0,Feminino,2022,Escola Pública,7.193,0.0,8.3,4.39,9.9,9.7,10.0,,,,9.953333333,5.0,,,PEDE2023,12.0,Fase 3 (7° e 8° ano),7.518,11/20/2010,,Aluno-456,,9.583333333,-1.0,Ametista,Fase 3 (7° e 8° ano)
RA-655,FASE 2,2P,,,12.0,Feminino,2019,Escola Pública,7.785,7.4,9.9,7.52,8.3,7.2,9.3,,,,8.896666667,5.0,,,PEDE2023,13.0,Fase 3 (7° e 8° ano),8.3198,9/23/2010,,Aluno-655,,9.166666667,-1.0,Topázio,Fase 3 (7° e 8° ano)
RA-656,FASE 2,2P,,,11.0,Feminino,2020,Escola Pública,6.652,0.0,8.9,7.52,7.3,5.8,8.8,,,,7.173333333,5.0,,,PEDE2023,12.0,Fase 3 (7° e 8° ano),6.780833333,6/22/2011,,Aluno-656,,8.541666667,-1.0,Agata,Fase 3 (7° e 8° ano)
RA-657,FASE 2,2P,,,,Feminino,2021,Escola Pública,8.093,8.5,10.0,7.52,8.2,7.0,9.3,,,,8.73,5.0,,,PEDE2023,,Fase 3 (7° e 8° ano),8.3532,2010-09-11 00:00:00,,Aluno-657,,8.75,-1.0,Topázio,Fase 3 (7° e 8° ano)
RA-644,FASE 2,2P,,,,Feminino,2021,Escola Pública,7.83,10.0,5.6,7.52,5.9,4.0,7.7,,,,7.503333333,5.0,,,PEDE2023,,Fase 3 (7° e 8° ano),6.897033333,2011-04-10 00:00:00,,Aluno-644,,8.541666667,-1.0,Agata,Fase 3 (7° e 8° ano)
RA-461,FASE 2,2P,,,11.0,Feminino,2018,Escola Pública,5.451,7.3,7.9,3.77,7.4,5.7,9.0,,,,8.616666667,5.0,,,PEDE2023,12.0,Fase 3 (7° e 8° ano),7.2379,12/30/2010,,Aluno-461,,8.541666667,-1.0,Ametista,Fase 3 (7° e 8° ano)
RA-632,FASE 2,2R,,,10.0,Feminino,2022,Escola Pública,6.996,4.7,9.1,5.64,7.4,6.8,8.0,,,,8.563333333,10.0,,,PEDE2023,11.0,Fase 2 (5° e 6° ano),7.8768,4/21/2012,,Aluno-632,,8.333333333,0.0,Ametista,Fase 2 (5° e 6° ano)
RA-633,FASE 2,2R,,,,Feminino,2020,Escola Pública,7.476,1.7,8.1,6.27,7.2,5.3,9.0,,,,7.286666667,5.0,,,PEDE2023,,Fase 3 (7° e 8° ano),6.6552,2011-03-06 00:00:00,,Aluno-633,,8.541666667,-1.0,Agata,Fase 3 (7° e 8° ano)
RA-1137,FASE 2,2R,,,9.0,Feminino,2023,Escola Pública,,9.5,9.8,6.27,6.5,6.0,7.0,,,,9.843333333,10.0,,,PEDE2023,10.0,Fase 2 (5° e 6° ano),8.743366667,2/27/2013,,Aluno-1137,,9.375,0.0,Topázio,Fase 2 (5° e 6° ano)
RA-1138,FASE 2,2R,,,11.0,Feminino,2023,Escola Pública,,9.0,9.2,6.27,9.3,9.0,9.5,,,,8.566666667,5.0,,,PEDE2023,12.0,Fase 3 (7° e 8° ano),8.3472,9/16/2011,,Aluno-1138,,9.166666667,-1.0,Topázio,Fase 3 (7° e 8° ano)
RA-1139,FASE 2,2R,,,10.0,Masculino,2023,Escola Pública,,8.5,9.1,5.64,5.3,6.3,4.3,,,,7.79,10.0,,,PEDE2023,11.0,Fase 2 (5° e 6° ano),7.6647,9/16/2012,,Aluno-1139,,8.125,0.0,Ametista,Fase 2 (5° e 6° ano)
RA-1140,FASE 2,2R,,,10.0,Feminino,2023,Escola Pública,,4.7,8.7,7.52,7.3,8.5,6.0,,,,7.62,10.0,,,PEDE2023,11.0,Fase 2 (5° e 6° ano),7.703533333,8/28/2012,,Aluno-1140,,7.708333333,0.0,Ametista,Fase 2 (5° e 6° ano)
RA-445,FASE 2,2R,,,12.0,Masculino,2022,Escola Pública,6.924,8.0,8.8,6.89,8.4,7.7,9.0,,,,8.176666667,5.0,,,PEDE2023,13.0,Fase 3 (7° e 8° ano),7.9087,7/30/2010,,Aluno-445,,8.541666667,-1.0,Ametista,Fase 3 (7° e 8° ano)
RA-1141,FASE 2,2R,,,11.0,Feminino,2023,Escola Pública,,9.0,8.8,7.52,5.9,5.5,6.2,,,,7.113333333,5.0,,,PEDE2023,12.0,Fase 3 (7° e 8° ano),7.2757,6/27/2011,,Aluno-1141,,7.708333333,-1.0,Ametista,Fase 3 (7° e 8° ano)
RA-639,FASE 2,2R,,,10.0,Feminino,2021,Escola Pública,6.613,7.4,8.1,6.27,6.3,4.8,7.8,,,,7.62,10.0,,,PEDE2023,11.0,Fase 2 (5° e 6° ano),7.5853,2/24/2012,,Aluno-639,,8.125,0.0,Ametista,Fase 2 (5° e 6° ano)
RA-1142,FASE 2,2R,,,10.0,Feminino,2023,Escola Pública,,9.0,10.0,7.52,10.0,10.0,10.0,,,,8.343333333,10.0,,,PEDE2023,11.0,Fase 2 (5° e 6° ano),9.175033333,5/28/2012,,Aluno-1142,,8.541666667,0.0,Topázio,Fase 2 (5° e 6° ano)
RA-642,FASE 2,2R,,,,Feminino,2021,Escola Pública,7.75,9.5,9.2,6.27,6.5,5.7,7.2,,,,9.173333333,10.0,,,PEDE2023,,Fase 2 (5° e 6° ano),8.416866667,2012-02-01 00:00:00,,Aluno-642,,8.75,0.0,Topázio,Fase 2 (5° e 6° ano)
RA-658,FASE 2,2U,,,9.0,Feminino,2022,Escola Pública,7.407,9.5,9.5,7.52,6.1,5.3,6.8,,,,9.173333333,10.0,,,PEDE2023,10.0,Fase 2 (5° e 6° ano),8.438533333,10/27/2012,,Aluno-658,,7.916666667,0.0,Topázio,Fase 2 (5° e 6° ano)
RA-588,FASE 2,2U,,,9.0,Feminino,2021,Escola Privada,8.622,8.0,9.6,2.52,7.8,7.5,8.0,,,,9.673333333,10.0,,,PEDE2023,10.0,Fase 2 (5° e 6° ano),8.3527,5/16/2013,,Aluno-588,,8.958333333,0.0,Topázio,Fase 2 (5° e 6° ano)
RA-662,FASE 2,2U,,,11.0,Feminino,2022,Escola Pública,7.044,6.8,7.6,6.27,6.7,4.3,9.0,,,,6.72,5.0,,,PEDE2023,12.0,Fase 3 (7° e 8° ano),6.733566667,9/30/2011,,Aluno-662,,7.291666667,-1.0,Agata,Fase 3 (7° e 8° ano)
RA-403,FASE 2,2U,,,,Masculino,2020,Escola Pública,7.455,8.5,8.8,6.27,7.8,6.8,8.8,,,,8.45,5.0,,,PEDE2023,,Fase 3 (7° e 8° ano),7.716366667,2010-02-07 00:00:00,,Aluno-403,,7.291666667,-1.0,Ametista,Fase 3 (7° e 8° ano)
RA-591,FASE 2,2U,,,,Masculino,2021,Escola Pública,7.507,9.0,8.5,6.27,6.9,6.2,7.5,,,,7.333333333,5.0,,,PEDE2023,,Fase 3 (7° e 8° ano),7.1472,2011-03-09 00:00:00,,Aluno-591,,5.833333333,-1.0,Ametista,Fase 3 (7° e 8° ano)
RA-592,FASE 2,2U,,,10.0,Feminino,2020,Escola Privada,7.381,6.2,9.2,3.77,7.6,5.5,9.7,,,,8.95,10.0,,,PEDE2023,11.0,Fase 2 (5° e 6° ano),7.935466667,9/21/2012,,Aluno-592,,7.916666667,0.0,Ametista,Fase 2 (5° e 6° ano)
RA-602,FASE 2,2U,,,11.0,Masculino,2019,Escola Pública,8.041,10.0,9.6,7.52,8.1,7.3,8.8,,,,9.51,5.0,,,PEDE2023,12.0,Fase 3 (7° e 8° ano),8.5592,2/25/2011,,Aluno-602,,8.75,-1.0,Topázio,Fase 3 (7° e 8° ano)
RA-666,FASE 2,2U,,,,Masculino,2022,Escola Pública,7.929,9.5,9.1,7.52,7.1,6.7,7.5,,,,9.62,10.0,,,PEDE2023,,Fase 2 (5° e 6° ano),8.720366667,2012-09-05 00:00:00,,Aluno-666,,8.541666667,0.0,Topázio,Fase 2 (5° e 6° ano)
RA-667,FASE 2,2U,,,11.0,Masculino,2021,Escola Pública,5.844,9.0,6.9,6.89,5.2,3.0,7.3,,,,7.836666667,5.0,,,PEDE2023,12.0,Fase 3 (7° e 8° ano),6.774866667,4/22/2011,,Aluno-667,,7.083333333,-1.0,Agata,Fase 3 (7° e 8° ano)
RA-422,FASE 2,2U,,,,Masculino,2022,Escola Pública,6.746,0.0,7.8,7.52,4.4,3.0,5.7,,,,6.106666667,5.0,,,PEDE2023,,Fase 3 (7° e 8° ano),5.57,2010-10-01 00:00:00,,Aluno-422,,6.666666667,-1.0,Quartzo,Fase 3 (7° e 8° ano)
RA-595,FASE 2,2U,,,,Masculino,2018,Escola Pública,5.18,0.0,7.0,7.52,3.3,3.2,3.3,,,,5.55,5.0,,,PEDE2023,,Fase 3 (7° e 8° ano),5.078666667,2010-04-04 00:00:00,,Aluno-595,,6.666666667,-1.0,Quartzo,Fase 3 (7° e 8° ano)
RA-423,FASE 2,2U,,,12.0,Feminino,2022,Escola Pública,6.647,8.0,8.7,6.89,3.4,2.3,4.5,,,,7.45,5.0,,,PEDE2023,13.0,Fase 3 (7° e 8° ano),6.607533333,9/22/2010,,Aluno-423,,7.083333333,-1.0,Agata,Fase 3 (7° e 8° ano)
RA-669,FASE 2,2U,,,10.0,Masculino,2022,Escola Pública,7.475,8.5,7.8,7.52,5.0,3.3,6.7,,,,7.06,10.0,,,PEDE2023,11.0,Fase 2 (5° e 6° ano),7.345033333,11/20/2011,,Aluno-669,,7.708333333,0.0,Ametista,Fase 2 (5° e 6° ano)
RA-670,FASE 2,2U,,,,Feminino,2022,Escola Pública,7.451,9.5,8.7,7.52,7.0,5.8,8.2,,,,9.343333333,10.0,,,PEDE2023,,Fase 2 (5° e 6° ano),8.6067,2012-05-09 00:00:00,,Aluno-670,,8.958333333,0.0,Topázio,Fase 2 (5° e 6° ano)
RA-609,FASE 2,2U,,,,Masculino,2019,Escola Pública,6.794,9.5,6.4,7.52,5.3,3.2,7.3,,,,6.216666667,5.0,,,PEDE2023,,Fase 3 (7° e 8° ano),6.463033333,2011-03-01 00:00:00,,Aluno-609,,6.875,-1.0,Agata,Fase 3 (7° e 8° ano)
RA-326,FASE 3,3A,,,12.0,Feminino,2022,Escola Privada,8.22,9.6,9.4,3.14,8.2,8.3,7.5,8.8,,,9.76,10.0,,,PEDE2023,13.0,Fase 3 (7° e 8° ano),8.65075,7/21/2010,,Aluno-326,,9.0625,0.0,Topázio,Fase 3 (7° e 8° ano)
RA-179,FASE 3,3A,,,11.0,Masculino,2022,Escola Pública,7.993,8.8,9.4,7.52,6.4,8.7,6.3,4.3,,,8.9225,10.0,,,PEDE2023,12.0,Fase 3 (7° e 8° ano),8.437641667,11/24/2010,,Aluno-179,,8.59375,0.0,Topázio,Fase 3 (7° e 8° ano)
RA-1143,FASE 3,3A,,,14.0,Feminino,2023,Escola Pública,,8.8,7.0,6.26,5.3,6.0,6.3,3.5,,,6.2075,5.0,,,PEDE2023,15.0,Fase 5 (1° EM),6.445933333,4/30/2008,,Aluno-1143,,7.5,-2.0,Agata,Fase 5 (1° EM)
RA-330,FASE 3,3A,,,,Feminino,2018,Escola Pública,6.446,9.6,7.2,6.89,3.3,3.8,3.8,2.3,,,5.8275,5.0,,,PEDE2023,,Fase 5 (1° EM),6.084875,2008-05-03 00:00:00,,Aluno-330,,6.71875,-2.0,Agata,Fase 5 (1° EM)
RA-332,FASE 3,3A,,,,Masculino,2017,Escola Privada,7.883,9.2,8.4,8.76,6.8,6.3,7.7,6.5,,,9.175,5.0,,,PEDE2023,,Fase 4 (9° ano),8.002591667,2009-06-05 00:00:00,,Aluno-332,,8.28125,-1.0,Topázio,Fase 4 (9° ano)
RA-199,FASE 3,3A,,,,Masculino,2022,Escola Privada,7.564,9.2,7.6,7.51,8.5,8.2,8.2,9.2,,,8.505,5.0,,,PEDE2023,,Fase 4 (9° ano),7.892341667,2009-11-01 00:00:00,,Aluno-199,,7.96875,-1.0,Ametista,Fase 4 (9° ano)
RA-1144,FASE 3,3B,,,12.0,Feminino,2023,Escola Pública,,0.0,9.4,5.02,8.0,7.0,8.2,8.8,,,8.0025,10.0,,,PEDE2023,13.0,Fase 3 (7° e 8° ano),7.410625,10/25/2010,,Aluno-1144,,8.28125,0.0,Ametista,Fase 3 (7° e 8° ano)
RA-352,FASE 3,3B,,,11.0,Masculino,2019,Escola Pública,7.834,9.2,8.1,6.26,7.2,8.2,6.0,7.5,,,7.17,10.0,,,PEDE2023,12.0,Fase 3 (7° e 8° ano),7.840341667,3/26/2011,,Aluno-352,,7.96875,0.0,Ametista,Fase 3 (7° e 8° ano)
RA-1145,FASE 3,3B,,,10.0,Feminino,2023,Escola Pública,,0.0,9.5,4.39,7.8,7.7,7.7,8.0,,,8.63,10.0,,,PEDE2023,11.0,Fase 2 (5° e 6° ano),7.484375,1/31/2012,,Aluno-1145,,8.59375,1.0,Ametista,Fase 2 (5° e 6° ano)
RA-1146,FASE 3,3B,,,13.0,Feminino,2023,Escola Pública,,9.6,8.8,6.26,3.7,5.0,3.3,2.7,,,6.965,5.0,,,PEDE2023,14.0,Fase 4 (9° ano),6.689583333,11/20/2008,,Aluno-1146,,7.1875,-1.0,Agata,Fase 4 (9° ano)
RA-331,FASE 3,3B,,,12.0,Feminino,2019,Escola Pública,6.636,9.6,8.6,2.52,5.2,5.7,4.8,5.2,,,6.7975,10.0,,,PEDE2023,13.0,Fase 3 (7° e 8° ano),7.039791667,4/22/2010,,Aluno-331,,7.03125,0.0,Ametista,Fase 3 (7° e 8° ano)
RA-227,FASE 3,3B,,,,Masculino,2022,Escola Pública,6.471,9.6,7.5,5.63,6.9,7.2,6.5,7.0,,,7.4625,10.0,,,PEDE2023,,Fase 3 (7° e 8° ano),7.722125,2010-10-12 00:00:00,,Aluno-227,,8.28125,0.0,Ametista,Fase 3 (7° e 8° ano)
RA-247,FASE 3,3B,,,12.0,Feminino,2021,Escola Pública,7.72,0.0,8.5,7.52,7.2,6.5,6.7,8.3,,,7.5425,10.0,,,PEDE2023,13.0,Fase 3 (7° e 8° ano),7.221958333,11/25/2009,,Aluno-247,,8.28125,0.0,Ametista,Fase 3 (7° e 8° ano)
RA-343,FASE 3,3B,,,,Masculino,2020,Escola Pública,6.9,9.2,7.2,6.26,5.7,4.5,6.7,6.0,,,6.9225,5.0,,,PEDE2023,,Fase 5 (1° EM),6.779591667,2008-03-07 00:00:00,,Aluno-343,,7.65625,-2.0,Agata,Fase 5 (1° EM)
RA-1147,FASE 3,3B,,,,Feminino,2023,Escola Pública,,8.3,8.3,6.26,6.7,5.0,7.5,7.5,,,7.0075,5.0,,,PEDE2023,,Fase 4 (9° ano),7.072983333,2009-04-07 00:00:00,,Aluno-1147,,7.1875,-1.0,Ametista,Fase 4 (9° ano)
RA-345,FASE 3,3B,,,,Masculino,2021,Escola Pública,5.75,8.8,6.8,6.26,4.6,5.7,5.7,2.5,,,7.1725,5.0,,,PEDE2023,,Fase 4 (9° ano),6.534766667,2009-03-04 00:00:00,,Aluno-345,,8.125,-1.0,Agata,Fase 4 (9° ano)
RA-336,FASE 3,3B,,,13.0,Masculino,2016,Escola Pública,6.787,0.0,7.5,6.89,5.1,6.7,5.2,3.3,,,7.255,5.0,,,PEDE2023,14.0,Fase 4 (9° ano),5.887708333,8/28/2009,,Aluno-336,,7.34375,-1.0,Quartzo,Fase 4 (9° ano)
RA-346,FASE 3,3B,,,,Masculino,2022,Escola Pública,8.143,0.0,9.4,8.14,6.2,6.7,5.5,6.5,,,7.84,10.0,,,PEDE2023,,Fase 2 (5° e 6° ano),7.305541667,2012-12-03 00:00:00,,Aluno-346,,7.96875,1.0,Ametista,Fase 2 (5° e 6° ano)
RA-1148,FASE 3,3B,,,10.0,Feminino,2023,Escola Pública,,7.9,8.6,3.77,5.7,5.7,5.3,6.2,,,7.2125,10.0,,,PEDE2023,11.0,Fase 2 (5° e 6° ano),7.227866667,11/26/2011,,Aluno-1148,,7.5,1.0,Ametista,Fase 2 (5° e 6° ano)
RA-1149,FASE 3,3C,,,,Feminino,2023,Escola Pública,,8.3,9.8,2.52,7.2,6.0,6.8,8.7,,,8.1725,5.0,,,PEDE2023,,Fase 4 (9° ano),7.410108333,2009-09-06 00:00:00,,Aluno-1149,,7.96875,-1.0,Ametista,Fase 4 (9° ano)
RA-1150,FASE 3,3C,,,15.0,Masculino,2023,Escola Pública,,9.2,9.8,2.52,6.7,7.0,6.5,6.5,,,7.835,2.5,,,PEDE2023,16.0,Fase 6 (2° EM),7.076008333,10/15/2007,,Aluno-1150,,7.96875,-3.0,Ametista,Fase 6 (2° EM)
RA-1151,FASE 3,3C,,,,Feminino,2023,Escola Pública,,7.5,9.5,2.52,8.3,7.3,8.8,8.7,,,7.545,10.0,,,PEDE2023,,Fase 3 (7° e 8° ano),7.829958333,2011-04-03 00:00:00,,Aluno-1151,,7.65625,0.0,Ametista,Fase 3 (7° e 8° ano)
RA-356,FASE 3,3C,,,,Masculino,2019,Escola Pública,6.69,9.2,8.5,2.52,3.4,4.3,4.5,1.3,,,6.5025,10.0,,,PEDE2023,,Fase 3 (7° e 8° ano),6.452008333,2010-08-07 00:00:00,,Aluno-356,,6.09375,0.0,Agata,Fase 3 (7° e 8° ano)
RA-1152,FASE 3,3C,,,,Masculino,2023,Escola Pública,,0.0,9.4,5.0,6.8,6.7,6.0,7.8,,,7.585,5.0,,,PEDE2023,,Fase 4 (9° ano),6.544916667,2009-03-08 00:00:00,,Aluno-1152,,7.8125,-1.0,Agata,Fase 4 (9° ano)
RA-221,FASE 3,3C,,,14.0,Masculino,2022,Escola Pública,6.892,9.6,9.0,5.0,5.0,5.5,4.8,4.8,,,7.38,5.0,,,PEDE2023,15.0,Fase 5 (1° EM),6.959916667,6/15/2008,,Aluno-221,,7.1875,-2.0,Agata,Fase 5 (1° EM)
RA-359,FASE 3,3C,,,12.0,Feminino,2019,Escola Pública,6.606,9.6,9.2,2.52,5.8,6.0,6.7,4.7,,,8.255,10.0,,,PEDE2023,13.0,Fase 3 (7° e 8° ano),7.627125,8/21/2010,,Aluno-359,,7.65625,0.0,Ametista,Fase 3 (7° e 8° ano)
RA-360,FASE 3,3C,,,12.0,Feminino,2019,Escola Pública,7.075,0.0,7.3,2.52,4.3,5.3,4.8,2.8,,,7.4225,10.0,,,PEDE2023,13.0,Fase 3 (7° e 8° ano),5.790875,4/17/2010,,Aluno-360,,7.34375,0.0,Quartzo,Fase 3 (7° e 8° ano)
RA-338,FASE 3,3D,,,,Masculino,2019,Escola Pública,6.837,8.3,9.1,7.52,6.7,8.7,7.0,4.5,,,8.38,10.0,,,PEDE2023,,Fase 3 (7° e 8° ano),8.287441667,2010-04-08 00:00:00,,Aluno-338,,8.59375,0.0,Topázio,Fase 3 (7° e 8° ano)
RA-339,FASE 3,3D,,,,Feminino,2019,Escola Pública,8.488,0.0,8.9,7.52,7.1,7.7,5.7,7.8,,,8.255,10.0,,,PEDE2023,,Fase 3 (7° e 8° ano),7.377583333,2011-01-06 00:00:00,,Aluno-339,,7.8125,0.0,Ametista,Fase 3 (7° e 8° ano)
RA-353,FASE 3,3D,,,11.0,Feminino,2022,Escola Pública,8.264,8.8,9.9,2.52,8.4,8.5,7.3,9.5,,,8.67,10.0,,,PEDE2023,12.0,Fase 3 (7° e 8° ano),8.309016667,9/27/2011,,Aluno-353,,7.8125,0.0,Topázio,Fase 3 (7° e 8° ano)
RA-1153,FASE 3,3D,,,13.0,Feminino,2023,Escola Pública,,7.9,10.0,7.52,7.2,6.7,7.8,7.0,,,8.63,5.0,,,PEDE2023,14.0,Fase 4 (9° ano),7.968658333,6/24/2009,,Aluno-1153,,7.65625,-1.0,Ametista,Fase 4 (9° ano)
RA-183,FASE 3,3D,,,13.0,Feminino,2022,Escola Pública,7.3,7.9,9.7,2.52,7.7,7.0,8.0,8.2,,,8.795,5.0,,,PEDE2023,14.0,Fase 4 (9° ano),7.586241667,8/15/2009,,Aluno-183,,7.96875,-1.0,Ametista,Fase 4 (9° ano)
RA-342,FASE 3,3D,,,14.0,Feminino,2021,Escola Pública,6.941,7.5,8.6,7.52,6.6,6.3,7.8,5.7,,,8.505,5.0,,,PEDE2023,15.0,Fase 5 (1° EM),7.539875,7/21/2008,,Aluno-342,,7.96875,-2.0,Ametista,Fase 5 (1° EM)
RA-187,FASE 3,3D,,,12.0,Feminino,2019,Escola Privada,7.928,7.5,9.9,2.52,6.9,7.3,8.7,4.7,,,8.255,10.0,,,PEDE2023,13.0,Fase 3 (7° e 8° ano),7.809875,6/28/2010,,Aluno-187,,7.96875,0.0,Ametista,Fase 3 (7° e 8° ano)
RA-190,FASE 3,3D,,,13.0,Feminino,2022,Escola Pública,7.335,7.9,9.5,2.52,5.7,5.8,5.2,6.0,,,7.9575,5.0,,,PEDE2023,14.0,Fase 4 (9° ano),6.934158333,3/22/2009,,Aluno-190,,7.65625,-1.0,Agata,Fase 4 (9° ano)
RA-347,FASE 3,3D,,,12.0,Feminino,2019,Escola Pública,7.908,6.7,9.5,2.52,7.3,6.7,6.2,9.0,,,7.7925,10.0,,,PEDE2023,13.0,Fase 3 (7° e 8° ano),7.61835,7/13/2010,,Aluno-347,,7.8125,0.0,Ametista,Fase 3 (7° e 8° ano)
RA-234,FASE 3,3D,,,12.0,Masculino,2022,Escola Pública,6.719,6.7,8.0,2.52,5.6,6.3,5.3,5.3,,,5.595,10.0,,,PEDE2023,13.0,Fase 3 (7° e 8° ano),6.248741667,12/23/2009,,Aluno-234,,4.84375,0.0,Agata,Fase 3 (7° e 8° ano)
RA-1154,FASE 3,3F,,,12.0,Masculino,2023,Escola Pública,,9.6,9.3,5.63,5.1,5.3,5.0,5.0,,,7.67,10.0,,,PEDE2023,13.0,Fase 3 (7° e 8° ano),7.701125,5/23/2010,,Aluno-1154,,7.65625,0.0,Ametista,Fase 3 (7° e 8° ano)
RA-249,FASE 3,3F,,,,Masculino,2017,Escola Pública,5.097,0.0,8.2,5.0,4.9,6.2,5.3,3.2,,,6.545,5.0,,,PEDE2023,,Fase 5 (1° EM),5.444625,2008-08-05 00:00:00,,Aluno-249,,5.15625,-2.0,Quartzo,Fase 5 (1° EM)
RA-380,FASE 3,3F,,,13.0,Masculino,2017,Escola Pública,4.556,0.0,6.4,2.52,4.5,7.0,4.0,2.5,,,6.5425,5.0,,,PEDE2023,14.0,Fase 4 (9° ano),4.912375,4/24/2009,,Aluno-380,,6.71875,-1.0,Quartzo,Fase 4 (9° ano)
RA-250,FASE 3,3F,,,12.0,Feminino,2022,Escola Pública,7.958,0.0,9.3,5.63,8.3,7.7,8.8,8.3,,,8.625,10.0,,,PEDE2023,13.0,Fase 3 (7° e 8° ano),7.598208333,5/30/2010,,Aluno-250,,7.96875,0.0,Ametista,Fase 3 (7° e 8° ano)
RA-367,FASE 3,3F,,,11.0,Feminino,2018,Escola Pública,6.95,8.8,8.7,2.52,5.9,7.0,5.5,5.2,,,7.7925,10.0,,,PEDE2023,12.0,Fase 3 (7° e 8° ano),7.38685,12/27/2010,,Aluno-367,,7.8125,0.0,Ametista,Fase 3 (7° e 8° ano)
RA-1155,FASE 3,3F,,,13.0,Feminino,2023,Escola Pública,,9.2,9.2,5.63,8.0,6.7,8.2,9.0,,,8.2925,5.0,,,PEDE2023,14.0,Fase 4 (9° ano),7.821633333,2/18/2009,,Aluno-1155,,7.5,-1.0,Ametista,Fase 4 (9° ano)
RA-1156,FASE 3,3F,,,11.0,Feminino,2023,Escola Pública,,8.3,9.2,2.52,5.3,6.2,6.0,3.7,,,7.7925,10.0,,,PEDE2023,12.0,Fase 3 (7° e 8° ano),7.340775,5/19/2011,,Aluno-1156,,7.96875,0.0,Ametista,Fase 3 (7° e 8° ano)
RA-368,FASE 3,3F,,,,Masculino,2018,Escola Pública,6.969,0.0,7.7,2.52,6.7,5.0,7.2,7.8,,,7.34,5.0,,,PEDE2023,,Fase 4 (9° ano),5.796458333,2009-12-10 00:00:00,,Aluno-368,,7.03125,-1.0,Quartzo,Fase 4 (9° ano)
RA-387,FASE 3,3F,,,13.0,Masculino,2019,Escola Pública,6.323,0.0,6.8,2.52,3.0,4.3,2.8,1.8,,,7.0075,5.0,,,PEDE2023,14.0,Fase 4 (9° ano),4.794333333,7/20/2009,,Aluno-387,,6.875,-1.0,Quartzo,Fase 4 (9° ano)
RA-388,FASE 3,3F,,,14.0,Feminino,2019,Escola Pública,6.654,0.0,7.4,5.63,4.2,6.0,4.3,2.2,,,7.835,5.0,,,PEDE2023,15.0,Fase 5 (1° EM),5.630833333,7/14/2008,,Aluno-388,,6.875,-2.0,Quartzo,Fase 5 (1° EM)
RA-374,FASE 3,3F,,,12.0,Feminino,2021,Escola Privada,7.747,8.8,8.3,5.63,5.4,6.3,6.3,3.7,,,7.9175,10.0,,,PEDE2023,13.0,Fase 3 (7° e 8° ano),7.533891667,9/30/2010,,Aluno-374,,7.65625,0.0,Ametista,Fase 3 (7° e 8° ano)
RA-377,FASE 3,3F,,,12.0,Feminino,2021,Escola Pública,6.743,9.6,7.6,5.0,4.8,6.0,5.7,2.8,,,7.6275,10.0,,,PEDE2023,13.0,Fase 3 (7° e 8° ano),7.205041667,2/25/2010,,Aluno-377,,7.34375,0.0,Ametista,Fase 3 (7° e 8° ano)
RA-223,FASE 3,3G,,,13.0,Feminino,2022,Escola Pública,4.966,0.0,4.5,7.52,3.8,5.5,4.0,1.8,,,7.1725,5.0,,,PEDE2023,14.0,Fase 4 (9° ano),5.089833333,9/15/2009,,Aluno-223,,7.5,-1.0,Quartzo,Fase 4 (9° ano)
RA-236,FASE 3,3G,,,12.0,Feminino,2022,Escola Pública,7.11,10.0,7.5,7.52,4.5,6.3,4.0,3.3,,,7.2975,10.0,,,PEDE2023,13.0,Fase 3 (7° e 8° ano),7.337116667,6/21/2010,,Aluno-236,,7.1875,0.0,Ametista,Fase 3 (7° e 8° ano)
RA-362,FASE 3,3G,,,12.0,Feminino,2018,Escola Pública,7.413,0.0,7.5,7.52,5.1,5.7,6.8,2.8,,,7.0875,10.0,,,PEDE2023,13.0,Fase 3 (7° e 8° ano),6.392625,3/25/2010,,Aluno-362,,7.03125,0.0,Agata,Fase 3 (7° e 8° ano)
RA-381,FASE 3,3G,,,,Masculino,2018,Escola Pública,6.454,0.0,8.4,6.89,3.9,5.3,5.3,1.2,,,6.84,5.0,,,PEDE2023,,Fase 4 (9° ano),5.758041667,2009-02-03 00:00:00,,Aluno-381,,7.34375,-1.0,Quartzo,Fase 4 (9° ano)
RA-364,FASE 3,3G,,,,Masculino,2019,Escola Pública,8.75,8.8,9.0,6.89,5.8,8.0,5.2,4.3,,,7.505,10.0,,,PEDE2023,,Fase 3 (7° e 8° ano),7.734891667,2011-02-10 00:00:00,,Aluno-364,,7.03125,0.0,Ametista,Fase 3 (7° e 8° ano)
RA-382,FASE 3,3G,,,14.0,Masculino,2017,Escola Pública,6.777,0.0,9.4,6.26,5.2,5.0,5.8,4.7,,,7.1725,5.0,,,PEDE2023,15.0,Fase 5 (1° EM),6.223833333,8/19/2008,,Aluno-382,,7.5,-2.0,Agata,Fase 5 (1° EM)
RA-383,FASE 3,3G,,,11.0,Masculino,2019,Escola Pública,8.4,9.2,8.8,3.14,6.5,6.3,6.2,7.0,,,7.5,10.0,,,PEDE2023,12.0,Fase 3 (7° e 8° ano),7.5408,1/20/2011,,Aluno-383,,7.5,0.0,Ametista,Fase 3 (7° e 8° ano)
RA-384,FASE 3,3G,,,,Feminino,2017,Escola Pública,7.558,0.0,9.1,2.52,7.3,6.3,7.2,8.3,,,7.335,10.0,,,PEDE2023,,Fase 3 (7° e 8° ano),6.757958333,2010-09-02 00:00:00,,Aluno-384,,7.65625,0.0,Agata,Fase 3 (7° e 8° ano)
RA-1157,FASE 3,3G,,,13.0,Masculino,2023,Escola Pública,,9.2,8.8,6.26,5.7,5.0,6.3,5.7,,,7.0025,5.0,,,PEDE2023,14.0,Fase 4 (9° ano),7.086633333,8/24/2009,,Aluno-1157,,7.5,-1.0,Ametista,Fase 4 (9° ano)
RA-386,FASE 3,3G,,,,Masculino,2019,Escola Pública,6.104,9.2,7.0,2.52,3.3,5.0,3.7,1.2,,,6.6325,5.0,,,PEDE2023,,Fase 4 (9° ano),5.758425,2009-02-09 00:00:00,,Aluno-386,,7.03125,-1.0,Quartzo,Fase 4 (9° ano)
RA-260,FASE 3,3G,,,,Feminino,2019,Escola Pública,7.44,9.2,9.9,7.52,6.1,6.3,5.2,6.7,,,7.4175,10.0,,,PEDE2023,,Fase 3 (7° e 8° ano),8.080008333,2009-05-11 00:00:00,,Aluno-260,,7.34375,0.0,Topázio,Fase 3 (7° e 8° ano)
RA-390,FASE 3,3G,,,,Feminino,2022,Escola Pública,6.776,7.9,8.8,2.52,4.8,5.7,5.8,3.0,,,7.005,10.0,,,PEDE2023,,Fase 3 (7° e 8° ano),6.905741667,2010-10-11 00:00:00,,Aluno-390,,7.34375,0.0,Agata,Fase 3 (7° e 8° ano)
RA-1158,FASE 3,3G,,,13.0,Feminino,2023,Escola Pública,,7.5,8.6,2.52,4.3,5.3,5.0,2.7,,,7.34,5.0,,,PEDE2023,14.0,Fase 4 (9° ano),6.306666667,1/23/2009,,Aluno-1158,,7.5,-1.0,Agata,Fase 4 (9° ano)
RA-391,FASE 3,3I,,,,Feminino,2022,Escola Pública,7.117,7.9,7.5,2.52,3.5,4.2,5.0,1.3,,,7.585,10.0,,,PEDE2023,,Fase 3 (7° e 8° ano),6.5107,2010-05-02 00:00:00,,Aluno-391,,7.5,0.0,Agata,Fase 3 (7° e 8° ano)
RA-1159,FASE 3,3I,,,,Feminino,2023,Escola Pública,,5.8,6.6,2.52,3.1,5.2,1.5,2.5,,,7.1325,10.0,,,PEDE2023,,Fase 3 (7° e 8° ano),5.913883333,2010-03-12 00:00:00,,Aluno-1159,,7.1875,0.0,Quartzo,Fase 3 (7° e 8° ano)
RA-392,FASE 3,3I,,,14.0,Masculino,2022,Escola Pública,6.418,9.6,9.5,2.52,4.6,6.2,4.7,2.8,,,7.17,5.0,,,PEDE2023,15.0,Fase 5 (1° EM),6.567208333,3/16/2008,,Aluno-392,,6.09375,-2.0,Agata,Fase 5 (1° EM)
RA-1160,FASE 3,3I,,,,Masculino,2023,Escola Pública,,9.6,8.7,2.52,2.7,4.8,2.7,0.7,,,7.2575,10.0,,,PEDE2023,,Fase 3 (7° e 8° ano),6.636166667,2010-01-04 00:00:00,,Aluno-1160,,6.875,0.0,Agata,Fase 3 (7° e 8° ano)
RA-1161,FASE 3,3I,,,,Feminino,2023,Escola Pública,,6.3,8.1,2.52,6.3,7.3,6.5,5.2,,,8.63,10.0,,,PEDE2023,,Fase 3 (7° e 8° ano),7.317791667,2010-04-07 00:00:00,,Aluno-1161,,8.28125,0.0,Ametista,Fase 3 (7° e 8° ano)
RA-395,FASE 3,3I,,,11.0,Feminino,2018,Escola Pública,7.683,9.2,8.6,2.52,6.0,6.7,5.3,6.0,,,7.9175,10.0,,,PEDE2023,12.0,Fase 3 (7° e 8° ano),7.469175,3/19/2011,,Aluno-395,,7.96875,0.0,Ametista,Fase 3 (7° e 8° ano)
RA-450,FASE 3,3K,,,13.0,Masculino,2021,Escola Pública,7.843,9.6,8.4,2.52,5.4,7.0,6.5,2.7,,,7.9175,5.0,,,PEDE2023,14.0,Fase 4 (9° ano),6.819625,3/14/2009,,Aluno-450,,7.65625,-1.0,Agata,Fase 4 (9° ano)
RA-463,FASE 3,3K,,,12.0,Feminino,2020,Escola Pública,6.41,9.2,5.4,2.52,4.0,6.3,4.3,1.3,,,7.795,10.0,,,PEDE2023,13.0,Fase 3 (7° e 8° ano),6.382383333,5/26/2010,,Aluno-463,,7.8125,0.0,Agata,Fase 3 (7° e 8° ano)
RA-298,FASE 3,3K,,,13.0,Masculino,2019,Escola Pública,6.409,9.6,8.6,2.52,5.5,7.7,4.5,4.2,,,7.7525,5.0,,,PEDE2023,14.0,Fase 4 (9° ano),6.824333333,5/29/2009,,Aluno-298,,7.5,-1.0,Agata,Fase 4 (9° ano)
RA-464,FASE 3,3K,,,,Feminino,2022,Escola Pública,6.745,9.2,7.7,2.52,3.0,4.8,3.7,0.5,,,7.38,5.0,,,PEDE2023,,Fase 4 (9° ano),6.081675,2009-12-09 00:00:00,,Aluno-464,,7.96875,-1.0,Agata,Fase 4 (9° ano)
RA-465,FASE 3,3K,,,,Masculino,2019,Escola Pública,8.012,7.5,9.4,2.52,8.5,8.3,8.2,9.0,,,8.17,10.0,,,PEDE2023,,Fase 3 (7° e 8° ano),8.012875,2011-07-06 00:00:00,,Aluno-465,,7.96875,0.0,Topázio,Fase 3 (7° e 8° ano)
RA-442,FASE 3,3K,,,,Feminino,2022,Escola Pública,8.226,0.0,7.6,7.52,5.8,6.7,6.5,4.3,,,8.1275,10.0,,,PEDE2023,,Fase 3 (7° e 8° ano),6.814166667,2011-02-01 00:00:00,,Aluno-442,,7.5,0.0,Agata,Fase 3 (7° e 8° ano)
RA-300,FASE 3,3K,,,14.0,Masculino,2022,Escola Pública,5.557,5.0,7.5,2.52,4.5,4.5,5.3,3.8,,,6.5875,5.0,,,PEDE2023,15.0,Fase 5 (1° EM),5.616691667,3/19/2008,,Aluno-300,,6.40625,-2.0,Quartzo,Fase 5 (1° EM)
RA-467,FASE 3,3K,,,,Feminino,2022,Escola Pública,6.38,6.3,9.2,3.14,5.2,6.0,6.0,3.7,,,7.5425,5.0,,,PEDE2023,,Fase 4 (9° ano),6.552916667,2009-09-06 00:00:00,,Aluno-467,,7.1875,-1.0,Agata,Fase 4 (9° ano)
RA-468,FASE 3,3K,,,,Masculino,2022,Escola Pública,6.313,8.3,6.0,6.27,3.4,4.8,3.0,2.3,,,6.715,5.0,,,PEDE2023,,Fase 4 (9° ano),5.911108333,2009-02-05 00:00:00,,Aluno-468,,7.34375,-1.0,Quartzo,Fase 4 (9° ano)
RA-1162,FASE 3,3K,,,12.0,Feminino,2023,Escola Pública,,8.3,8.5,3.77,6.0,7.3,5.5,5.2,,,7.7525,10.0,,,PEDE2023,13.0,Fase 3 (7° e 8° ano),7.44215,11/27/2009,,Aluno-1162,,7.8125,0.0,Ametista,Fase 3 (7° e 8° ano)
RA-470,FASE 3,3K,,,13.0,Feminino,2019,Escola Pública,7.378,8.8,9.2,5.0,4.9,6.0,4.3,4.5,,,7.71,5.0,,,PEDE2023,14.0,Fase 4 (9° ano),6.993766667,8/19/2009,,Aluno-470,,7.5,-1.0,Agata,Fase 4 (9° ano)
RA-474,FASE 3,3K,,,13.0,Masculino,2019,Escola Pública,6.446,0.0,7.8,5.0,3.3,4.8,3.8,1.2,,,6.7575,5.0,,,PEDE2023,14.0,Fase 4 (9° ano),5.283583333,8/19/2009,,Aluno-474,,7.1875,-1.0,Quartzo,Fase 4 (9° ano)
RA-476,FASE 3,3K,,,12.0,Feminino,2019,Escola Pública,6.931,7.9,7.0,2.52,4.1,5.0,4.5,2.7,,,7.505,10.0,,,PEDE2023,13.0,Fase 3 (7° e 8° ano),6.492408333,7/23/2010,,Aluno-476,,7.34375,0.0,Agata,Fase 3 (7° e 8° ano)
RA-478,FASE 3,3K,,,11.0,Feminino,2019,Escola Pública,6.709,6.7,7.3,2.52,4.4,4.3,4.7,4.3,,,7.2975,10.0,,,PEDE2023,12.0,Fase 3 (7° e 8° ano),6.443616667,11/26/2010,,Aluno-478,,7.1875,0.0,Agata,Fase 3 (7° e 8° ano)
RA-410,FASE 3,3K,,,,Masculino,2018,Escola Pública,5.675,8.8,5.8,7.52,4.9,5.0,4.8,4.8,,,6.0425,5.0,,,PEDE2023,,Fase 4 (9° ano),6.140808333,2008-06-12 00:00:00,,Aluno-410,,6.71875,-1.0,Agata,Fase 4 (9° ano)
RA-411,FASE 3,3L,,,12.0,Feminino,2019,Escola Privada,7.232,6.2,9.0,7.52,6.6,5.7,6.7,7.3,,,7.5425,10.0,,,PEDE2023,13.0,Fase 3 (7° e 8° ano),7.779983333,5/13/2010,,Aluno-411,,7.8125,0.0,Ametista,Fase 3 (7° e 8° ano)
RA-412,FASE 3,3L,,,12.0,Feminino,2018,Escola Pública,7.556,8.8,8.9,2.52,6.2,5.8,5.2,7.7,,,7.585,10.0,,,PEDE2023,13.0,Fase 3 (7° e 8° ano),7.373891667,4/26/2010,,Aluno-412,,7.03125,0.0,Ametista,Fase 3 (7° e 8° ano)
RA-400,FASE 3,3L,,,,Masculino,2018,Escola Pública,6.042,9.2,9.0,2.52,4.1,4.8,4.7,2.8,,,7.375,5.0,,,PEDE2023,,Fase 4 (9° ano),6.529425,2008-07-11 00:00:00,,Aluno-400,,7.65625,-1.0,Agata,Fase 4 (9° ano)
RA-414,FASE 3,3L,,,12.0,Feminino,2021,Escola Pública,7.284,0.0,9.5,7.52,6.5,6.0,7.0,6.5,,,7.585,10.0,,,PEDE2023,13.0,Fase 3 (7° e 8° ano),7.25025,10/24/2010,,Aluno-414,,7.8125,0.0,Ametista,Fase 3 (7° e 8° ano)
RA-415,FASE 3,3L,,,11.0,Feminino,2019,Escola Pública,7.695,7.1,8.2,7.52,3.7,2.8,4.0,4.3,,,7.8325,10.0,,,PEDE2023,12.0,Fase 3 (7° e 8° ano),7.18805,5/17/2011,,Aluno-415,,7.8125,0.0,Ametista,Fase 3 (7° e 8° ano)
RA-1163,FASE 3,3L,,,13.0,Masculino,2023,Escola Pública,,8.8,9.3,7.52,7.2,7.0,6.7,8.0,,,7.75,5.0,,,PEDE2023,14.0,Fase 4 (9° ano),7.749391667,7/24/2009,,Aluno-1163,,7.65625,-1.0,Ametista,Fase 4 (9° ano)
RA-273,FASE 3,3L,,,13.0,Feminino,2018,Escola Pública,5.679,7.9,7.4,2.52,5.0,5.3,6.8,3.0,,,7.6275,5.0,,,PEDE2023,14.0,Fase 4 (9° ano),6.337116667,10/27/2008,,Aluno-273,,7.8125,-1.0,Agata,Fase 4 (9° ano)
RA-471,FASE 3,3L,,,,Feminino,2020,Escola Pública,6.535,0.0,9.0,6.27,5.0,6.3,4.0,4.8,,,8.125,10.0,,,PEDE2023,,Fase 3 (7° e 8° ano),6.855541667,2009-07-12 00:00:00,,Aluno-471,,7.96875,0.0,Agata,Fase 3 (7° e 8° ano)
RA-416,FASE 3,3L,,,12.0,Masculino,2018,Escola Privada,7.913,9.2,9.8,2.52,7.6,7.0,7.0,8.8,,,8.3375,10.0,,,PEDE2023,13.0,Fase 3 (7° e 8° ano),8.144425,8/31/2010,,Aluno-416,,8.28125,0.0,Topázio,Fase 3 (7° e 8° ano)
RA-417,FASE 3,3L,,,,Feminino,2022,Escola Pública,8.428,5.4,9.7,7.52,7.8,6.7,8.3,8.3,,,8.2125,10.0,,,PEDE2023,,Fase 3 (7° e 8° ano),8.257658333,2009-04-12 00:00:00,,Aluno-417,,8.28125,0.0,Topázio,Fase 3 (7° e 8° ano)
RA-305,FASE 3,3L,,,14.0,Masculino,2019,Escola Pública,6.058,0.0,8.9,7.52,5.2,5.2,4.8,5.7,,,7.75,5.0,,,PEDE2023,15.0,Fase 5 (1° EM),6.394291667,10/19/2008,,Aluno-305,,7.65625,-2.0,Agata,Fase 5 (1° EM)
RA-418,FASE 3,3L,,,,Feminino,2020,Escola Privada,8.175,8.8,10.0,2.52,8.1,6.7,8.3,9.3,,,8.045,10.0,,,PEDE2023,,Fase 2 (5° e 6° ano),8.1686,2012-09-03 00:00:00,,Aluno-418,,8.125,1.0,Topázio,Fase 2 (5° e 6° ano)
RA-419,FASE 3,3L,,,,Feminino,2019,Escola Privada,7.359,6.7,9.5,2.52,7.6,7.0,7.3,8.5,,,7.875,10.0,,,PEDE2023,,Fase 3 (7° e 8° ano),7.7261,2010-04-10 00:00:00,,Aluno-419,,8.125,0.0,Ametista,Fase 3 (7° e 8° ano)
RA-421,FASE 3,3L,,,,Masculino,2021,Escola Pública,8.717,9.2,9.9,2.52,7.3,8.0,6.2,7.8,,,8.17,10.0,,,PEDE2023,,Fase 3 (7° e 8° ano),8.030716667,2011-11-02 00:00:00,,Aluno-421,,7.8125,0.0,Topázio,Fase 3 (7° e 8° ano)
RA-407,FASE 3,3L,,,13.0,Masculino,2022,Escola Pública,7.195,9.6,8.6,7.52,7.3,7.3,7.2,7.3,,,7.5,5.0,,,PEDE2023,14.0,Fase 4 (9° ano),7.665083333,7/16/2009,,Aluno-407,,7.8125,-1.0,Ametista,Fase 4 (9° ano)
RA-425,FASE 3,3L,,,12.0,Masculino,2022,Escola Pública,8.117,9.2,9.9,2.52,7.5,6.7,7.3,8.5,,,8.3775,10.0,,,PEDE2023,13.0,Fase 3 (7° e 8° ano),8.10555,1/21/2010,,Aluno-425,,7.8125,0.0,Topázio,Fase 3 (7° e 8° ano)
RA-426,FASE 3,3M,,,,Feminino,2022,Escola Pública,6.35,5.4,7.6,5.0,5.0,4.7,5.2,5.0,,,7.5425,5.0,,,PEDE2023,,Fase 4 (9° ano),6.329158333,2008-09-12 00:00:00,,Aluno-426,,7.65625,-1.0,Agata,Fase 4 (9° ano)
RA-430,FASE 3,3M,,,13.0,Masculino,2022,Escola Pública,7.585,9.2,9.3,2.52,6.4,7.3,5.5,6.5,,,7.75,5.0,,,PEDE2023,14.0,Fase 4 (9° ano),7.146716667,5/14/2009,,Aluno-430,,7.8125,-1.0,Ametista,Fase 4 (9° ano)
RA-1164,FASE 3,3M,,,12.0,Masculino,2023,Escola Pública,,9.2,7.5,2.52,4.8,7.0,7.5,0.0,,,7.545,10.0,,,PEDE2023,13.0,Fase 3 (7° e 8° ano),6.910091667,9/27/2010,,Aluno-1164,,7.65625,0.0,Agata,Fase 3 (7° e 8° ano)
RA-1165,FASE 3,3M,,,11.0,Feminino,2023,Escola Pública,,9.2,9.1,5.0,7.3,7.0,6.0,9.0,,,7.2925,10.0,,,PEDE2023,12.0,Fase 3 (7° e 8° ano),7.880716667,6/17/2011,,Aluno-1165,,7.1875,0.0,Ametista,Fase 3 (7° e 8° ano)
RA-432,FASE 3,3M,,,,Feminino,2019,Escola Pública,6.34,8.8,9.0,2.52,5.2,5.0,6.3,4.2,,,8.0425,5.0,,,PEDE2023,,Fase 5 (1° EM),6.850183333,2008-05-08 00:00:00,,Aluno-432,,7.8125,-2.0,Agata,Fase 5 (1° EM)
RA-303,FASE 3,3M,,,14.0,Masculino,2019,Escola Pública,6.03,0.0,7.3,7.52,5.1,5.7,5.2,4.5,,,7.05,5.0,,,PEDE2023,15.0,Fase 5 (1° EM),5.914291667,3/29/2008,,Aluno-303,,7.65625,-2.0,Quartzo,Fase 5 (1° EM)
RA-420,FASE 3,3M,,,,Feminino,2019,Escola Privada,7.461,8.3,9.3,2.52,5.3,5.7,5.8,4.3,,,7.96,10.0,,,PEDE2023,,Fase 3 (7° e 8° ano),7.356358333,2011-03-04 00:00:00,,Aluno-420,,7.65625,0.0,Ametista,Fase 3 (7° e 8° ano)
RA-1166,FASE 3,3M,,,14.0,Feminino,2023,Escola Pública,,8.3,9.6,7.52,4.8,5.3,2.8,6.2,,,7.9175,5.0,,,PEDE2023,15.0,Fase 5 (1° EM),7.307858333,10/23/2008,,Aluno-1166,,7.65625,-2.0,Ametista,Fase 5 (1° EM)
RA-1167,FASE 3,3M,,,15.0,Masculino,2023,Escola Pública,,8.8,7.6,2.52,3.8,6.0,3.7,1.8,,,7.9625,2.5,,,PEDE2023,16.0,Fase 6 (2° EM),6.021891667,7/19/2007,,Aluno-1167,,7.65625,-3.0,Agata,Fase 6 (2° EM)
RA-424,FASE 3,3M,,,,Feminino,2022,Escola Pública,7.94,8.8,9.9,2.52,6.4,5.0,6.7,7.5,,,7.7925,10.0,,,PEDE2023,,Fase 3 (7° e 8° ano),7.72685,2010-09-05 00:00:00,,Aluno-424,,7.8125,0.0,Ametista,Fase 3 (7° e 8° ano)
RA-398,FASE 3,3N,,,,Feminino,2022,Escola Pública,7.742,6.7,8.1,2.52,6.5,9.3,5.8,4.5,,,7.7925,10.0,,,PEDE2023,,Fase 2 (5° e 6° ano),7.153766667,2012-06-01 00:00:00,,Aluno-398,,7.5,1.0,Ametista,Fase 2 (5° e 6° ano)
RA-399,FASE 3,3N,,,,Feminino,2022,Escola Pública,6.58,7.9,8.2,2.52,4.7,5.0,4.2,4.8,,,8.165,10.0,,,PEDE2023,,Fase 3 (7° e 8° ano),7.000033333,2010-03-01 00:00:00,,Aluno-399,,7.5,0.0,Ametista,Fase 3 (7° e 8° ano)
RA-428,FASE 3,3N,,,,Masculino,2022,Escola Pública,7.683,8.3,9.5,2.52,7.2,9.3,4.7,7.7,,,8.0425,10.0,,,PEDE2023,,Fase 3 (7° e 8° ano),7.821816667,2009-07-12 00:00:00,,Aluno-428,,7.8125,0.0,Ametista,Fase 3 (7° e 8° ano)
RA-315,FASE 3,3N,,,,Feminino,2022,Escola Pública,5.672,0.0,6.8,5.0,6.3,5.7,6.8,6.3,,,7.8375,5.0,,,PEDE2023,,Fase 4 (9° ano),5.977708333,2009-03-04 00:00:00,,Aluno-315,,7.96875,-1.0,Quartzo,Fase 4 (9° ano)
RA-402,FASE 3,3N,,,12.0,Feminino,2019,Escola Pública,5.261,9.2,7.3,2.52,4.2,4.7,4.0,4.0,,,6.88,10.0,,,PEDE2023,13.0,Fase 3 (7° e 8° ano),6.632716667,1/30/2010,,Aluno-402,,7.8125,0.0,Agata,Fase 3 (7° e 8° ano)
RA-1168,FASE 3,3N,,,12.0,Feminino,2023,Escola Pública,,0.0,8.8,2.52,3.5,5.0,2.0,3.5,,,7.045,10.0,,,PEDE2023,13.0,Fase 3 (7° e 8° ano),5.886625,3/26/2010,,Aluno-1168,,7.65625,0.0,Quartzo,Fase 3 (7° e 8° ano)
RA-613,FASE 3,3N,,,13.0,Masculino,2020,Escola Pública,8.121,9.2,9.4,5.0,4.8,4.3,6.2,3.8,,,7.2125,5.0,,,PEDE2023,14.0,Fase 4 (9° ano),6.864508333,10/25/2009,,Aluno-613,,6.71875,-1.0,Agata,Fase 4 (9° ano)
RA-304,FASE 3,3N,,,,Masculino,2020,Escola Pública,6.355,0.0,8.8,5.0,5.7,7.0,3.7,6.3,,,7.835,5.0,,,PEDE2023,,Fase 5 (1° EM),6.241583333,2007-02-12 00:00:00,,Aluno-304,,7.8125,-2.0,Agata,Fase 5 (1° EM)
RA-457,FASE 3,3N,,,12.0,Feminino,2022,Escola Pública,7.68,7.5,8.6,7.52,8.1,6.7,8.5,9.0,,,8.045,10.0,,,PEDE2023,13.0,Fase 3 (7° e 8° ano),8.256833333,7/23/2010,,Aluno-457,,8.125,0.0,Topázio,Fase 3 (7° e 8° ano)
RA-307,FASE 3,3N,,,,Masculino,2022,Escola Pública,4.733,0.0,6.5,7.52,6.3,6.3,7.3,5.2,,,7.46,5.0,,,PEDE2023,,Fase 5 (1° EM),6.047333333,2008-04-08 00:00:00,,Aluno-307,,7.5,-2.0,Agata,Fase 5 (1° EM)
RA-283,FASE 3,3N,,,14.0,Masculino,2020,Escola Pública,7.131,8.3,9.5,7.52,6.8,6.8,4.8,8.8,,,7.5025,5.0,,,PEDE2023,15.0,Fase 5 (1° EM),7.549025,6/27/2008,,Aluno-283,,7.03125,-2.0,Ametista,Fase 5 (1° EM)
RA-459,FASE 3,3N,,,12.0,Masculino,2019,Escola Pública,7.28,6.7,9.3,7.52,8.3,8.3,9.2,7.5,,,7.88,10.0,,,PEDE2023,13.0,Fase 3 (7° e 8° ano),8.240016667,4/20/2010,,Aluno-459,,7.1875,0.0,Topázio,Fase 3 (7° e 8° ano)
RA-440,FASE 3,3P,,,11.0,Masculino,2022,Escola Pública,7.329,0.0,8.2,7.52,6.2,7.3,7.0,4.2,,,7.835,10.0,,,PEDE2023,12.0,Fase 3 (7° e 8° ano),6.989208333,3/16/2011,,Aluno-440,,7.96875,0.0,Agata,Fase 3 (7° e 8° ano)
RA-443,FASE 3,3P,,,13.0,Feminino,2019,Escola Pública,7.482,7.1,7.5,2.52,7.6,7.0,8.7,7.0,,,8.125,5.0,,,PEDE2023,14.0,Fase 4 (9° ano),6.895508333,3/14/2009,,Aluno-443,,7.96875,-1.0,Agata,Fase 4 (9° ano)
RA-454,FASE 3,3P,,,14.0,Masculino,2018,Escola Pública,5.561,0.0,7.5,5.0,2.6,4.2,1.2,2.5,,,5.54,5.0,,,PEDE2023,15.0,Fase 5 (1° EM),4.603416667,9/18/2008,,Aluno-454,,4.6875,-2.0,Quartzo,Fase 5 (1° EM)
RA-444,FASE 3,3P,,,10.0,Masculino,2018,Escola Pública,6.665,0.0,7.9,5.0,4.7,4.7,5.8,3.7,,,6.4575,10.0,,,PEDE2023,11.0,Fase 2 (5° e 6° ano),5.958791667,12/15/2011,,Aluno-444,,6.40625,1.0,Quartzo,Fase 2 (5° e 6° ano)
RA-170,FASE 3,3P,,,14.0,Feminino,2018,Escola Privada,7.007,8.8,8.9,2.52,7.2,6.3,8.7,6.5,,,7.6725,5.0,,,PEDE2023,15.0,Fase 5 (1° EM),7.062433333,10/23/2008,,Aluno-170,,6.875,-2.0,Ametista,Fase 5 (1° EM)
RA-1169,FASE 3,3P,,,,Feminino,2023,Escola Pública,,7.5,9.5,5.0,6.3,6.8,7.3,4.8,,,8.0025,5.0,,,PEDE2023,,Fase 4 (9° ano),7.213625,2009-05-01 00:00:00,,Aluno-1169,,7.03125,-1.0,Ametista,Fase 4 (9° ano)
RA-458,FASE 3,3P,,,,Masculino,2019,Escola Pública,6.512,9.6,6.9,7.52,3.8,4.3,4.8,2.2,,,6.2475,5.0,,,PEDE2023,,Fase 4 (9° ano),6.312083333,2009-12-09 00:00:00,,Aluno-458,,7.1875,-1.0,Agata,Fase 4 (9° ano)
RA-1170,FASE 3,3P,,,,Masculino,2023,Escola Pública,,8.8,7.7,7.52,5.9,6.0,6.8,4.8,,,6.5775,5.0,,,PEDE2023,,Fase 4 (9° ano),6.874683333,2009-07-04 00:00:00,,Aluno-1170,,7.1875,-1.0,Agata,Fase 4 (9° ano)
RA-1171,FASE 3,3P,,,13.0,Masculino,2023,Escola Pública,,7.9,8.4,5.0,8.7,7.3,9.0,9.7,,,8.88,5.0,,,PEDE2023,14.0,Fase 4 (9° ano),7.856033333,4/24/2009,,Aluno-1171,,8.75,-1.0,Ametista,Fase 4 (9° ano)
RA-449,FASE 3,3P,,,11.0,Feminino,2022,Escola Pública,6.143,7.1,7.2,7.52,7.0,5.5,7.7,7.7,,,6.8425,10.0,,,PEDE2023,12.0,Fase 3 (7° e 8° ano),7.396508333,12/18/2010,,Aluno-449,,7.34375,0.0,Ametista,Fase 3 (7° e 8° ano)
RA-462,FASE 3,3P,,,,Feminino,2022,Escola Pública,6.626,10.0,8.1,5.0,2.7,4.0,2.8,1.3,,,6.5825,5.0,,,PEDE2023,,Fase 5 (1° EM),6.2267,2008-03-05 00:00:00,,Aluno-462,,7.5,-2.0,Agata,Fase 5 (1° EM)
RA-176,FASE 4,4A,,,13.0,Feminino,2018,Escola Privada,8.427,9.6,9.5,2.52,8.0,7.3,7.3,9.3,,,9.0025,10.0,,,PEDE2023,14.0,Fase 4 (9° ano),8.316833333,8/28/2009,,Aluno-176,,8.125,0.0,Topázio,Fase 4 (9° ano)
RA-178,FASE 4,4A,,,,Feminino,2016,Escola Privada,7.025,7.9,8.7,2.52,5.9,6.3,5.8,5.5,,,8.42,10.0,,,PEDE2023,,Fase 4 (9° ano),7.406658333,2009-05-10 00:00:00,,Aluno-178,,7.65625,0.0,Ametista,Fase 4 (9° ano)
RA-193,FASE 4,4A,,,12.0,Masculino,2016,Escola Privada,8.155,8.3,9.4,2.52,6.5,6.0,6.3,7.3,,,8.17,10.0,,,PEDE2023,13.0,Fase 3 (7° e 8° ano),7.718566667,2/17/2010,,Aluno-193,,8.125,1.0,Ametista,Fase 3 (7° e 8° ano)
RA-1172,FASE 4,4A,,,15.0,Feminino,2023,Escola Pública,,8.3,7.8,2.52,6.7,6.0,5.7,8.3,,,8.46,5.0,,,PEDE2023,16.0,Fase 6 (2° EM),7.030108333,8/27/2007,,Aluno-1172,,8.59375,-2.0,Ametista,Fase 6 (2° EM)
RA-180,FASE 4,4A,,,12.0,Masculino,2018,Escola Privada,8.442,9.2,9.4,2.52,8.0,8.3,7.3,8.5,,,8.92,10.0,,,PEDE2023,13.0,Fase 3 (7° e 8° ano),8.283216667,9/22/2010,,Aluno-180,,8.4375,1.0,Topázio,Fase 3 (7° e 8° ano)
RA-181,FASE 4,4A,,,,Feminino,2019,Escola Privada,8.623,9.6,8.3,2.52,6.8,8.3,6.5,5.5,,,8.2525,10.0,,,PEDE2023,,Fase 4 (9° ano),7.671208333,2009-01-03 00:00:00,,Aluno-181,,7.96875,0.0,Ametista,Fase 4 (9° ano)
RA-195,FASE 4,4A,,,,Feminino,2017,Escola Privada,8.017,7.1,9.2,2.52,6.0,6.3,6.2,5.5,,,8.79,10.0,,,PEDE2023,,Fase 4 (9° ano),7.60205,2009-12-10 00:00:00,,Aluno-195,,8.4375,0.0,Ametista,Fase 4 (9° ano)
RA-196,FASE 4,4A,,,12.0,Masculino,2018,Escola Privada,8.124,7.9,9.0,2.52,6.2,7.0,6.0,5.7,,,8.2125,10.0,,,PEDE2023,13.0,Fase 3 (7° e 8° ano),7.560991667,1/23/2010,,Aluno-196,,8.28125,1.0,Ametista,Fase 3 (7° e 8° ano)
RA-211,FASE 4,4A,,,13.0,Masculino,2021,Escola Privada,8.465,9.6,9.4,2.52,7.1,7.7,8.0,5.7,,,8.71,10.0,,,PEDE2023,14.0,Fase 4 (9° ano),8.024791667,6/15/2009,,Aluno-211,,7.65625,0.0,Topázio,Fase 4 (9° ano)
RA-197,FASE 4,4A,,,12.0,Feminino,2021,Escola Privada,8.218,8.3,9.8,2.52,7.2,7.0,7.3,7.2,,,8.46,10.0,,,PEDE2023,13.0,Fase 3 (7° e 8° ano),7.967608333,12/19/2009,,Aluno-197,,7.96875,1.0,Ametista,Fase 3 (7° e 8° ano)
RA-229,FASE 4,4A,,,,Masculino,2022,Escola Privada,8.62,9.2,9.8,2.52,7.8,8.0,8.2,7.3,,,8.42,10.0,,,PEDE2023,,Fase 3 (7° e 8° ano),8.207591667,2010-09-04 00:00:00,,Aluno-229,,8.28125,1.0,Topázio,Fase 3 (7° e 8° ano)
RA-186,FASE 4,4A,,,,Feminino,2019,Escola Privada,7.832,7.5,9.7,2.52,6.9,6.8,7.0,7.0,,,8.46,10.0,,,PEDE2023,,Fase 4 (9° ano),7.817541667,2009-10-07 00:00:00,,Aluno-186,,7.96875,0.0,Ametista,Fase 4 (9° ano)
RA-189,FASE 4,4A,,,13.0,Masculino,2018,Escola Privada,7.629,7.9,9.4,2.52,6.5,6.3,6.5,6.7,,,8.3775,10.0,,,PEDE2023,14.0,Fase 4 (9° ano),7.727325,12/23/2008,,Aluno-189,,8.28125,0.0,Ametista,Fase 4 (9° ano)
RA-191,FASE 4,4A,,,13.0,Masculino,2019,Escola Privada,8.74,0.0,9.7,2.52,7.8,8.7,7.0,7.8,,,8.4625,10.0,,,PEDE2023,14.0,Fase 4 (9° ano),7.263666667,5/21/2009,,Aluno-191,,8.125,0.0,Ametista,Fase 4 (9° ano)
RA-1173,FASE 4,4A,,,13.0,Masculino,2023,Escola Pública,,8.8,9.7,2.52,6.0,7.0,5.0,6.0,,,8.1225,10.0,,,PEDE2023,14.0,Fase 4 (9° ano),7.67285,5/31/2009,,Aluno-1173,,7.8125,0.0,Ametista,Fase 4 (9° ano)
RA-217,FASE 4,4B,,,,Feminino,2021,Escola Pública,7.397,8.3,8.6,2.52,5.6,6.7,5.3,4.8,,,8.5025,5.0,,,PEDE2023,,Fase 5 (1° EM),6.96965,2007-03-11 00:00:00,,Aluno-217,,8.4375,-1.0,Agata,Fase 5 (1° EM)
RA-1174,FASE 4,4B,,,14.0,Feminino,2023,Escola Pública,,9.2,8.7,2.52,6.8,6.5,7.2,6.8,,,8.3375,5.0,,,PEDE2023,15.0,Fase 5 (1° EM),7.333591667,10/19/2008,,Aluno-1174,,8.90625,-1.0,Ametista,Fase 5 (1° EM)
RA-192,FASE 4,4B,,,15.0,Masculino,2021,Escola Privada,4.932,8.8,6.2,5.0,6.5,6.0,5.8,7.8,,,7.3775,5.0,,,PEDE2023,16.0,Fase 6 (2° EM),6.616016667,1/16/2007,,Aluno-192,,7.1875,-2.0,Agata,Fase 6 (2° EM)
RA-184,FASE 4,4B,,,12.0,Masculino,2019,Escola Pública,7.28,7.9,9.5,7.52,7.1,7.3,6.3,7.8,,,8.5025,10.0,,,PEDE2023,13.0,Fase 3 (7° e 8° ano),8.430241667,3/27/2010,,Aluno-184,,8.59375,1.0,Topázio,Fase 3 (7° e 8° ano)
RA-200,FASE 4,4B,,,15.0,Masculino,2018,Escola Privada,5.705,9.6,4.5,2.52,4.3,4.3,4.2,4.5,,,7.17,5.0,,,PEDE2023,16.0,Fase 6 (2° EM),5.661166667,7/14/2007,,Aluno-200,,7.5,-2.0,Quartzo,Fase 6 (2° EM)
RA-1175,FASE 4,4B,,,,Feminino,2023,Escola Pública,,8.3,5.3,2.52,6.3,6.3,6.3,6.2,,,7.6275,2.5,,,PEDE2023,,Fase 7 (3° EM),5.939858333,2006-03-08 00:00:00,,Aluno-1175,,7.65625,-3.0,Quartzo,Fase 7 (3° EM)
RA-204,FASE 4,4B,,,,Feminino,2019,Escola Pública,6.943,8.8,7.9,2.52,7.1,4.7,8.0,8.5,,,8.045,10.0,,,PEDE2023,,Fase 4 (9° ano),7.557558333,2009-08-08 00:00:00,,Aluno-204,,8.28125,0.0,Ametista,Fase 4 (9° ano)
RA-1176,FASE 4,4B,,,12.0,Masculino,2023,Escola Pública,,8.3,9.3,7.52,8.2,8.0,7.8,8.7,,,9.17,10.0,,,PEDE2023,13.0,Fase 3 (7° e 8° ano),8.881483333,5/23/2010,,Aluno-1176,,9.6875,1.0,Topázio,Fase 3 (7° e 8° ano)
RA-1177,FASE 4,4B,,,13.0,Feminino,2023,Escola Pública,,10.0,9.9,2.52,7.2,7.0,6.7,8.0,,,8.88,10.0,,,PEDE2023,14.0,Fase 4 (9° ano),8.345491667,11/15/2008,,Aluno-1177,,8.90625,0.0,Topázio,Fase 4 (9° ano)
RA-215,FASE 4,4C,,,13.0,Feminino,2021,Escola Pública,7.172,8.8,6.6,2.52,6.9,5.7,6.7,8.3,,,7.7125,10.0,,,PEDE2023,14.0,Fase 4 (9° ano),7.166475,2/21/2009,,Aluno-215,,7.96875,0.0,Ametista,Fase 4 (9° ano)
RA-1178,FASE 4,4C,,,,Masculino,2023,Escola Pública,,8.8,9.3,2.52,5.7,6.3,4.5,6.3,,,8.2125,5.0,,,PEDE2023,,Fase 6 (2° EM),7.066475,2007-01-05 00:00:00,,Aluno-1178,,7.96875,-2.0,Ametista,Fase 6 (2° EM)
RA-149,FASE 4,4C,,,,Feminino,2022,Escola Pública,6.323,8.8,4.2,2.52,4.7,5.7,3.5,5.0,,,7.2925,5.0,,,PEDE2023,,Fase 6 (2° EM),5.622266667,2007-05-02 00:00:00,,Aluno-149,,7.5,-2.0,Quartzo,Fase 6 (2° EM)
RA-1179,FASE 4,4C,,,,Masculino,2023,Escola Pública,,9.6,8.1,4.38,5.0,6.7,3.7,4.5,,,7.17,5.0,,,PEDE2023,,Fase 5 (1° EM),6.631333333,2008-12-05 00:00:00,,Aluno-1179,,6.875,-1.0,Agata,Fase 5 (1° EM)
RA-218,FASE 4,4C,,,14.0,Feminino,2022,Escola Pública,6.1,0.0,6.7,2.52,6.7,5.7,7.0,7.5,,,7.88,5.0,,,PEDE2023,15.0,Fase 5 (1° EM),5.811541667,7/17/2008,,Aluno-218,,7.96875,-1.0,Quartzo,Fase 5 (1° EM)
RA-220,FASE 4,4C,,,13.0,Feminino,2022,Escola Pública,7.028,8.8,7.6,2.52,6.1,6.3,5.8,6.3,,,7.5475,10.0,,,PEDE2023,14.0,Fase 4 (9° ano),7.102016667,1/30/2009,,Aluno-220,,7.1875,0.0,Ametista,Fase 4 (9° ano)
RA-202,FASE 4,4C,,,,Feminino,2017,Escola Pública,5.201,8.8,7.9,2.52,5.9,6.3,4.8,6.7,,,8.005,5.0,,,PEDE2023,,Fase 5 (1° EM),6.791641667,2008-02-06 00:00:00,,Aluno-202,,7.96875,-1.0,Agata,Fase 5 (1° EM)
RA-1180,FASE 4,4C,,,14.0,Masculino,2023,Escola Pública,,8.3,9.5,5.0,5.4,6.0,4.8,5.3,,,7.7125,5.0,,,PEDE2023,15.0,Fase 5 (1° EM),7.067983333,8/28/2008,,Aluno-1180,,7.1875,-1.0,Ametista,Fase 5 (1° EM)
RA-1181,FASE 4,4C,,,,Feminino,2023,Escola Pública,,8.8,8.3,2.52,4.8,5.7,4.3,4.5,,,7.3375,10.0,,,PEDE2023,,Fase 4 (9° ano),6.971266667,2009-05-01 00:00:00,,Aluno-1181,,7.5,0.0,Agata,Fase 4 (9° ano)
RA-1182,FASE 4,4C,,,,Feminino,2023,Escola Pública,,7.5,6.3,2.52,4.2,5.3,2.0,5.2,,,7.2125,5.0,,,PEDE2023,,Fase 6 (2° EM),5.709808333,2007-11-02 00:00:00,,Aluno-1182,,6.71875,-2.0,Quartzo,Fase 6 (2° EM)
RA-205,FASE 4,4C,,,,Masculino,2020,Escola Pública,5.372,9.6,7.6,4.38,6.6,7.0,5.5,7.3,,,7.09,5.0,,,PEDE2023,,Fase 5 (1° EM),6.857625,2008-07-03 00:00:00,,Aluno-205,,7.03125,-1.0,Agata,Fase 5 (1° EM)
RA-1183,FASE 4,4C,,,14.0,Masculino,2023,Escola Pública,,7.5,8.7,2.52,5.3,6.0,4.0,6.0,,,6.7575,5.0,,,PEDE2023,15.0,Fase 5 (1° EM),6.269541667,11/24/2007,,Aluno-1183,,6.09375,-1.0,Agata,Fase 5 (1° EM)
RA-237,FASE 4,4F,,,14.0,Feminino,2022,Escola Privada,8.084,8.3,9.5,2.52,6.7,7.7,7.0,5.5,,,8.96,5.0,,,PEDE2023,15.0,Fase 5 (1° EM),7.436566667,6/25/2008,,Aluno-237,,8.125,-1.0,Ametista,Fase 5 (1° EM)
RA-147,FASE 4,4F,,,14.0,Feminino,2022,Escola Pública,7.541,0.0,7.0,5.63,4.5,5.0,6.0,2.5,,,7.46,5.0,,,PEDE2023,15.0,Fase 5 (1° EM),5.5425,3/19/2008,,Aluno-147,,6.875,-1.0,Quartzo,Fase 5 (1° EM)
RA-240,FASE 4,4F,,,,Feminino,2017,Escola Privada,6.943,7.1,6.7,2.52,4.8,7.0,3.3,4.2,,,6.9175,10.0,,,PEDE2023,,Fase 4 (9° ano),6.337966667,2009-08-01 00:00:00,,Aluno-240,,6.875,0.0,Agata,Fase 4 (9° ano)
RA-1184,FASE 4,4F,,,,Masculino,2023,Escola Pública,,8.3,8.3,5.0,7.3,8.0,5.5,8.5,,,8.045,5.0,,,PEDE2023,,Fase 6 (2° EM),7.381566667,2007-09-08 00:00:00,,Aluno-1184,,8.125,-2.0,Ametista,Fase 6 (2° EM)
RA-241,FASE 4,4F,,,,Masculino,2016,Escola Privada,8.468,0.0,9.9,2.52,7.5,9.3,7.0,6.2,,,9.545,5.0,,,PEDE2023,,Fase 5 (1° EM),7.016,2008-06-10 00:00:00,,Aluno-241,,8.75,-1.0,Ametista,Fase 5 (1° EM)
RA-242,FASE 4,4F,,,13.0,Masculino,2018,Escola Privada,8.673,7.1,9.7,2.52,7.9,9.3,7.3,7.2,,,9.3775,10.0,,,PEDE2023,14.0,Fase 4 (9° ano),8.221841667,2/26/2009,,Aluno-242,,8.59375,0.0,Topázio,Fase 4 (9° ano)
RA-138,FASE 4,4F,,,15.0,Masculino,2016,Escola Pública,6.738,10.0,7.9,6.26,4.3,4.0,3.7,5.2,,,7.4175,5.0,,,PEDE2023,16.0,Fase 6 (2° EM),6.784075,3/16/2007,,Aluno-138,,7.34375,-2.0,Agata,Fase 6 (2° EM)
RA-244,FASE 4,4F,,,12.0,Feminino,2018,Escola Privada,8.51,0.0,8.8,2.52,7.3,7.0,8.0,6.8,,,8.8325,10.0,,,PEDE2023,13.0,Fase 3 (7° e 8° ano),7.044333333,3/30/2010,,Aluno-244,,8.125,1.0,Ametista,Fase 3 (7° e 8° ano)
RA-245,FASE 4,4F,,,,Masculino,2016,Escola Privada,8.656,0.0,10.0,2.52,8.1,9.3,7.8,7.3,,,9.5875,5.0,,,PEDE2023,,Fase 5 (1° EM),7.171166667,2008-06-10 00:00:00,,Aluno-245,,8.75,-1.0,Ametista,Fase 5 (1° EM)
RA-246,FASE 4,4F,,,,Masculino,2022,Escola Privada,8.639,8.8,9.9,4.39,6.8,7.7,7.0,5.8,,,8.9175,10.0,,,PEDE2023,,Fase 4 (9° ano),8.256766667,2009-08-04 00:00:00,,Aluno-246,,8.125,0.0,Topázio,Fase 4 (9° ano)
RA-141,FASE 4,4F,,,14.0,Masculino,2017,Escola Pública,7.118,9.6,8.4,5.63,4.5,6.0,5.3,2.3,,,7.0425,5.0,,,PEDE2023,15.0,Fase 5 (1° EM),6.719791667,5/28/2008,,Aluno-141,,7.03125,-1.0,Agata,Fase 5 (1° EM)
RA-239,FASE 4,4G,,,15.0,Feminino,2021,Escola Pública,4.572,0.0,8.4,5.0,7.0,6.0,7.2,7.7,,,7.6275,5.0,,,PEDE2023,16.0,Fase 6 (2° EM),6.411333333,5/22/2007,,Aluno-239,,8.125,-2.0,Agata,Fase 6 (2° EM)
RA-1185,FASE 4,4G,,,,Feminino,2023,Escola Pública,,7.5,9.1,5.0,7.5,6.7,6.3,9.5,,,8.3775,10.0,,,PEDE2023,,Fase 3 (7° e 8° ano),8.02675,2010-11-05 00:00:00,,Aluno-1185,,7.8125,1.0,Topázio,Fase 3 (7° e 8° ano)
RA-262,FASE 4,4G,,,,Masculino,2021,Escola Privada,4.786,0.0,3.7,5.0,3.8,5.0,3.3,3.0,,,6.05,5.0,,,PEDE2023,,Fase 6 (2° EM),4.406458333,2007-06-07 00:00:00,,Aluno-262,,7.03125,-2.0,Quartzo,Fase 6 (2° EM)
RA-1186,FASE 4,4G,,,,Feminino,2023,Escola Pública,,8.8,9.8,6.89,5.5,6.7,5.2,4.5,,,7.3825,5.0,,,PEDE2023,,Fase 6 (2° EM),7.281433333,2007-08-01 00:00:00,,Aluno-1186,,6.875,-2.0,Ametista,Fase 6 (2° EM)
RA-397,FASE 4,4G,,,14.0,Feminino,2017,Escola Pública,5.852,7.5,7.9,2.52,4.6,6.7,5.0,2.0,,,7.465,5.0,,,PEDE2023,15.0,Fase 5 (1° EM),6.207083333,5/13/2008,,Aluno-397,,7.1875,-1.0,Agata,Fase 5 (1° EM)
RA-1187,FASE 4,4G,,,12.0,Feminino,2023,Escola Pública,,8.8,6.9,2.52,5.3,4.7,5.0,6.2,,,6.715,10.0,,,PEDE2023,13.0,Fase 3 (7° e 8° ano),6.644475,2/19/2010,,Aluno-1187,,7.34375,1.0,Agata,Fase 3 (7° e 8° ano)
RA-145,FASE 4,4H,,,16.0,Masculino,2017,Escola Pública,5.846,7.9,9.0,,6.2,5.3,6.0,7.2,,,7.4625,2.5,,,PEDE2023,17.0,Fase 7 (3° EM),,7/27/2006,,Aluno-145,,7.96875,-3.0,,Fase 7 (3° EM)
RA-1188,FASE 4,4H,,,14.0,Feminino,2023,Escola Pública,,9.6,9.4,,6.4,6.5,7.5,5.2,,,7.5875,5.0,,,PEDE2023,15.0,Fase 5 (1° EM),,1/13/2008,,Aluno-1188,,7.8125,-1.0,,Fase 5 (1° EM)
RA-265,FASE 4,4H,,,13.0,Masculino,2019,Escola Pública,7.926,8.3,8.7,,7.0,7.3,6.8,6.8,,,7.88,10.0,,,PEDE2023,14.0,Fase 4 (9° ano),,8/26/2009,,Aluno-265,,7.96875,0.0,,Fase 4 (9° ano)
RA-254,FASE 4,4H,,,14.0,Masculino,2019,Escola Pública,6.715,9.6,8.8,,5.9,5.7,5.7,6.2,,,7.71,5.0,,,PEDE2023,15.0,Fase 5 (1° EM),,3/26/2008,,Aluno-254,,7.8125,-1.0,,Fase 5 (1° EM)
RA-267,FASE 4,4H,,,15.0,Feminino,2016,Escola Pública,6.012,7.9,7.7,,2.7,2.7,4.0,1.3,,,6.505,5.0,,,PEDE2023,16.0,Fase 6 (2° EM),,1/19/2007,,Aluno-267,,4.6875,-2.0,,Fase 6 (2° EM)
RA-1189,FASE 4,4H,,,,Feminino,2023,Escola Pública,,8.8,9.0,,6.1,6.3,5.7,6.2,,,7.3775,5.0,,,PEDE2023,,Fase 5 (1° EM),,2008-05-04 00:00:00,,Aluno-1189,,7.8125,-1.0,,Fase 5 (1° EM)
RA-295,FASE 4,4L,,,14.0,Feminino,2022,Escola Pública,7.305,8.8,8.8,2.52,7.7,7.3,7.2,8.7,,,9.005,5.0,,,PEDE2023,15.0,Fase 5 (1° EM),7.641016667,2/28/2008,,Aluno-295,,9.0625,-1.0,Ametista,Fase 5 (1° EM)
RA-269,FASE 4,4L,,,13.0,Masculino,2022,Escola Pública,8.231,9.6,9.0,2.52,7.4,8.0,7.3,7.0,,,8.7975,10.0,,,PEDE2023,14.0,Fase 4 (9° ano),8.116041667,3/28/2009,,Aluno-269,,8.59375,0.0,Topázio,Fase 4 (9° ano)
RA-313,FASE 4,4L,,,13.0,Feminino,2022,Escola Pública,5.8,9.2,8.7,2.52,3.9,4.0,2.8,5.0,,,7.75,10.0,,,PEDE2023,14.0,Fase 4 (9° ano),7.011091667,11/18/2008,,Aluno-313,,7.65625,0.0,Ametista,Fase 4 (9° ano)
RA-1190,FASE 4,4L,,,,Masculino,2023,Escola Pública,,0.0,9.2,5.0,4.2,3.0,4.2,5.5,,,7.045,10.0,,,PEDE2023,,Fase 4 (9° ano),6.330041667,2009-03-02 00:00:00,,Aluno-1190,,7.34375,0.0,Agata,Fase 4 (9° ano)
RA-301,FASE 4,4L,,,,Feminino,2019,Escola Pública,6.802,9.2,5.4,7.52,5.2,4.7,6.5,4.5,,,6.465,10.0,,,PEDE2023,,Fase 4 (9° ano),6.760341667,2009-11-07 00:00:00,,Aluno-301,,6.71875,0.0,Agata,Fase 4 (9° ano)
RA-286,FASE 4,4L,,,14.0,Feminino,2022,Escola Pública,5.424,0.0,7.5,5.0,4.7,3.7,5.0,5.3,,,7.3375,5.0,,,PEDE2023,15.0,Fase 5 (1° EM),5.713333333,11/20/2007,,Aluno-286,,8.125,-1.0,Quartzo,Fase 5 (1° EM)
RA-1191,FASE 4,4L,,,,Masculino,2023,Escola Pública,,7.5,7.2,5.0,3.7,2.3,2.5,6.2,,,6.26,10.0,,,PEDE2023,,Fase 4 (9° ano),6.175333333,2009-07-01 00:00:00,,Aluno-1191,,5.0,0.0,Agata,Fase 4 (9° ano)
RA-1192,FASE 4,4L,,,14.0,Feminino,2023,Escola Pública,,7.9,8.7,2.52,5.8,4.7,6.0,6.8,,,7.6675,5.0,,,PEDE2023,15.0,Fase 5 (1° EM),6.780741667,11/27/2007,,Aluno-1192,,7.96875,-1.0,Agata,Fase 5 (1° EM)
RA-174,FASE 4,4L,,,15.0,Feminino,2019,Escola Pública,6.075,7.9,5.6,5.0,5.1,3.7,7.3,4.3,,,7.2125,5.0,,,PEDE2023,16.0,Fase 6 (2° EM),6.1242,9/15/2007,,Aluno-174,,7.5,-2.0,Agata,Fase 6 (2° EM)
RA-1193,FASE 4,4L,,,,Feminino,2023,Escola Pública,,0.0,7.8,5.0,4.1,3.7,3.5,5.0,,,7.13,10.0,,,PEDE2023,,Fase 4 (9° ano),6.018083333,2009-03-01 00:00:00,,Aluno-1193,,7.1875,0.0,Agata,Fase 4 (9° ano)
RA-308,FASE 4,4L,,,13.0,Masculino,2019,Escola Pública,6.93,5.4,6.8,5.0,4.9,4.7,5.2,4.7,,,7.5025,10.0,,,PEDE2023,14.0,Fase 4 (9° ano),6.578558333,9/22/2009,,Aluno-308,,7.03125,0.0,Agata,Fase 4 (9° ano)
RA-152,FASE 4,4M,,,15.0,Feminino,2022,Escola Pública,6.712,7.9,7.7,2.52,4.5,4.0,5.0,4.5,,,7.71,5.0,,,PEDE2023,16.0,Fase 6 (2° EM),6.30695,11/30/2006,,Aluno-152,,7.8125,-2.0,Agata,Fase 6 (2° EM)
RA-270,FASE 4,4M,,,13.0,Feminino,2019,Escola Privada,8.226,9.2,9.0,2.52,6.6,7.7,6.2,5.8,,,9.1275,10.0,,,PEDE2023,14.0,Fase 4 (9° ano),7.982633333,2/28/2009,,Aluno-270,,8.75,0.0,Ametista,Fase 4 (9° ano)
RA-271,FASE 4,4M,,,15.0,Feminino,2022,Escola Pública,7.255,0.0,9.3,2.52,5.9,4.3,7.0,6.3,,,7.7125,5.0,,,PEDE2023,16.0,Fase 6 (2° EM),6.140333333,10/16/2007,,Aluno-271,,8.125,-2.0,Agata,Fase 6 (2° EM)
RA-299,FASE 4,4M,,,13.0,Feminino,2019,Escola Privada,7.278,0.0,9.6,2.52,6.1,5.0,7.2,6.2,,,8.005,10.0,,,PEDE2023,14.0,Fase 4 (9° ano),6.796541667,7/28/2009,,Aluno-299,,7.96875,0.0,Agata,Fase 4 (9° ano)
RA-316,FASE 4,4M,,,13.0,Feminino,2022,Escola Pública,7.889,10.0,9.5,7.52,5.7,6.3,5.7,5.0,,,8.96,10.0,,,PEDE2023,14.0,Fase 4 (9° ano),8.436908333,11/20/2008,,Aluno-316,,8.59375,0.0,Topázio,Fase 4 (9° ano)
RA-318,FASE 4,4M,,,14.0,Feminino,2019,Escola Pública,6.527,7.9,8.1,6.26,4.9,5.0,5.0,4.7,,,7.71,5.0,,,PEDE2023,15.0,Fase 5 (1° EM),6.856575,1/30/2008,,Aluno-318,,7.96875,-1.0,Agata,Fase 5 (1° EM)
RA-274,FASE 4,4M,,,11.0,Feminino,2019,Escola Privada,7.946,7.5,9.5,5.63,7.5,7.0,7.7,7.8,,,8.295,10.0,,,PEDE2023,12.0,Fase 3 (7° e 8° ano),8.137625,2/18/2011,,Aluno-274,,7.65625,1.0,Topázio,Fase 3 (7° e 8° ano)
RA-320,FASE 4,4M,,,13.0,Feminino,2022,Escola Pública,7.897,9.2,9.9,7.52,5.5,5.7,6.0,4.7,,,8.96,10.0,,,PEDE2023,14.0,Fase 4 (9° ano),8.393508333,11/20/2008,,Aluno-320,,8.59375,0.0,Topázio,Fase 4 (9° ano)
RA-277,FASE 4,4M,,,,Masculino,2021,Escola Pública,7.411,8.3,9.9,7.52,5.5,5.7,6.0,4.8,,,8.7525,5.0,,,PEDE2023,,Fase 5 (1° EM),7.7284,2008-12-09 00:00:00,,Aluno-277,,8.125,-1.0,Ametista,Fase 5 (1° EM)
RA-278,FASE 4,4M,,,12.0,Masculino,2018,Escola Pública,7.741,0.0,9.8,5.63,5.6,6.0,5.3,5.5,,,8.3775,10.0,,,PEDE2023,13.0,Fase 3 (7° e 8° ano),7.1935,5/17/2010,,Aluno-278,,8.75,1.0,Ametista,Fase 3 (7° e 8° ano)
RA-291,FASE 4,4M,,,13.0,Masculino,2022,Escola Privada,8.122,8.8,8.6,7.52,7.1,8.0,6.5,6.7,,,9.21,10.0,,,PEDE2023,14.0,Fase 4 (9° ano),8.493058333,1/17/2009,,Aluno-291,,8.90625,0.0,Topázio,Fase 4 (9° ano)
RA-306,FASE 4,4M,,,,Feminino,2021,Escola Pública,6.427,0.0,7.9,6.26,4.0,4.7,4.5,2.8,,,7.46,5.0,,,PEDE2023,,Fase 5 (1° EM),5.732375,2008-06-02 00:00:00,,Aluno-306,,7.34375,-1.0,Quartzo,Fase 5 (1° EM)
RA-279,FASE 4,4M,,,13.0,Masculino,2019,Escola Pública,8.815,8.8,10.0,6.27,8.9,9.0,8.5,9.3,,,9.2125,10.0,,,PEDE2023,14.0,Fase 4 (9° ano),9.006266667,8/25/2009,,Aluno-279,,8.75,0.0,Topázio,Fase 4 (9° ano)
RA-280,FASE 4,4M,,,,Feminino,2021,Escola Privada,8.046,6.7,9.5,7.52,6.5,6.3,7.7,5.5,,,8.7125,10.0,,,PEDE2023,,Fase 4 (9° ano),8.189225,2009-04-07 00:00:00,,Aluno-280,,8.28125,0.0,Topázio,Fase 4 (9° ano)
RA-276,FASE 4,4M,,,,Feminino,2017,Escola Privada,5.527,6.3,8.5,2.52,5.5,3.7,4.7,8.0,,,6.585,10.0,,,PEDE2023,,Fase 4 (9° ano),6.690458333,2008-12-11 00:00:00,,Aluno-276,,7.03125,0.0,Agata,Fase 4 (9° ano)
RA-285,FASE 4,4N,,,16.0,Feminino,2020,Escola Pública,5.063,8.3,4.6,2.52,4.7,4.0,6.0,4.0,,,7.13,2.5,,,PEDE2023,17.0,Fase 7 (3° EM),5.380358333,8/18/2006,,Aluno-285,,7.65625,-3.0,Quartzo,Fase 7 (3° EM)
RA-1194,FASE 4,4N,,,12.0,Masculino,2023,Escola Pública,,8.8,9.0,5.0,6.1,6.0,4.2,8.0,,,7.6675,10.0,,,PEDE2023,13.0,Fase 3 (7° e 8° ano),7.671933333,8/21/2010,,Aluno-1194,,7.5,1.0,Ametista,Fase 3 (7° e 8° ano)
RA-287,FASE 4,4N,,,17.0,Feminino,2022,Escola Pública,3.7,0.0,4.8,2.52,3.9,3.0,2.3,6.5,,,5.375,2.5,,,PEDE2023,18.0,Fase 8 (Universitários),3.745541667,7/13/2005,,Aluno-287,,4.21875,-4.0,Quartzo,Fase 8 (Universitários)
RA-319,FASE 4,4N,,,,Masculino,2022,Outros,7.448,9.6,9.2,5.0,7.2,5.7,5.8,10.0,,,8.88,10.0,,,PEDE2023,,Fase 4 (9° ano),8.367208333,2009-07-07 00:00:00,,Aluno-319,,8.59375,0.0,Topázio,Fase 4 (9° ano)
RA-321,FASE 4,4N,,,12.0,Feminino,2022,Escola Pública,7.792,8.3,9.4,2.52,6.2,6.0,5.8,6.7,,,8.42,10.0,,,PEDE2023,13.0,Fase 3 (7° e 8° ano),7.695233333,4/24/2010,,Aluno-321,,8.125,1.0,Ametista,Fase 3 (7° e 8° ano)
RA-1195,FASE 4,4N,,,,Feminino,2022,Escola Pública,,0.0,8.3,2.52,5.4,4.3,4.7,7.3,,,8.0025,2.5,,,PEDE2023,,Fase 7 (3° EM),5.677291667,2006-02-10 00:00:00,,Aluno-1195,,8.28125,-3.0,Quartzo,Fase 7 (3° EM)
RA-159,FASE 4,4N,,,15.0,Feminino,2021,Escola Pública,6.49,7.9,8.1,2.52,6.3,5.0,6.0,7.8,,,7.8775,5.0,,,PEDE2023,16.0,Fase 6 (2° EM),6.805033333,8/28/2007,,Aluno-159,,8.125,-2.0,Agata,Fase 6 (2° EM)
RA-322,FASE 4,4N,,,13.0,Feminino,2022,Escola Pública,6.859,6.7,8.3,2.52,5.3,4.0,5.5,6.3,,,8.045,10.0,,,PEDE2023,14.0,Fase 4 (9° ano),7.037808333,2/28/2009,,Aluno-322,,7.96875,0.0,Ametista,Fase 4 (9° ano)
RA-251,FASE 4,4N,,,,Masculino,2018,Escola Pública,7.022,9.6,8.0,2.52,5.3,5.0,5.5,5.3,,,7.835,5.0,,,PEDE2023,,Fase 5 (1° EM),6.665208333,2007-08-12 00:00:00,,Aluno-251,,7.34375,-1.0,Agata,Fase 5 (1° EM)
RA-116,FASE 5,5A,,,16.0,Feminino,2019,Escola Pública,6.854,6.7,7.6,5.0,4.7,2.3,5.0,6.8,,,7.5475,5.0,,,PEDE2023,17.0,Fase 7 (3° EM),6.433075,8/31/2006,,Aluno-116,,7.96875,-2.0,Agata,Fase 7 (3° EM)
RA-103,FASE 5,5A,,,13.0,Feminino,2020,Escola Privada,8.107,8.3,9.2,5.0,7.1,7.3,6.3,7.7,,,8.09,10.0,,,PEDE2023,14.0,Fase 4 (9° ano),8.0239,5/17/2009,,Aluno-103,,8.125,1.0,Topázio,Fase 4 (9° ano)
RA-42,FASE 5,5A,,,,Masculino,2019,Escola Privada,6.72,8.8,8.6,5.63,5.7,6.3,4.2,6.7,,,6.6675,5.0,,,PEDE2023,,Fase 6 (2° EM),6.794516667,2007-11-03 00:00:00,,Aluno-42,,6.5625,-1.0,Agata,Fase 6 (2° EM)
RA-121,FASE 5,5A,,,,Feminino,2021,Escola Pública,7.245,6.3,8.8,5.0,6.0,5.0,5.7,7.3,,,7.4625,5.0,,,PEDE2023,,Fase 6 (2° EM),6.811875,2006-12-11 00:00:00,,Aluno-121,,7.34375,-1.0,Agata,Fase 6 (2° EM)
RA-106,FASE 5,5A,,,14.0,Feminino,2016,Escola Privada,7.973,7.9,9.1,5.0,7.3,6.7,6.8,8.3,,,7.5075,10.0,,,PEDE2023,15.0,Fase 5 (1° EM),7.769658333,12/23/2007,,Aluno-106,,7.03125,0.0,Ametista,Fase 5 (1° EM)
RA-123,FASE 5,5A,,,16.0,Masculino,2017,Escola Privada,7.084,0.0,9.4,5.0,5.7,5.0,5.3,6.7,,,6.8375,5.0,,,PEDE2023,17.0,Fase 7 (3° EM),6.068333333,7/22/2006,,Aluno-123,,6.875,-2.0,Agata,Fase 7 (3° EM)
RA-46,FASE 5,5A,,,17.0,Feminino,2022,Escola Pública,6.048,7.1,7.4,2.52,4.4,2.8,3.0,7.3,,,6.6275,2.5,,,PEDE2023,18.0,Fase 8 (Universitários),5.545383333,4/16/2005,,Aluno-46,,6.5625,-3.0,Quartzo,Fase 8 (Universitários)
RA-125,FASE 5,5A,,,15.0,Feminino,2022,Escola Privada,7.619,9.2,7.7,5.0,5.8,3.3,5.8,8.2,,,7.835,5.0,,,PEDE2023,16.0,Fase 6 (2° EM),6.989633333,1/21/2007,,Aluno-125,,8.125,-1.0,Agata,Fase 6 (2° EM)
RA-110,FASE 5,5A,,,14.0,Masculino,2017,Escola Privada,8.15,8.3,8.6,5.0,7.5,8.3,6.2,8.0,,,8.2975,10.0,,,PEDE2023,15.0,Fase 5 (1° EM),8.0879,7/19/2008,,Aluno-110,,8.75,0.0,Topázio,Fase 5 (1° EM)
RA-128,FASE 5,5A,,,15.0,Masculino,2019,Escola Privada,5.563,6.7,7.3,5.0,5.7,6.3,4.0,6.7,,,7.5475,5.0,,,PEDE2023,16.0,Fase 6 (2° EM),6.503908333,9/20/2007,,Aluno-128,,7.34375,-1.0,Agata,Fase 6 (2° EM)
RA-143,FASE 5,5A,,,,Masculino,2019,Escola Privada,8.638,8.3,9.6,2.52,6.5,9.2,5.0,5.2,,,8.3375,10.0,,,PEDE2023,,Fase 4 (9° ano),7.794358333,2009-01-08 00:00:00,,Aluno-143,,8.28125,1.0,Ametista,Fase 4 (9° ano)
RA-111,FASE 5,5A,,,13.0,Feminino,2020,Escola Privada,8.646,7.5,8.7,5.0,6.0,6.0,5.2,6.7,,,8.0875,10.0,,,PEDE2023,14.0,Fase 4 (9° ano),7.566458333,6/27/2009,,Aluno-111,,7.65625,1.0,Ametista,Fase 4 (9° ano)
RA-112,FASE 5,5A,,,,Feminino,2016,Escola Privada,7.836,6.7,8.1,5.0,7.4,7.3,6.5,8.3,,,7.9225,5.0,,,PEDE2023,,Fase 6 (2° EM),7.141308333,2007-09-08 00:00:00,,Aluno-112,,7.96875,-1.0,Ametista,Fase 6 (2° EM)
RA-115,FASE 5,5A,,,15.0,Feminino,2019,Escola Pública,5.886,8.8,7.1,5.0,4.2,3.7,3.8,5.2,,,7.215,5.0,,,PEDE2023,16.0,Fase 6 (2° EM),6.319141667,11/18/2006,,Aluno-115,,7.34375,-1.0,Agata,Fase 6 (2° EM)
RA-1196,FASE 5,5B,,,14.0,Masculino,2023,Escola Privada,,0.0,8.2,5.0,7.5,8.0,6.2,8.3,,,8.045,10.0,,,PEDE2023,15.0,Fase 5 (1° EM),7.03025,6/13/2008,,Aluno-1196,,7.8125,0.0,Ametista,Fase 5 (1° EM)
RA-52,FASE 5,5B,,,,Masculino,2018,Escola Privada,7.861,10.0,9.8,2.52,6.4,7.7,4.8,6.7,,,8.2975,10.0,,,PEDE2023,,Fase 4 (9° ano),7.9642,2009-08-02 00:00:00,,Aluno-52,,8.125,1.0,Ametista,Fase 4 (9° ano)
RA-1197,FASE 5,5B,,,15.0,Feminino,2023,Escola Pública,,6.7,8.4,5.0,7.3,5.3,7.2,9.3,,,7.215,5.0,,,PEDE2023,16.0,Fase 6 (2° EM),6.946058333,4/26/2007,,Aluno-1197,,7.03125,-1.0,Agata,Fase 6 (2° EM)
RA-108,FASE 5,5B,,,,Feminino,2019,Outros,5.547,5.8,7.3,2.52,2.9,2.7,3.2,2.8,,,5.59,5.0,,,PEDE2023,,Fase 7 (3° EM),4.9308,2005-04-11 00:00:00,,Aluno-108,,4.375,-2.0,Quartzo,Fase 7 (3° EM)
RA-1198,FASE 5,5B,,,,Feminino,2023,Escola Pública,,8.3,9.4,6.26,6.7,7.3,3.7,9.0,,,7.9625,5.0,,,PEDE2023,,Fase 6 (2° EM),7.515233333,2007-11-08 00:00:00,,Aluno-1198,,7.5,-1.0,Ametista,Fase 6 (2° EM)
RA-127,FASE 5,5B,,,14.0,Feminino,2022,Escola Pública,8.283,8.8,7.8,6.26,6.4,4.7,6.3,8.2,,,8.6725,10.0,,,PEDE2023,15.0,Fase 5 (1° EM),7.91935,7/18/2008,,Aluno-127,,8.4375,0.0,Ametista,Fase 5 (1° EM)
RA-114,FASE 5,5B,,,,Masculino,2022,Escola Pública,5.894,0.0,6.0,3.14,5.6,4.0,4.5,8.3,,,7.255,5.0,,,PEDE2023,,Fase 7 (3° EM),5.335,2006-02-09 00:00:00,,Aluno-114,,7.5,-2.0,Quartzo,Fase 7 (3° EM)
RA-146,FASE 5,5C,,,,Feminino,2022,Escola Pública,7.947,6.2,9.5,5.0,7.9,7.8,5.8,10.0,,,8.2125,5.0,,,PEDE2023,,Fase 6 (2° EM),7.584483333,2007-06-06 00:00:00,,Aluno-146,,8.4375,-1.0,Ametista,Fase 6 (2° EM)
RA-1199,FASE 5,5C,,,,Masculino,2023,Escola Pública,,6.7,9.1,5.0,6.2,6.8,5.0,6.7,,,8.0875,5.0,,,PEDE2023,,Fase 7 (3° EM),7.024933333,2006-11-01 00:00:00,,Aluno-1199,,6.875,-2.0,Ametista,Fase 7 (3° EM)
RA-70,FASE 5,5C,,,16.0,Feminino,2017,Escola Pública,5.712,9.2,9.2,5.0,4.3,3.0,3.5,6.3,,,7.545,5.0,,,PEDE2023,17.0,Fase 7 (3° EM),6.869133333,8/20/2006,,Aluno-70,,7.5,-2.0,Agata,Fase 7 (3° EM)
RA-107,FASE 5,5C,,,14.0,Feminino,2018,Escola Pública,6.258,0.0,8.5,5.0,7.0,6.0,5.2,9.7,,,7.5875,10.0,,,PEDE2023,15.0,Fase 5 (1° EM),6.845208333,11/25/2007,,Aluno-107,,7.34375,0.0,Agata,Fase 5 (1° EM)
RA-1200,FASE 5,5C,,,14.0,Feminino,2023,Escola Pública,,0.0,6.4,5.0,4.0,4.3,2.3,5.5,,,6.8725,10.0,,,PEDE2023,15.0,Fase 5 (1° EM),5.711166667,12/21/2007,,Aluno-1200,,7.5,0.0,Quartzo,Fase 5 (1° EM)
RA-151,FASE 5,5C,,,16.0,Feminino,2020,Escola Pública,7.563,0.0,7.8,7.52,7.9,6.8,7.0,10.0,,,8.1725,5.0,,,PEDE2023,17.0,Fase 7 (3° EM),6.892541667,6/15/2006,,Aluno-151,,8.59375,-2.0,Agata,Fase 7 (3° EM)
RA-85,FASE 5,5C,,,15.0,Masculino,2022,Escola Pública,6.243,8.8,8.9,6.27,5.7,5.8,3.8,7.5,,,7.8425,5.0,,,PEDE2023,16.0,Fase 6 (2° EM),7.08435,2/13/2007,,Aluno-85,,5.9375,-1.0,Ametista,Fase 6 (2° EM)
RA-1201,FASE 5,5C,,,14.0,Masculino,2023,Escola Pública,,9.2,9.6,3.77,7.8,8.3,6.5,8.5,,,8.7575,10.0,,,PEDE2023,15.0,Fase 5 (1° EM),8.378008333,2/18/2008,,Aluno-1201,,8.59375,0.0,Topázio,Fase 5 (1° EM)
RA-131,FASE 5,5F,,,15.0,Feminino,2016,Escola Pública,7.174,8.3,7.8,5.0,2.2,0.0,3.0,3.5,,,6.8,5.0,,,PEDE2023,16.0,Fase 6 (2° EM),5.952358333,2/15/2007,,Aluno-131,,7.65625,-1.0,Quartzo,Fase 6 (2° EM)
RA-132,FASE 5,5F,,,14.0,Feminino,2019,Escola Privada,8.355,7.5,8.7,2.52,6.5,6.3,6.5,6.7,,,7.715,10.0,,,PEDE2023,15.0,Fase 5 (1° EM),7.350625,3/28/2008,,Aluno-132,,7.65625,0.0,Ametista,Fase 5 (1° EM)
RA-133,FASE 5,5F,,,15.0,Feminino,2016,Escola Pública,6.875,7.5,7.9,2.52,5.3,5.0,4.3,6.7,,,6.505,5.0,,,PEDE2023,16.0,Fase 6 (2° EM),6.168416667,4/27/2007,,Aluno-133,,7.1875,-1.0,Agata,Fase 6 (2° EM)
RA-104,FASE 5,5F,,,,Masculino,2022,Escola Pública,6.315,0.0,7.7,2.52,2.6,3.7,1.8,2.3,,,5.6275,2.5,,,PEDE2023,,Fase 8 (Universitários),4.25,2004-06-08 00:00:00,,Aluno-104,,5.625,-3.0,Quartzo,Fase 8 (Universitários)
RA-137,FASE 5,5F,,,16.0,Feminino,2016,Escola Privada,7.056,7.1,6.3,2.52,6.0,7.3,4.5,6.2,,,6.88,5.0,,,PEDE2023,17.0,Fase 7 (3° EM),5.937025,12/29/2005,,Aluno-137,,6.40625,-2.0,Quartzo,Fase 7 (3° EM)
RA-144,FASE 5,5F,,,13.0,Feminino,2017,Escola Privada,8.181,0.0,5.2,2.52,4.4,3.3,2.5,7.3,,,6.0,10.0,,,PEDE2023,14.0,Fase 4 (9° ano),4.990333333,12/23/2008,,Aluno-144,,6.25,1.0,Quartzo,Fase 4 (9° ano)
RA-1202,FASE 5,5F,,,15.0,Feminino,2023,Escola Pública,,7.1,7.6,7.52,3.3,4.5,3.3,2.0,,,6.67,5.0,,,PEDE2023,16.0,Fase 6 (2° EM),6.202008333,2/28/2007,,Aluno-1202,,7.34375,-1.0,Agata,Fase 6 (2° EM)
RA-90,FASE 5,5L,,,13.0,Feminino,2019,Escola Privada,9.442,10.0,9.6,7.52,7.7,6.7,6.8,9.5,,,8.1725,10.0,,,PEDE2023,14.0,Fase 4 (9° ano),8.699408333,2/25/2009,,Aluno-90,,8.59375,1.0,Topázio,Fase 4 (9° ano)
RA-167,FASE 5,5L,,,,Feminino,2018,Escola Privada,7.798,8.8,9.9,5.0,7.9,8.3,7.2,8.3,,,7.8375,5.0,,,PEDE2023,,Fase 7 (3° EM),7.806141667,2006-10-08 00:00:00,,Aluno-167,,7.96875,-2.0,Ametista,Fase 7 (3° EM)
RA-168,FASE 5,5L,,,14.0,Feminino,2018,Escola Privada,6.917,0.0,9.6,6.89,4.7,4.3,3.0,6.7,,,6.4225,10.0,,,PEDE2023,15.0,Fase 5 (1° EM),6.483083333,11/15/2007,,Aluno-168,,6.5625,0.0,Agata,Fase 5 (1° EM)
RA-1203,FASE 5,5L,,,,Feminino,2023,Escola Pública,,9.2,10.0,2.52,7.2,6.7,5.8,9.2,,,7.8775,5.0,,,PEDE2023,,Fase 6 (2° EM),7.487841667,2007-04-10 00:00:00,,Aluno-1203,,7.96875,-1.0,Ametista,Fase 6 (2° EM)
RA-155,FASE 5,5L,,,16.0,Masculino,2022,Escola Pública,7.051,7.9,8.1,5.0,4.4,5.3,2.8,5.2,,,6.5875,5.0,,,PEDE2023,17.0,Fase 7 (3° EM),6.318991667,6/18/2006,,Aluno-155,,7.03125,-2.0,Agata,Fase 7 (3° EM)
RA-94,FASE 5,5L,,,,Feminino,2018,Escola Privada,8.921,7.5,9.6,2.52,7.2,7.7,4.8,9.0,,,7.795,5.0,,,PEDE2023,,Fase 6 (2° EM),7.289333333,2007-01-07 00:00:00,,Aluno-94,,8.75,-1.0,Ametista,Fase 6 (2° EM)
RA-81,FASE 5,5L,,,14.0,Feminino,2017,Escola Privada,7.675,9.6,8.8,2.52,6.3,8.7,4.7,5.5,,,7.2125,10.0,,,PEDE2023,15.0,Fase 5 (1° EM),7.45425,3/22/2008,,Aluno-81,,7.8125,0.0,Ametista,Fase 5 (1° EM)
RA-302,FASE 5,5L,,,16.0,Masculino,2022,Escola Pública,6.334,0.0,7.3,5.0,4.3,4.7,2.3,5.8,,,6.255,5.0,,,PEDE2023,17.0,Fase 7 (3° EM),5.314333333,2/18/2006,,Aluno-302,,7.5,-2.0,Quartzo,Fase 7 (3° EM)
RA-171,FASE 5,5L,,,16.0,Masculino,2022,Escola Pública,6.581,7.5,7.2,5.0,5.2,4.5,4.8,6.2,,,6.755,5.0,,,PEDE2023,17.0,Fase 7 (3° EM),6.293083333,9/16/2006,,Aluno-171,,7.1875,-2.0,Agata,Fase 7 (3° EM)
RA-160,FASE 5,5L,,,15.0,Feminino,2021,Escola Privada,6.746,8.8,8.3,2.52,5.0,3.3,3.8,8.0,,,7.46,5.0,,,PEDE2023,16.0,Fase 6 (2° EM),6.598266667,9/21/2007,,Aluno-160,,8.125,-1.0,Agata,Fase 6 (2° EM)
RA-1204,FASE 5,5L,,,15.0,Masculino,2023,Escola Pública,,7.5,8.7,5.0,6.1,5.0,3.7,9.7,,,7.2125,5.0,,,PEDE2023,16.0,Fase 6 (2° EM),6.940416667,4/16/2007,,Aluno-1204,,7.8125,-1.0,Agata,Fase 6 (2° EM)
RA-1205,FASE 5,5L,,,17.0,Feminino,2023,Escola Pública,,9.2,9.2,6.26,5.0,5.2,3.7,6.2,,,7.085,2.5,,,PEDE2023,18.0,Fase 8 (Universitários),6.806466667,5/13/2005,,Aluno-1205,,7.5,-3.0,Agata,Fase 8 (Universitários)
RA-173,FASE 5,5L,,,16.0,Masculino,2019,Escola Privada,7.816,9.2,8.5,6.26,8.1,9.0,6.2,9.2,,,7.8775,5.0,,,PEDE2023,17.0,Fase 7 (3° EM),7.757466667,11/16/2005,,Aluno-173,,8.125,-2.0,Ametista,Fase 7 (3° EM)
RA-166,FASE 5,5L,,,,Masculino,2020,Escola Privada,8.253,7.5,8.9,6.26,8.1,7.0,7.2,10.0,,,7.4625,10.0,,,PEDE2023,,Fase 5 (1° EM),8.105583333,2008-03-06 00:00:00,,Aluno-166,,8.4375,0.0,Topázio,Fase 5 (1° EM)
RA-175,FASE 5,5L,,,,Feminino,2018,Escola Privada,6.75,8.8,9.2,2.52,4.8,5.0,5.0,4.5,,,7.085,5.0,,,PEDE2023,,Fase 6 (2° EM),6.569516667,2007-04-03 00:00:00,,Aluno-175,,7.1875,-1.0,Agata,Fase 6 (2° EM)
RA-153,FASE 5,5M,,,14.0,Feminino,2018,Escola Privada,7.535,9.2,7.4,2.52,6.4,6.0,5.3,8.0,,,7.71,10.0,,,PEDE2023,15.0,Fase 5 (1° EM),7.289966667,8/15/2008,,Aluno-153,,8.125,0.0,Ametista,Fase 5 (1° EM)
RA-1206,FASE 5,5M,,,16.0,Feminino,2023,Escola Pública,,8.8,8.3,2.52,5.6,4.7,3.7,8.3,,,7.7125,5.0,,,PEDE2023,17.0,Fase 7 (3° EM),6.724183333,5/17/2006,,Aluno-1206,,7.8125,-2.0,Agata,Fase 7 (3° EM)
RA-157,FASE 5,5M,,,12.0,Feminino,2018,Escola Privada,8.317,7.1,9.9,2.52,6.8,6.0,6.8,7.5,,,8.63,10.0,,,PEDE2023,13.0,Fase 3 (7° e 8° ano),7.879008333,3/13/2010,,Aluno-157,,8.59375,2.0,Ametista,Fase 3 (7° e 8° ano)
RA-1207,FASE 5,5M,,,,Feminino,2023,Escola Pública,,8.8,9.0,5.0,5.5,5.0,4.0,7.5,,,7.63,10.0,,,PEDE2023,,Fase 5 (1° EM),7.58235,2008-12-02 00:00:00,,Aluno-1207,,7.8125,0.0,Ametista,Fase 5 (1° EM)
RA-1208,FASE 5,5M,,,14.0,Masculino,2023,Escola Pública,,8.8,8.8,2.52,6.2,5.0,4.8,8.8,,,6.2525,10.0,,,PEDE2023,15.0,Fase 5 (1° EM),7.0651,2/29/2008,,Aluno-1208,,6.875,0.0,Ametista,Fase 5 (1° EM)
RA-1209,FASE 5,5M,,,15.0,Feminino,2023,Escola Pública,,7.5,9.4,5.0,7.4,7.7,5.7,8.8,,,7.7125,5.0,,,PEDE2023,16.0,Fase 6 (2° EM),7.43375,10/23/2007,,Aluno-1209,,7.8125,-1.0,Ametista,Fase 6 (2° EM)
RA-158,FASE 5,5M,,,,Feminino,2017,Escola Privada,7.302,7.1,9.0,2.52,6.0,6.0,5.7,6.3,,,7.545,10.0,,,PEDE2023,,Fase 4 (9° ano),7.297425,2009-05-01 00:00:00,,Aluno-158,,8.28125,1.0,Ametista,Fase 4 (9° ano)
RA-161,FASE 5,5M,,,13.0,Feminino,2018,Escola Privada,7.957,0.0,7.3,2.52,5.8,7.0,4.5,6.0,,,7.795,10.0,,,PEDE2023,14.0,Fase 4 (9° ano),6.250166667,5/29/2009,,Aluno-161,,8.125,1.0,Agata,Fase 4 (9° ano)
RA-164,FASE 5,5M,,,15.0,Masculino,2018,Escola Privada,6.776,0.0,8.2,2.52,5.8,6.0,4.2,7.3,,,6.9625,5.0,,,PEDE2023,16.0,Fase 6 (2° EM),5.638666667,12/29/2006,,Aluno-164,,6.875,-1.0,Quartzo,Fase 6 (2° EM)
RA-1210,FASE 5,5M,,,15.0,Feminino,2023,Escola Pública,,9.6,9.4,5.0,4.7,5.0,2.0,7.0,,,8.09,5.0,,,PEDE2023,16.0,Fase 6 (2° EM),7.171083333,10/20/2007,,Aluno-1210,,7.8125,-1.0,Ametista,Fase 6 (2° EM)
RA-165,FASE 5,5M,,,,Feminino,2017,Escola Privada,8.063,6.7,9.2,2.52,7.3,7.3,6.2,8.3,,,7.795,10.0,,,PEDE2023,,Fase 5 (1° EM),7.583433333,2008-02-08 00:00:00,,Aluno-165,,8.125,0.0,Ametista,Fase 5 (1° EM)
RA-1211,FASE 5,5M,,,15.0,Feminino,2023,Escola Pública,,7.1,9.1,5.0,6.2,6.3,4.5,7.8,,,7.7125,5.0,,,PEDE2023,16.0,Fase 6 (2° EM),7.09205,7/24/2007,,Aluno-1211,,7.8125,-1.0,Ametista,Fase 6 (2° EM)
RA-1212,FASE 5,5M,,,15.0,Feminino,2023,Escola Pública,,8.3,8.9,5.0,4.2,0.0,3.5,9.0,,,7.715,5.0,,,PEDE2023,16.0,Fase 6 (2° EM),6.755358333,7/20/2007,,Aluno-1212,,7.65625,-1.0,Agata,Fase 6 (2° EM)
RA-1213,FASE 5,5M,,,,Feminino,2023,Escola Pública,,0.0,8.4,2.52,6.0,6.7,4.8,6.5,,,7.715,5.0,,,PEDE2023,,Fase 7 (3° EM),5.95625,2006-03-07 00:00:00,,Aluno-1213,,7.8125,-2.0,Quartzo,Fase 7 (3° EM)
RA-40,FASE 6,6A,,,16.0,Feminino,2016,Escola Privada,7.203,7.5,8.2,7.52,5.9,6.2,5.7,5.8,,,7.755,5.0,,,PEDE2023,17.0,Fase 7 (3° EM),7.169975,8/28/2006,,Aluno-40,,7.96875,-1.0,Ametista,Fase 7 (3° EM)
RA-1214,FASE 6,6A,,,15.0,Masculino,2023,Escola Pública,,9.6,9.8,6.89,7.4,8.0,5.0,9.3,,,7.6725,10.0,,,PEDE2023,16.0,Fase 6 (2° EM),8.378666667,2/28/2007,,Aluno-1214,,7.5,0.0,Topázio,Fase 6 (2° EM)
RA-71,FASE 6,6A,,,,Feminino,2019,Escola Pública,4.332,6.7,9.8,6.26,6.6,7.3,5.5,7.0,,,7.7125,5.0,,,PEDE2023,,Fase 8 (Universitários),7.3651,2005-11-04 00:00:00,,Aluno-71,,7.5,-2.0,Ametista,Fase 8 (Universitários)
RA-53,FASE 6,6A,,,17.0,Masculino,2022,Outros,6.725,9.2,9.1,5.63,7.7,7.3,6.5,9.2,,,7.5875,5.0,,,PEDE2023,18.0,Fase 8 (Universitários),7.600633333,4/13/2005,,Aluno-53,,7.5,-2.0,Ametista,Fase 8 (Universitários)
RA-43,FASE 6,6A,,,16.0,Feminino,2019,Escola Pública,5.486,7.9,6.7,5.63,5.0,4.0,5.0,6.0,,,7.5875,5.0,,,PEDE2023,17.0,Fase 7 (3° EM),6.4622,6/27/2006,,Aluno-43,,7.5,-1.0,Agata,Fase 7 (3° EM)
RA-55,FASE 6,6A,,,,Feminino,2017,Escola Pública,6.576,7.9,8.1,3.14,7.1,8.7,6.5,6.0,,,7.545,5.0,,,PEDE2023,,Fase 7 (3° EM),6.898033333,2006-07-10 00:00:00,,Aluno-55,,7.5,-1.0,Agata,Fase 7 (3° EM)
RA-44,FASE 6,6A,,,,Feminino,2021,Escola Pública,5.542,0.0,8.5,5.01,6.9,7.3,5.8,7.5,,,7.17,5.0,,,PEDE2023,,Fase 8 (Universitários),6.258333333,2005-11-09 00:00:00,,Aluno-44,,7.5,-2.0,Agata,Fase 8 (Universitários)
RA-1215,FASE 6,6A,,,15.0,Feminino,2023,Escola Pública,,7.1,5.6,5.0,4.1,5.0,2.7,4.7,,,7.1725,10.0,,,PEDE2023,16.0,Fase 6 (2° EM),6.339466667,6/13/2007,,Aluno-1215,,7.5,0.0,Agata,Fase 6 (2° EM)
RA-45,FASE 6,6A,,,,Feminino,2019,Escola Privada,7.591,7.1,9.6,6.26,7.9,7.8,6.3,9.7,,,8.1725,10.0,,,PEDE2023,,Fase 6 (2° EM),8.303591667,2007-04-04 00:00:00,,Aluno-45,,8.28125,0.0,Topázio,Fase 6 (2° EM)
RA-56,FASE 6,6A,,,15.0,Feminino,2019,Escola Privada,8.404,9.6,9.5,5.0,7.8,7.8,5.5,10.0,,,7.8,10.0,,,PEDE2023,16.0,Fase 6 (2° EM),8.284333333,5/16/2007,,Aluno-56,,8.125,0.0,Topázio,Fase 6 (2° EM)
RA-57,FASE 6,6A,,,,Masculino,2017,Escola Privada,7.305,0.0,8.0,5.63,7.2,7.8,6.8,7.0,,,7.755,5.0,,,PEDE2023,,Fase 7 (3° EM),6.450875,2006-09-07 00:00:00,,Aluno-57,,7.96875,-1.0,Agata,Fase 7 (3° EM)
RA-58,FASE 6,6A,,,,Masculino,2017,Escola Privada,8.136,0.0,9.7,6.26,8.1,7.8,6.5,10.0,,,8.3825,10.0,,,PEDE2023,,Fase 6 (2° EM),7.70625,2007-03-05 00:00:00,,Aluno-58,,8.4375,0.0,Ametista,Fase 6 (2° EM)
RA-59,FASE 6,6A,,,,Masculino,2022,Escola Privada,7.642,7.5,9.6,5.63,7.2,7.7,6.8,7.2,,,8.4225,5.0,,,PEDE2023,,Fase 8 (Universitários),7.692291667,2005-11-10 00:00:00,,Aluno-59,,8.28125,-2.0,Ametista,Fase 8 (Universitários)
RA-1216,FASE 6,6A,,,18.0,Feminino,2023,Outros,,9.6,9.0,5.63,7.9,8.7,5.3,9.7,,,7.795,5.0,,,PEDE2023,19.0,Fase 8 (Universitários),7.7105,3/15/2004,,Aluno-1216,,7.5,-2.0,Ametista,Fase 8 (Universitários)
RA-78,FASE 6,6A,,,,Feminino,2018,Escola Privada,7.04,0.0,7.7,6.26,6.7,8.5,4.8,6.8,,,8.0025,5.0,,,PEDE2023,,Fase 8 (Universitários),6.434625,2005-03-09 00:00:00,,Aluno-78,,8.28125,-2.0,Agata,Fase 8 (Universitários)
RA-79,FASE 6,6A,,,,Feminino,2018,Escola Privada,6.847,5.8,6.2,5.0,7.6,6.0,7.7,9.0,,,7.59,5.0,,,PEDE2023,,Fase 7 (3° EM),6.635883333,2006-08-10 00:00:00,,Aluno-79,,7.8125,-1.0,Agata,Fase 7 (3° EM)
RA-61,FASE 6,6A,,,15.0,Masculino,2021,Escola Pública,7.533,8.3,7.0,6.26,6.2,6.7,4.3,7.5,,,7.4625,10.0,,,PEDE2023,16.0,Fase 6 (2° EM),7.382108333,3/20/2007,,Aluno-61,,7.96875,0.0,Ametista,Fase 6 (2° EM)
RA-63,FASE 6,6A,,,,Masculino,2018,Escola Pública,8.282,6.7,9.0,6.89,8.7,9.3,7.3,9.5,,,8.9675,5.0,,,PEDE2023,,Fase 7 (3° EM),8.0641,2006-07-10 00:00:00,,Aluno-63,,8.75,-1.0,Topázio,Fase 7 (3° EM)
RA-64,FASE 6,6A,,,,Feminino,2019,Escola Privada,7.368,7.5,9.2,6.89,6.7,7.0,6.0,7.2,,,7.9625,5.0,,,PEDE2023,,Fase 7 (3° EM),7.452541667,2006-06-07 00:00:00,,Aluno-64,,7.34375,-1.0,Ametista,Fase 7 (3° EM)
RA-48,FASE 6,6A,,,15.0,Feminino,2017,Escola Privada,8.006,6.7,8.4,6.26,7.7,8.3,5.7,9.0,,,7.6275,10.0,,,PEDE2023,16.0,Fase 6 (2° EM),7.797058333,5/21/2007,,Aluno-48,,7.65625,0.0,Ametista,Fase 6 (2° EM)
RA-109,FASE 6,6A,,,,Masculino,2021,Escola Privada,8.512,8.3,9.9,7.52,8.3,7.0,8.2,9.7,,,8.59,5.0,,,PEDE2023,,Fase 7 (3° EM),8.3184,2006-07-10 00:00:00,,Aluno-109,,8.75,-1.0,Topázio,Fase 7 (3° EM)
RA-80,FASE 6,6L,,,,Feminino,2017,Escola Privada,7.29,8.3,8.4,6.89,6.3,8.2,5.7,5.0,,,7.465,5.0,,,PEDE2023,,Fase 7 (3° EM),7.252275,2006-05-07 00:00:00,,Aluno-80,,7.96875,-1.0,Ametista,Fase 7 (3° EM)
RA-91,FASE 6,6L,,,,Feminino,2016,Escola Privada,6.645,10.0,7.4,6.89,7.4,9.5,5.0,7.7,,,7.4675,5.0,,,PEDE2023,,Fase 7 (3° EM),7.42395,2006-10-10 00:00:00,,Aluno-91,,7.8125,-1.0,Ametista,Fase 7 (3° EM)
RA-1217,FASE 6,6L,,,16.0,Feminino,2023,Escola Pública,,0.0,7.9,5.63,5.9,7.0,4.0,6.7,,,7.38,5.0,,,PEDE2023,17.0,Fase 7 (3° EM),6.064625,3/31/2006,,Aluno-1217,,7.65625,-1.0,Agata,Fase 7 (3° EM)
RA-92,FASE 6,6L,,,,Feminino,2016,Escola Privada,6.957,9.6,9.4,5.63,6.7,8.7,4.8,6.7,,,7.045,5.0,,,PEDE2023,,Fase 7 (3° EM),7.375916667,2006-12-09 00:00:00,,Aluno-92,,7.1875,-1.0,Ametista,Fase 7 (3° EM)
RA-96,FASE 6,6L,,,16.0,Masculino,2021,Escola Privada,7.54,9.6,8.9,7.52,6.4,6.8,4.8,7.7,,,7.84,5.0,,,PEDE2023,17.0,Fase 7 (3° EM),7.610791667,1/21/2006,,Aluno-96,,7.65625,-1.0,Ametista,Fase 7 (3° EM)
RA-1218,FASE 6,6L,,,16.0,Masculino,2023,Escola Pública,,7.5,9.2,5.0,5.3,6.7,3.5,5.7,,,7.1325,5.0,,,PEDE2023,17.0,Fase 7 (3° EM),6.8265,6/20/2006,,Aluno-1218,,7.5,-1.0,Agata,Fase 7 (3° EM)
RA-1219,FASE 6,6L,,,,Feminino,2023,Escola Pública,,8.8,6.5,5.63,6.3,7.2,5.5,6.3,,,7.38,10.0,,,PEDE2023,,Fase 6 (2° EM),7.215141667,2007-03-02 00:00:00,,Aluno-1219,,7.34375,0.0,Ametista,Fase 6 (2° EM)
RA-1220,FASE 6,6L,,,16.0,Feminino,2023,Escola Pública,,0.0,9.0,5.0,6.8,8.8,5.3,6.3,,,7.63,5.0,,,PEDE2023,17.0,Fase 7 (3° EM),6.46725,12/16/2005,,Aluno-1220,,7.8125,-1.0,Agata,Fase 7 (3° EM)
RA-84,FASE 6,6L,,,,Feminino,2018,Escola Privada,6.682,0.0,8.8,2.52,6.0,6.8,5.8,5.5,,,7.6725,5.0,,,PEDE2023,,Fase 8 (Universitários),6.034416667,2005-11-10 00:00:00,,Aluno-84,,7.8125,-2.0,Agata,Fase 8 (Universitários)
RA-99,FASE 6,6L,,,16.0,Masculino,2019,Escola Pública,6.158,7.9,8.3,5.63,4.5,4.7,4.0,4.8,,,7.4225,5.0,,,PEDE2023,17.0,Fase 7 (3° EM),6.68045,4/21/2006,,Aluno-99,,7.8125,-1.0,Agata,Fase 7 (3° EM)
RA-87,FASE 6,6L,,,15.0,Masculino,2021,Escola Privada,8.712,7.5,10.0,5.63,9.3,9.5,8.7,9.7,,,8.385,10.0,,,PEDE2023,16.0,Fase 6 (2° EM),8.6625,9/26/2007,,Aluno-87,,8.125,0.0,Topázio,Fase 6 (2° EM)
RA-89,FASE 6,6L,,,16.0,Masculino,2021,Escola Pública,7.323,8.3,8.1,5.0,5.1,6.3,2.3,6.7,,,7.465,5.0,,,PEDE2023,17.0,Fase 7 (3° EM),6.700775,6/22/2006,,Aluno-89,,7.34375,-1.0,Agata,Fase 7 (3° EM)
RA-1221,FASE 7,7A,,,21.0,Feminino,2023,Outros,,9.2,9.1,6.26,8.7,8.2,8.0,10.0,,,8.09,5.0,,,PEDE2023,22.0,Fase 8 (Universitários),8.027466667,10/15/2001,,Aluno-1221,,8.0,-1.0,Topázio,Fase 8 (Universitários)
RA-27,FASE 7,7A,,,,Masculino,2016,Escola Privada,7.124,6.7,7.7,6.89,6.9,7.0,5.8,8.0,,,8.8825,10.0,,,PEDE2023,,Fase 7 (3° EM),7.921266667,2006-01-05 00:00:00,,Aluno-27,,8.625,0.0,Ametista,Fase 7 (3° EM)
RA-1222,FASE 7,7A,,,,Feminino,2023,Outros,,7.1,10.0,5.63,6.8,5.0,6.5,9.0,,,6.005,5.0,,,PEDE2023,,Fase 8 (Universitários),7.026466667,2003-12-11 00:00:00,,Aluno-1222,,6.875,-1.0,Ametista,Fase 8 (Universitários)
RA-32,FASE 7,7A,,,,Feminino,2018,Escola Privada,7.37,0.0,8.2,3.77,7.9,9.0,5.8,9.0,,,6.8775,10.0,,,PEDE2023,,Fase 7 (3° EM),6.716666667,2006-04-01 00:00:00,,Aluno-32,,7.375,0.0,Agata,Fase 7 (3° EM)
RA-19,FASE 7,7A,,,18.0,Feminino,2022,Outros,7.665,7.9,9.4,5.63,7.8,7.7,7.0,8.8,,,8.1725,5.0,,,PEDE2023,19.0,Fase 8 (Universitários),7.710866667,11/22/2003,,Aluno-19,,7.75,-1.0,Ametista,Fase 8 (Universitários)
RA-62,FASE 7,7A,,,16.0,Feminino,2022,Escola Pública,7.891,0.0,9.8,6.89,7.5,9.3,6.8,6.3,,,8.215,10.0,,,PEDE2023,17.0,Fase 7 (3° EM),7.610333333,12/31/2005,,Aluno-62,,8.25,0.0,Ametista,Fase 7 (3° EM)
RA-1223,FASE 7,7A,,,,Masculino,2023,Escola Pública,,8.8,9.3,5.0,9.0,9.5,8.3,9.3,,,7.2925,10.0,,,PEDE2023,,Fase 7 (3° EM),8.187766667,2006-11-01 00:00:00,,Aluno-1223,,6.875,0.0,Topázio,Fase 7 (3° EM)
RA-38,FASE 7,7A,,,16.0,Feminino,2017,Escola Privada,8.523,9.6,9.7,7.52,7.7,8.2,8.8,6.0,,,8.8825,10.0,,,PEDE2023,17.0,Fase 7 (3° EM),8.835333333,12/23/2005,,Aluno-38,,8.75,0.0,Topázio,Fase 7 (3° EM)
RA-1224,FASE 7,7A,,,,Masculino,2023,Outros,,8.3,9.4,5.0,8.0,8.2,6.3,9.5,,,7.6325,5.0,,,PEDE2023,,Fase 8 (Universitários),7.5524,2003-01-09 00:00:00,,Aluno-1224,,7.125,-1.0,Ametista,Fase 8 (Universitários)
RA-39,FASE 7,7A,,,16.0,Feminino,2017,Escola Privada,6.033,9.6,9.1,7.52,7.8,8.3,7.8,7.2,,,8.7575,10.0,,,PEDE2023,17.0,Fase 7 (3° EM),8.710333333,1/19/2006,,Aluno-39,,8.75,0.0,Topázio,Fase 7 (3° EM)
RA-1225,FASE 7,7E,,,17.0,Feminino,2023,Outros,,7.5,,2.52,,,,,,,,5.0,,,PEDE2023,18.0,Fase 8 (Universitários),,1/29/2005,,Aluno-1225,,,-1.0,,Fase 8 (Universitários)
RA-76,FASE 7,7E,,,14.0,Feminino,2017,Escola Privada,9.105,10.0,,2.52,,,,,,,,10.0,,,PEDE2023,15.0,Fase 5 (1° EM),,12/31/2007,,Aluno-76,,,2.0,,Fase 5 (1° EM)
RA-26,FASE 7,7E,,,,Masculino,2022,Escola Privada,8.677,0.0,,7.52,,,,,,,,5.0,,,PEDE2023,,Fase 8 (Universitários),,2005-11-10 00:00:00,,Aluno-26,,,-1.0,,Fase 8 (Universitários)
RA-1226,FASE 7,7E,,,,Feminino,2023,Escola Privada,,9.2,,7.52,,,,,,,,10.0,,,PEDE2023,,Fase 6 (2° EM),,2007-09-03 00:00:00,,Aluno-1226,,,1.0,,Fase 6 (2° EM)
RA-93,FASE 7,7E,,,15.0,Feminino,2016,Escola Privada,8.941,7.9,,3.14,,,,,,,,10.0,,,PEDE2023,16.0,Fase 6 (2° EM),,8/13/2007,,Aluno-93,,,1.0,,Fase 6 (2° EM)
RA-119,FASE 7,7E,,,14.0,Feminino,2016,Escola Privada,7.501,6.7,,2.52,,,,,,,,10.0,,,PEDE2023,15.0,Fase 5 (1° EM),,6/19/2008,,Aluno-119,,,2.0,,Fase 5 (1° EM)
RA-1227,FASE 7,7E,,,15.0,Feminino,2023,Escola Privada,,9.2,,2.52,,,,,,,,10.0,,,PEDE2023,16.0,Fase 6 (2° EM),,11/15/2006,,Aluno-1227,,,1.0,,Fase 6 (2° EM)
RA-1228,FASE 7,7E,,,16.0,Feminino,2023,Escola Privada,,7.5,,2.52,,,,,,,,10.0,,,PEDE2023,17.0,Fase 7 (3° EM),,5/26/2006,,Aluno-1228,,,0.0,,Fase 7 (3° EM)
RA-1229,FASE 7,7E,,,,Feminino,2023,Escola Privada,,8.3,,7.52,,,,,,,,10.0,,,PEDE2023,,Fase 6 (2° EM),,2006-07-12 00:00:00,,Aluno-1229,,,1.0,,Fase 6 (2° EM)
RA-98,FASE 7,7E,,,14.0,Feminino,2017,Escola Privada,9.354,7.9,,2.52,,,,,,,,10.0,,,PEDE2023,15.0,Fase 5 (1° EM),,11/13/2007,,Aluno-98,,,2.0,,Fase 5 (1° EM)
RA-172,FASE 7,7E,,,14.0,Feminino,2018,Escola Privada,8.673,0.0,,3.77,,,,,,,,10.0,,,PEDE2023,15.0,Fase 5 (1° EM),,1/20/2008,,Aluno-172,,,2.0,,Fase 5 (1° EM)
RA-86,FASE 7,7E,,,,Masculino,2016,Escola Privada,7.566,8.3,,6.89,,,,,,,,10.0,,,PEDE2023,,Fase 7 (3° EM),,2006-04-10 00:00:00,,Aluno-86,,,0.0,,Fase 7 (3° EM)
RA-1230,FASE 7,7E,,,15.0,Feminino,2021,Escola Privada,,0.0,,2.52,,,,,,,,10.0,,,PEDE2023,16.0,Fase 6 (2° EM),,2/27/2007,,Aluno-1230,,,1.0,,Fase 6 (2° EM)
RA-1231,FASE 8,8A,,,21.0,Masculino,2021,Escola Privada,,,,,,,,,,,,10.0,,,PEDE2023,22.0,Fase 8 (Universitários),,9/26/2001,,Aluno-1231,,,0.0,,Fase 8 (Universitários)
RA-1232,FASE 8,8A,,,20.0,Masculino,2021,Escola Privada,,,,,,,,,,,,10.0,,,PEDE2023,21.0,Fase 8 (Universitários),,4/18/2002,,Aluno-1232,,,0.0,,Fase 8 (Universitários)
RA-1233,FASE 8,8A,,,21.0,Feminino,2021,Escola Privada,,,,,,,,,,,,10.0,,,PEDE2023,22.0,Fase 8 (Universitários),,7/30/2001,,Aluno-1233,,,0.0,,Fase 8 (Universitários)
RA-1234,FASE 8,8A,,,,Feminino,2021,Escola Privada,,,,,,,,,,,,10.0,,,PEDE2023,,Fase 8 (Universitários),,2002-03-12 00:00:00,,Aluno-1234,,,0.0,,Fase 8 (Universitários)
RA-1235,FASE 8,8A,,,20.0,Masculino,2021,Escola Privada,,,,,,,,,,,,10.0,,,PEDE2023,21.0,Fase 8 (Universitários),,6/25/2002,,Aluno-1235,,,0.0,,Fase 8 (Universitários)
RA-1236,FASE 8,8A,,,20.0,Feminino,2021,Escola Privada,,,,,,,,,,,,10.0,,,PEDE2023,21.0,Fase 8 (Universitários),,1/16/2002,,Aluno-1236,,,0.0,,Fase 8 (Universitários)
RA-1237,FASE 8,8A,,,,Feminino,2021,Escola Privada,,,,,,,,,,,,10.0,,,PEDE2023,,Fase 8 (Universitários),,2002-03-02 00:00:00,,Aluno-1237,,,0.0,,Fase 8 (Universitários)
RA-1238,FASE 8,8A,,,20.0,Feminino,2021,Escola Privada,,,,,,,,,,,,10.0,,,PEDE2023,21.0,Fase 8 (Universitários),,5/27/2002,,Aluno-1238,,,0.0,,Fase 8 (Universitários)
RA-1239,FASE 8,8B,,,,Feminino,2021,Escola Privada,,,,,,,,,,,,10.0,,,PEDE2023,,Fase 8 (Universitários),,2003-05-05 00:00:00,,Aluno-1239,,,0.0,,Fase 8 (Universitários)
RA-1240,FASE 8,8B,,,19.0,Masculino,2021,Escola Privada,,,,,,,,,,,,10.0,,,PEDE2023,20.0,Fase 8 (Universitários),,3/28/2003,,Aluno-1240,,,0.0,,Fase 8 (Universitários)
RA-1241,FASE 8,8B,,,,Feminino,2021,Escola Privada,,,,,,,,,,,,10.0,,,PEDE2023,,Fase 8 (Universitários),,2003-12-05 00:00:00,,Aluno-1241,,,0.0,,Fase 8 (Universitários)
RA-1242,FASE 8,8B,,,18.0,Feminino,2021,Escola Privada,,,,,,,,,,,,10.0,,,PEDE2023,19.0,Fase 8 (Universitários),,12/17/2003,,Aluno-1242,,,0.0,,Fase 8 (Universitários)
RA-1243,FASE 8,8B,,,,Feminino,2021,Escola Privada,,,,,,,,,,,,10.0,,,PEDE2023,,Fase 8 (Universitários),,2003-04-12 00:00:00,,Aluno-1243,,,0.0,,Fase 8 (Universitários)
RA-1244,FASE 8,8B,,,19.0,Feminino,2021,Escola Privada,,,,,,,,,,,,10.0,,,PEDE2023,20.0,Fase 8 (Universitários),,3/28/2003,,Aluno-1244,,,0.0,,Fase 8 (Universitários)
RA-1245,FASE 8,8B,,,,Masculino,2021,Escola Privada,,,,,,,,,,,,10.0,,,PEDE2023,,Fase 8 (Universitários),,2003-10-10 00:00:00,,Aluno-1245,,,0.0,,Fase 8 (Universitários)
RA-1246,FASE 8,8B,,,19.0,Feminino,2021,Escola Privada,,,,,,,,,,,,10.0,,,PEDE2023,20.0,Fase 8 (Universitários),,5/16/2003,,Aluno-1246,,,0.0,,Fase 8 (Universitários)
RA-1247,FASE 8,8B,,,20.0,Feminino,2021,Escola Privada,,,,,,,,,,,,10.0,,,PEDE2023,21.0,Fase 8 (Universitários),,5/14/2002,,Aluno-1247,,,0.0,,Fase 8 (Universitários)
RA-1248,FASE 8,8B,,,19.0,Masculino,2021,Escola Privada,,,,,,,,,,,,10.0,,,PEDE2023,20.0,Fase 8 (Universitários),,1/13/2003,,Aluno-1248,,,0.0,,Fase 8 (Universitários)
RA-1249,FASE 8,8B,,,,Masculino,2021,Escola Privada,,,,,,,,,,,,10.0,,,PEDE2023,,Fase 8 (Universitários),,1996-08-12 00:00:00,,Aluno-1249,,,0.0,,Fase 8 (Universitários)
RA-1250,FASE 8,8B,,,,Masculino,2021,Escola Privada,,,,,,,,,,,,10.0,,,PEDE2023,,Fase 8 (Universitários),,2003-08-07 00:00:00,,Aluno-1250,,,0.0,,Fase 8 (Universitários)
RA-1251,FASE 8,8B,,,19.0,Feminino,2021,Escola Privada,,,,,,,,,,,,10.0,,,PEDE2023,20.0,Fase 8 (Universitários),,2/16/2003,,Aluno-1251,,,0.0,,Fase 8 (Universitários)
RA-1252,FASE 8,8B,,,,Feminino,2021,Escola Privada,,,,,,,,,,,,10.0,,,PEDE2023,,Fase 8 (Universitários),,2002-03-06 00:00:00,,Aluno-1252,,,0.0,,Fase 8 (Universitários)
RA-1253,FASE 8,8D,,,22.0,Feminino,2021,Escola Privada,,,,,,,,,,,,10.0,,,PEDE2023,23.0,Fase 8 (Universitários),,11/27/1999,,Aluno-1253,,,0.0,,Fase 8 (Universitários)
RA-1254,FASE 8,8D,,,18.0,Masculino,2021,Escola Privada,,,,,,,,,,,,10.0,,,PEDE2023,19.0,Fase 8 (Universitários),,12/30/2003,,Aluno-1254,,,0.0,,Fase 8 (Universitários)
RA-1255,FASE 8,8D,,,,Masculino,2021,Escola Privada,,,,,,,,,,,,10.0,,,PEDE2023,,Fase 8 (Universitários),,2004-04-03 00:00:00,,Aluno-1255,,,0.0,,Fase 8 (Universitários)
RA-1256,FASE 8,8D,,,17.0,Feminino,2021,Escola Privada,,,,,,,,,,,,10.0,,,PEDE2023,18.0,Fase 8 (Universitários),,12/24/2004,,Aluno-1256,,,0.0,,Fase 8 (Universitários)
RA-1257,FASE 8,8D,,,17.0,Masculino,2021,Escola Privada,,,,,,,,,,,,10.0,,,PEDE2023,18.0,Fase 8 (Universitários),,11/30/2004,,Aluno-1257,,,0.0,,Fase 8 (Universitários)
RA-1258,FASE 8,8D,,,23.0,Masculino,2021,Escola Privada,,,,,,,,,,,,10.0,,,PEDE2023,24.0,Fase 8 (Universitários),,12/24/1998,,Aluno-1258,,,0.0,,Fase 8 (Universitários)
RA-1259,FASE 8,8D,,,,Feminino,2021,Escola Privada,,,,,,,,,,,,10.0,,,PEDE2023,,Fase 8 (Universitários),,2004-02-02 00:00:00,,Aluno-1259,,,0.0,,Fase 8 (Universitários)
RA-1260,FASE 8,8D,,,,Masculino,2021,Escola Privada,,,,,,,,,,,,10.0,,,PEDE2023,,Fase 8 (Universitários),,2004-08-05 00:00:00,,Aluno-1260,,,0.0,,Fase 8 (Universitários)
RA-1261,FASE 8,8D,,,,Feminino,2021,Escola Privada,,,,,,,,,,,,10.0,,,PEDE2023,,Fase 8 (Universitários),,2004-03-05 00:00:00,,Aluno-1261,,,0.0,,Fase 8 (Universitários)
RA-1262,FASE 8,8D,,,18.0,Feminino,2021,Escola Privada,,,,,,,,,,,,10.0,,,PEDE2023,19.0,Fase 8 (Universitários),,9/19/2004,,Aluno-1262,,,0.0,,Fase 8 (Universitários)
RA-1263,FASE 8,8D,,,,Feminino,2021,Escola Privada,,,,,,,,,,,,10.0,,,PEDE2023,,Fase 8 (Universitários),,2003-11-10 00:00:00,,Aluno-1263,,,0.0,,Fase 8 (Universitários)
RA-1264,FASE 8,8D,,,,Feminino,2021,Escola Privada,,,,,,,,,,,,10.0,,,PEDE2023,,Fase 8 (Universitários),,2002-05-12 00:00:00,,Aluno-1264,,,0.0,,Fase 8 (Universitários)
RA-1265,FASE 8,8D,,,,Masculino,2022,Escola Privada,,,,,,,,,,,,10.0,,,PEDE2023,,Fase 8 (Universitários),,2002-03-12 00:00:00,,Aluno-1265,,,0.0,,Fase 8 (Universitários)
RA-1266,FASE 8,8D,,,,Feminino,2021,Escola Privada,,,,,,,,,,,,10.0,,,PEDE2023,,Fase 8 (Universitários),,2004-06-04 00:00:00,,Aluno-1266,,,0.0,,Fase 8 (Universitários)
RA-1267,FASE 8,8D,,,21.0,Feminino,2021,Escola Privada,,,,,,,,,,,,10.0,,,PEDE2023,22.0,Fase 8 (Universitários),,6/29/2001,,Aluno-1267,,,0.0,,Fase 8 (Universitários)
RA-1268,FASE 8,8D,,,18.0,Masculino,2021,Escola Privada,,,,,,,,,,,,10.0,,,PEDE2023,19.0,Fase 8 (Universitários),,5/17/2004,,Aluno-1268,,,0.0,,Fase 8 (Universitários)
RA-14,FASE 8,8E,,,20.0,Masculino,2022,Escola Privada,6.793,,,,,,,,,,,10.0,,,PEDE2023,21.0,Fase 8 (Universitários),,11/29/2001,,Aluno-14,,,0.0,,Fase 8 (Universitários)
RA-13,FASE 8,8E,,,17.0,Masculino,2016,Escola Privada,6.902,,,,,,,,,,,10.0,,,PEDE2023,18.0,Fase 8 (Universitários),,11/20/2004,,Aluno-13,,,0.0,,Fase 8 (Universitários)
RA-12,FASE 8,8E,,,17.0,Feminino,2020,Escola Privada,4.832,,,,,,,,,,,10.0,,,PEDE2023,18.0,Fase 8 (Universitários),,4/29/2005,,Aluno-12,,,0.0,,Fase 8 (Universitários)
RA-7,FASE 8,8E,,,,Masculino,2017,Escola Privada,6.818,,,,,,,,,,,10.0,,,PEDE2023,,Fase 8 (Universitários),,2004-11-09 00:00:00,,Aluno-7,,,0.0,,Fase 8 (Universitários)
RA-6,FASE 8,8E,,,,Feminino,2021,Escola Privada,5.848,,,,,,,,,,,10.0,,,PEDE2023,,Fase 8 (Universitários),,2004-12-01 00:00:00,,Aluno-6,,,0.0,,Fase 8 (Universitários)
RA-5,FASE 8,8E,,,,Feminino,2016,Escola Privada,7.427,,,,,,,,,,,10.0,,,PEDE2023,,Fase 8 (Universitários),,2005-12-01 00:00:00,,Aluno-5,,,0.0,,Fase 8 (Universitários)
RA-1,FASE 8,8E,,,,Feminino,2016,Escola Privada,5.783,,,,,,,,,,,10.0,,,PEDE2023,,Fase 8 (Universitários),,2003-03-10 00:00:00,,Aluno-1,,,0.0,,Fase 8 (Universitários)
RA-36,FASE 8,8E,,,17.0,Feminino,2019,Escola Privada,7.876,,,,,,,,,,,10.0,,,PEDE2023,18.0,Fase 8 (Universitários),,7/26/2005,,Aluno-36,,,0.0,,Fase 8 (Universitários)
RA-35,FASE 8,8E,,,17.0,Feminino,2019,Escola Privada,8.965,,,,,,,,,,,10.0,,,PEDE2023,18.0,Fase 8 (Universitários),,4/22/2005,,Aluno-35,,,0.0,,Fase 8 (Universitários)
RA-34,FASE 8,8E,,,,Masculino,2016,Escola Privada,6.259,,,,,,,,,,,10.0,,,PEDE2023,,Fase 8 (Universitários),,2005-05-03 00:00:00,,Aluno-34,,,0.0,,Fase 8 (Universitários)
RA-31,FASE 8,8E,,,17.0,Feminino,2019,Escola Privada,8.843,,,,,,,,,,,10.0,,,PEDE2023,18.0,Fase 8 (Universitários),,6/29/2005,,Aluno-31,,,0.0,,Fase 8 (Universitários)
RA-23,FASE 8,8E,,,,Masculino,2021,Escola Privada,7.677,,,,,,,,,,,10.0,,,PEDE2023,,Fase 7 (3° EM),,2005-03-11 00:00:00,,Aluno-23,,,1.0,,Fase 7 (3° EM)
RA-88,FASE 8,8E,,,17.0,Masculino,2021,Escola Privada,7.498,,,,,,,,,,,10.0,,,PEDE2023,18.0,Fase 8 (Universitários),,5/14/2005,,Aluno-88,,,0.0,,Fase 8 (Universitários)
RA-1269,FASE 8,8E,,,17.0,Feminino,2021,Escola Privada,,,,,,,,,,,,10.0,,,PEDE2023,18.0,Fase 8 (Universitários),,3/31/2005,,Aluno-1269,,,0.0,,Fase 8 (Universitários)
RA-49,FASE 8,8E,,,17.0,Feminino,2022,Escola Privada,6.304,,,,,,,,,,,10.0,,,PEDE2023,18.0,Fase 8 (Universitários),,6/21/2005,,Aluno-49,,,0.0,,Fase 8 (Universitários)
RA-1270,FASE 8,8E,,,18.0,Feminino,2021,Escola Privada,,,,,,,,,,,,10.0,,,PEDE2023,19.0,Fase 8 (Universitários),,8/14/2004,,Aluno-1270,,,0.0,,Fase 8 (Universitários)
RA-29,FASE 8,8E,,,,Masculino,2022,Escola Privada,4.985,,,,,,,,,,,10.0,,,PEDE2023,,Fase 8 (Universitários),,2005-07-09 00:00:00,,Aluno-29,,,0.0,,Fase 8 (Universitários)
RA-17,FASE 8,8E,,,,Masculino,2022,Escola Privada,8.068,,,,,,,,,,,10.0,,,PEDE2023,,Fase 8 (Universitários),,2002-12-02 00:00:00,,Aluno-17,,,0.0,,Fase 8 (Universitários)
RA-21,FASE 8,8E,,,18.0,Masculino,2022,Escola Privada,6.945,,,,,,,,,,,10.0,,,PEDE2023,19.0,Fase 8 (Universitários),,9/13/2004,,Aluno-21,,,0.0,,Fase 8 (Universitários)
RA-25,FASE 8,8E,,,17.0,Feminino,2021,Escola Privada,7.979,,,,,,,,,,,10.0,,,PEDE2023,18.0,Fase 8 (Universitários),,5/18/2005,,Aluno-25,,,0.0,,Fase 8 (Universitários)
RA-2,FASE 8,8E,,,17.0,Feminino,2017,Escola Privada,7.055,,,,,,,,,,,10.0,,,PEDE2023,18.0,Fase 8 (Universitários),,5/17/2005,,Aluno-2,,,0.0,,Fase 8 (Universitários)
RA-1271,FASE 8,8E,,,17.0,Feminino,2021,Escola Privada,,,,,,,,,,,,10.0,,,PEDE2023,18.0,Fase 8 (Universitários),,11/23/2004,,Aluno-1271,,,0.0,,Fase 8 (Universitários)
RA-1272,FASE 8,8E,,,,Feminino,2021,Escola Privada,,,,,,,,,,,,10.0,,,PEDE2023,,Fase 8 (Universitários),,2004-04-11 00:00:00,,Aluno-1272,,,0.0,,Fase 8 (Universitários)
RA-1273,FASE 8,8E,,,16.0,Feminino,2023,Escola Privada,,,,,,,,,,,,10.0,,,PEDE2023,17.0,Fase 7 (3° EM),,11/29/2005,,Aluno-1273,,,1.0,,Fase 7 (3° EM)
RA-1274,FASE 8,8E,,,,Feminino,2021,Escola Privada,,,,,,,,,,,,10.0,,,PEDE2023,,Fase 8 (Universitários),,2005-07-10 00:00:00,,Aluno-1274,,,0.0,,Fase 8 (Universitários)
RA-1275,ALFA,ALFA A - G0/G1,,,6.0,Masculino,2024,Escola Pública,,10.002,8.6666666665,6.26,8.0,10.0,6.0,,,,5.446666667,10.0,,,PEDE2024,8.0,ALFA (1° e 2° ano),,2016-07-28 00:00:00,7.611366666700001,Aluno-1275,Cursando,5.625,0.0,,ALFA (1° e 2° ano)
RA-1276,ALFA,ALFA A - G0/G1,,,6.0,Feminino,2024,Escola Pública,,10.002,9.3333333335,3.76,8.0,10.0,6.0,,,,7.05,10.0,,,PEDE2024,8.0,ALFA (1° e 2° ano),,2016-10-16 00:00:00,8.002866666700001,Aluno-1276,Cursando,7.5,0.0,,ALFA (1° e 2° ano)
RA-1277,ALFA,ALFA A - G0/G1,,,6.0,Masculino,2024,Escola Pública,,10.002,9.0833333335,3.76,8.0,10.0,6.0,,,,7.046666667,10.0,,,PEDE2024,8.0,ALFA (1° e 2° ano),,2016-08-16 00:00:00,7.952200000100001,Aluno-1277,Cursando,7.5,0.0,,ALFA (1° e 2° ano)
RA-868,ALFA,ALFA A - G0/G1,,,6.0,Masculino,2023,Escola Pública,,8.002,9.75,3.76,7.0,8.0,6.0,,,,7.213333333,5.0,,,PEDE2024,8.0,Fase 1 (3° e 4° ano),8.63895,2015-11-08 00:00:00,7.156366666600001,Aluno-868,Cursando,6.875,-1.0,,Fase 1 (3° e 4° ano)
RA-1278,ALFA,ALFA A - G0/G1,,,7.0,Masculino,2024,Escola Pública,,9.002,4.1666666665,3.76,7.5,8.0,7.0,,,,4.173333333,5.0,,,PEDE2024,9.0,Fase 1 (3° e 4° ano),,2015-03-22 00:00:00,5.444199999900001,Aluno-1278,Cursando,5.0,-1.0,,Fase 1 (3° e 4° ano)
RA-1279,ALFA,ALFA B - G2/G3,,,7.0,Feminino,2024,Escola Pública,,10.002,10.0,6.26,8.25,9.0,7.5,,,,7.78,5.0,,,PEDE2024,9.0,Fase 1 (3° e 4° ano),,2015-06-10 00:00:00,8.0822,Aluno-1279,Cursando,7.5,-1.0,,Fase 1 (3° e 4° ano)
RA-861,ALFA,ALFA B - G2/G3,,,7.0,Feminino,2023,Escola Pública,,9.502,10.0,7.51,10.0,10.0,10.0,,,,9.73,5.0,,,PEDE2024,9.0,Fase 1 (3° e 4° ano),9.31095,2015-06-17 00:00:00,8.959700000000002,Aluno-861,Cursando,8.125,-1.0,,Fase 1 (3° e 4° ano)
RA-862,ALFA,ALFA B - G2/G3,,,8.0,Masculino,2023,Escola Pública,,9.002,8.6136363635,7.51,7.5,10.0,5.0,,,,6.27,5.0,,,PEDE2024,10.0,Fase 2 (5° e 6° ano),8.2212,2014-05-31 00:00:00,7.346677272700001,Aluno-862,Cursando,7.1875,-2.0,,Fase 2 (5° e 6° ano)
RA-1280,ALFA,ALFA B - G2/G3,,,7.0,Masculino,2024,Escola Pública,,10.002,9.5454545455,6.26,8.5,10.0,7.0,,,,8.336666667,5.0,,,PEDE2024,9.0,Fase 1 (3° e 4° ano),,2015-05-17 00:00:00,8.152624242500002,Aluno-1280,Cursando,7.5,-1.0,,Fase 1 (3° e 4° ano)
RA-1281,ALFA,ALFA B - G2/G3,,,7.0,Feminino,2024,Escola Pública,,7.918,9.5454545455,6.26,9.25,10.0,8.5,,,,7.78,5.0,,,PEDE2024,9.0,Fase 1 (3° e 4° ano),,2015-02-20 00:00:00,7.982890909100001,Aluno-1281,Cursando,7.5,-1.0,,Fase 1 (3° e 4° ano)
RA-895,ALFA,ALFA B - G2/G3,,,7.0,Feminino,2023,Escola Pública,,9.502,9.5454545455,6.26,9.5,10.0,9.0,,,,8.113333333,5.0,,,PEDE2024,9.0,Fase 1 (3° e 4° ano),8.5397,2015-05-27 00:00:00,8.2579575757,Aluno-895,Cursando,7.5,-1.0,,Fase 1 (3° e 4° ano)
RA-884,ALFA,ALFA B - G2/G3,,,6.0,Feminino,2023,Escola Pública,,10.002,8.818181818,6.26,8.75,10.0,7.5,,,,8.223333333,5.0,,,PEDE2024,8.0,Fase 1 (3° e 4° ano),8.4587,2015-12-02 00:00:00,8.0345030302,Aluno-884,Cursando,7.5,-1.0,,Fase 1 (3° e 4° ano)
RA-1282,ALFA,ALFA B - G2/G3,,,7.0,Feminino,2024,Escola Pública,,9.502,8.1136363635,6.26,9.25,10.0,8.5,,,,7.89,5.0,,,PEDE2024,9.0,Fase 1 (3° e 4° ano),,2014-11-26 00:00:00,7.8769272727000015,Aluno-1282,Cursando,7.5,-1.0,,Fase 1 (3° e 4° ano)
RA-889,ALFA,ALFA B - G2/G3,,,7.0,Masculino,2023,Escola Pública,,8.502,9.2954545455,6.26,9.75,10.0,9.5,,,,8.28,5.0,,,PEDE2024,9.0,Fase 1 (3° e 4° ano),8.8092,2015-07-07 00:00:00,8.191290909100001,Aluno-889,Cursando,7.5,-1.0,,Fase 1 (3° e 4° ano)
RA-867,ALFA,ALFA B - G2/G3,,,7.0,Masculino,2023,Escola Pública,,9.002,7.409090909,7.51,8.5,10.0,7.0,,,,7.5,5.0,,,PEDE2024,9.0,Fase 1 (3° e 4° ano),8.6992,2015-06-29 00:00:00,7.583018181800001,Aluno-867,Cursando,7.5,-1.0,,Fase 1 (3° e 4° ano)
RA-1283,ALFA,ALFA B - G2/G3,,,8.0,Masculino,2024,Escola Pública,,10.002,9.230769231,7.51,9.0,10.0,8.0,,,,8.28,5.0,,,PEDE2024,10.0,Fase 2 (5° e 6° ano),,2014-03-20 00:00:00,8.3033538462,Aluno-1283,Cursando,7.5,-2.0,,Fase 2 (5° e 6° ano)
RA-891,ALFA,ALFA B - G2/G3,,,8.0,Feminino,2023,Escola Pública,,10.002,9.0454545455,6.26,8.75,10.0,7.5,,,,8.003333333,5.0,,,PEDE2024,10.0,Fase 1 (3° e 4° ano),7.8882,2014-10-03 00:00:00,8.035957575700001,Aluno-891,Cursando,7.5,-1.0,,Fase 1 (3° e 4° ano)
RA-1284,ALFA,ALFA C - G0/G1,,,6.0,Feminino,2024,Escola Pública,,9.002,9.347826087,2.51,10.0,10.0,10.0,,,,7.89,10.0,,,PEDE2024,8.0,ALFA (1° e 2° ano),,2016-09-28 00:00:00,8.3800152174,Aluno-1284,Cursando,7.8125,0.0,,ALFA (1° e 2° ano)
RA-1012,ALFA,ALFA C - G0/G1,,,7.0,Feminino,2023,Escola Pública,,9.502,9.523809524,2.51,9.75,10.0,9.5,,,,8.443333333,5.0,,,PEDE2024,9.0,Fase 1 (3° e 4° ano),7.96495,2015-05-18 00:00:00,8.057128571400002,Aluno-1012,Cursando,8.125,-1.0,,Fase 1 (3° e 4° ano)
RA-1285,ALFA,ALFA C - G0/G1,,,5.0,Feminino,2024,Escola Pública,,10.002,8.830227742999998,2.51,8.0,8.0,8.0,,,,8.946666667,10.0,,,PEDE2024,7.0,ALFA (1° e 2° ano),,2017-03-19 00:00:00,8.156578882000002,Aluno-1285,Cursando,7.5,0.0,,ALFA (1° e 2° ano)
RA-1286,ALFA,ALFA C - G0/G1,,,5.0,Masculino,2024,Escola Pública,,8.002,5.051759834,2.51,7.0,8.0,6.0,,,,4.61,10.0,,,PEDE2024,7.0,ALFA (1° e 2° ano),,2016-12-06 00:00:00,5.914801966800001,Aluno-1286,Cursando,5.3125,0.0,,ALFA (1° e 2° ano)
RA-1287,ALFA,ALFA C - G0/G1,,,6.0,Feminino,2024,Escola Pública,,10.002,9.3064182195,2.51,7.75,8.0,7.5,,,,8.223333333,5.0,,,PEDE2024,8.0,Fase 1 (3° e 4° ano),,2016-03-07 00:00:00,7.619650310500001,Aluno-1287,Cursando,8.125,-1.0,,Fase 1 (3° e 4° ano)
RA-1288,ALFA,ALFA C - G0/G1,,,5.0,Feminino,2024,Escola Pública,,9.002,7.9813664595,2.51,10.0,10.0,10.0,,,,7.273333333,10.0,,,PEDE2024,7.0,ALFA (1° e 2° ano),,2017-02-09 00:00:00,7.9208899585,Aluno-1288,Cursando,7.1875,0.0,,ALFA (1° e 2° ano)
RA-1289,ALFA,ALFA D - G2/G3,,,8.0,Feminino,2024,Escola Pública,,7.002,9.4444444445,7.51,7.75,9.0,6.5,,,,6.166666667,5.0,,,PEDE2024,10.0,Fase 1 (3° e 4° ano),,2014-04-15 00:00:00,7.2171722223,Aluno-1289,Cursando,5.9375,-1.0,,Fase 1 (3° e 4° ano)
RA-1290,ALFA,ALFA D - G2/G3,,,7.0,Masculino,2024,Escola Pública,,10.002,10.0,7.51,8.75,10.0,7.5,,,,8.28,5.0,,,PEDE2024,9.0,Fase 1 (3° e 4° ano),,2015-07-14 00:00:00,8.407200000000001,Aluno-1290,Cursando,7.5,-1.0,,Fase 1 (3° e 4° ano)
RA-1291,ALFA,ALFA D - G2/G3,,,7.0,Masculino,2024,Escola Pública,,9.502,9.5,7.51,8.25,10.0,6.5,,,,7.89,5.0,,,PEDE2024,9.0,Fase 1 (3° e 4° ano),,2015-07-05 00:00:00,8.079200000000002,Aluno-1291,Cursando,7.5,-1.0,,Fase 1 (3° e 4° ano)
RA-885,ALFA,ALFA D - G2/G3,,,7.0,Masculino,2023,Escola Pública,,8.502,10.0,7.51,8.5,10.0,7.0,,,,8.28,5.0,,,PEDE2024,9.0,Fase 1 (3° e 4° ano),8.8252,2015-10-30 00:00:00,8.2072,Aluno-885,Cursando,7.5,-1.0,,Fase 1 (3° e 4° ano)
RA-1292,ALFA,ALFA D - G2/G3,,,7.0,Feminino,2024,Escola Pública,,7.502,4.7727272725,7.51,8.25,10.0,6.5,,,,7.893333333,5.0,,,PEDE2024,9.0,Fase 1 (3° e 4° ano),,2015-06-20 00:00:00,6.9031621211,Aluno-1292,Cursando,7.1875,-1.0,,Fase 1 (3° e 4° ano)
RA-1293,ALFA,ALFA D - G2/G3,,,7.0,Feminino,2024,Escola Pública,,8.002,9.4949494945,7.51,8.5,8.5,8.5,,,,8.336666667,5.0,,,PEDE2024,9.0,Fase 1 (3° e 4° ano),,2015-09-13 00:00:00,8.005023232300001,Aluno-1293,Cursando,6.875,-1.0,,Fase 1 (3° e 4° ano)
RA-888,ALFA,ALFA D - G2/G3,,,6.0,Masculino,2023,Escola Pública,,9.002,10.0,6.88,8.5,9.0,8.0,,,,8.28,5.0,,,PEDE2024,8.0,Fase 1 (3° e 4° ano),8.9182,2016-04-11 00:00:00,8.1942,Aluno-888,Cursando,7.5,-1.0,,Fase 1 (3° e 4° ano)
RA-1294,ALFA,ALFA D - G2/G3,,,8.0,Masculino,2024,Escola Pública,,9.502,10.0,7.51,7.75,9.0,6.5,,,,7.553333333,5.0,,,PEDE2024,10.0,Fase 2 (5° e 6° ano),,2014-02-10 00:00:00,7.9493666666,Aluno-1294,Cursando,6.875,-2.0,,Fase 2 (5° e 6° ano)
RA-1009,ALFA,ALFA E - G2/G3,,,7.0,Masculino,2023,Escola Pública,,8.002,6.8863636365000005,2.51,7.5,10.0,5.0,,,,6.553333333,5.0,,,PEDE2024,9.0,Fase 1 (3° e 4° ano),7.245,2015-03-27 00:00:00,6.395389393900001,Aluno-1009,Cursando,6.5625,-1.0,,Fase 1 (3° e 4° ano)
RA-1013,ALFA,ALFA E - G2/G3,,,6.0,Masculino,2023,Escola Pública,,9.002,5.6937799039999994,2.51,7.75,8.0,7.5,,,,4.72,5.0,,,PEDE2024,8.0,Fase 1 (3° e 4° ano),7.6237,2015-12-25 00:00:00,5.7839559808,Aluno-1013,Cursando,5.0,-1.0,,Fase 1 (3° e 4° ano)
RA-1295,ALFA,ALFA E - G2/G3,,,6.0,Feminino,2024,Escola Pública,,10.002,9.5227272725,2.51,7.5,7.0,8.0,,,,8.28,10.0,,,PEDE2024,8.0,ALFA (1° e 2° ano),,2016-09-23 00:00:00,8.0617454545,Aluno-1295,Cursando,7.5,0.0,,ALFA (1° e 2° ano)
RA-1296,ALFA,ALFA E - G2/G3,,,7.0,Feminino,2024,Escola Pública,,9.002,8.4444444445,2.51,6.5,7.5,5.5,,,,8.336666667,5.0,,,PEDE2024,9.0,Fase 1 (3° e 4° ano),,2015-10-02 00:00:00,7.0574222223000005,Aluno-1296,Cursando,7.5,-1.0,,Fase 1 (3° e 4° ano)
RA-863,ALFA,ALFA E - G2/G3,,,6.0,Masculino,2023,Escola Pública,,8.502,3.159090909,2.51,5.5,10.0,1.0,,,,4.333333333,5.0,,,PEDE2024,8.0,Fase 1 (3° e 4° ano),5.92975,2016-02-25 00:00:00,4.6684348484000004,Aluno-863,Cursando,4.6875,-1.0,,Fase 1 (3° e 4° ano)
RA-1297,ALFA,ALFA E - G2/G3,,,6.0,Masculino,2024,Escola Pública,,9.502,9.761904762,2.51,9.25,10.0,8.5,,,,6.833333333,5.0,,,PEDE2024,8.0,Fase 1 (3° e 4° ano),,2016-05-13 00:00:00,7.620247619000001,Aluno-1297,Cursando,7.5,-1.0,,Fase 1 (3° e 4° ano)
RA-1014,ALFA,ALFA E - G2/G3,,,6.0,Feminino,2023,Escola Pública,,8.502,7.8863636365000005,2.51,5.25,6.5,4.0,,,,7.0,5.0,,,PEDE2024,8.0,Fase 1 (3° e 4° ano),8.2582,2016-02-05 00:00:00,6.315972727300001,Aluno-1014,Cursando,6.875,-1.0,,Fase 1 (3° e 4° ano)
RA-880,ALFA,ALFA E - G2/G3,,,6.0,Feminino,2023,Escola Pública,,9.502,8.445652174,2.51,6.5,7.5,5.5,,,,7.22,5.0,,,PEDE2024,8.0,Fase 1 (3° e 4° ano),6.724,2015-11-29 00:00:00,6.853080434800001,Aluno-880,Cursando,7.1875,-1.0,,Fase 1 (3° e 4° ano)
RA-886,ALFA,ALFA E - G2/G3,,,6.0,Feminino,2023,Escola Pública,,9.502,10.0,8.13,8.75,9.0,8.5,,,,8.28,5.0,,,PEDE2024,8.0,Fase 1 (3° e 4° ano),8.6422,2016-01-05 00:00:00,8.419200000000002,Aluno-886,Cursando,7.5,-1.0,,Fase 1 (3° e 4° ano)
RA-1298,ALFA,ALFA E - G2/G3,,,6.0,Masculino,2024,Escola Pública,,9.502,6.643356643500001,7.51,6.75,7.0,6.5,,,,7.393333333,10.0,,,PEDE2024,8.0,ALFA (1° e 2° ano),,2016-04-25 00:00:00,7.577287995300001,Aluno-1298,Cursando,7.1875,0.0,,ALFA (1° e 2° ano)
RA-1299,ALFA,ALFA E - G2/G3,,,8.0,Masculino,2024,Escola Pública,,8.502,7.638888889,7.51,6.5,7.0,6.0,,,,7.11,5.0,,,PEDE2024,10.0,Fase 2 (5° e 6° ano),,2014-04-19 00:00:00,7.069727777800001,Aluno-1299,Cursando,7.1875,-2.0,,Fase 2 (5° e 6° ano)
RA-904,ALFA,ALFA F - G0/G1,,,6.0,Feminino,2023,Escola Pública,,9.502,8.75,7.51,6.0,6.0,6.0,,,,8.67,5.0,,,PEDE2024,8.0,Fase 1 (3° e 4° ano),8.140783333,2016-02-12 00:00:00,7.6352,Aluno-904,Cursando,7.5,-1.0,,Fase 1 (3° e 4° ano)
RA-1300,ALFA,ALFA F - G0/G1,,,6.0,Feminino,2024,Escola Pública,,8.502,8.75,2.51,9.0,10.0,8.0,,,,8.613333333,5.0,,,PEDE2024,8.0,Fase 1 (3° e 4° ano),,2016-06-03 00:00:00,7.623866666600001,Aluno-1300,Cursando,7.5,-1.0,,Fase 1 (3° e 4° ano)
RA-1301,ALFA,ALFA F - G0/G1,,,6.0,Masculino,2024,Escola Pública,,9.502,2.9166666665000003,2.51,7.0,10.0,4.0,,,,6.0,5.0,,,PEDE2024,8.0,Fase 1 (3° e 4° ano),,2015-12-01 00:00:00,5.6345333333,Aluno-1301,Cursando,7.5,-1.0,,Fase 1 (3° e 4° ano)
RA-1302,ALFA,ALFA F - G0/G1,,,6.0,Masculino,2024,Escola Pública,,10.002,5.416666667,2.51,4.0,4.0,4.0,,,,4.996666667,10.0,,,PEDE2024,8.0,ALFA (1° e 2° ano),,2016-10-10 00:00:00,5.758866666800001,Aluno-1302,Cursando,6.25,0.0,,ALFA (1° e 2° ano)
RA-1303,ALFA,ALFA F - G0/G1,,,6.0,Feminino,2024,Escola Pública,,10.002,10.0,2.51,10.0,10.0,10.0,,,,9.17,10.0,,,PEDE2024,8.0,ALFA (1° e 2° ano),,2016-09-22 00:00:00,8.8352,Aluno-1303,Cursando,7.5,0.0,,ALFA (1° e 2° ano)
RA-1304,ALFA,ALFA G - G2/G3,,,8.0,Feminino,2024,Escola Pública,,9.002,7.9575163395,8.135,6.0,6.0,6.0,,,,6.493333333,5.0,,,PEDE2024,10.0,Fase 2 (5° e 6° ano),,2014-04-01 00:00:00,7.085119934500001,Aluno-1304,Cursando,7.8125,-2.0,,Fase 2 (5° e 6° ano)
RA-1305,ALFA,ALFA G - G2/G3,,,8.0,Feminino,2024,Escola Pública,,8.502,8.710526316,2.51,4.75,2.0,7.5,,,,8.053333333,5.0,,,PEDE2024,10.0,Fase 1 (3° e 4° ano),,2014-09-17 00:00:00,6.685221929800001,Aluno-1305,Cursando,7.8125,-1.0,,Fase 1 (3° e 4° ano)
RA-1306,ALFA,ALFA G - G2/G3,,,6.0,Feminino,2024,Escola Pública,,9.002,10.0,8.135,9.75,10.0,9.5,,,,7.946666667,5.0,,,PEDE2024,8.0,Fase 1 (3° e 4° ano),,2016-03-24 00:00:00,8.503033333400001,Aluno-1306,Cursando,7.5,-1.0,,Fase 1 (3° e 4° ano)
RA-702,ALFA,ALFA G - G2/G3,,,8.0,Feminino,2022,Escola Pública,7.387203380952382,9.002,9.75,2.51,9.25,10.0,8.5,,,,7.163333333,5.0,,,PEDE2024,10.0,Fase 2 (5° e 6° ano),8.239866667,2014-02-03 00:00:00,7.665116666600001,Aluno-702,Cursando,7.8125,-2.0,,Fase 2 (5° e 6° ano)
RA-725,ALFA,ALFA G - G2/G3,,,8.0,Masculino,2022,Escola Pública,6.330304030303031,7.502,7.6710526315,7.51,7.25,7.0,7.5,,,,6.773333333,5.0,,,PEDE2024,10.0,Fase 1 (3° e 4° ano),8.117366667,2014-09-30 00:00:00,7.0900771929,Aluno-725,Cursando,7.5,-1.0,,Fase 1 (3° e 4° ano)
RA-912,ALFA,ALFA G - G2/G3,,,8.0,Feminino,2023,Escola Pública,,9.002,9.4736842105,7.51,7.25,7.0,7.5,,,,6.943333333,5.0,,,PEDE2024,10.0,Fase 2 (5° e 6° ano),7.0797,2014-06-13 00:00:00,7.697103508700001,Aluno-912,Cursando,8.125,-2.0,,Fase 2 (5° e 6° ano)
RA-918,ALFA,ALFA G - G2/G3,,,6.0,Feminino,2023,Escola Pública,,7.918,8.697368421,2.51,2.75,1.0,4.5,,,,6.156666667,5.0,,,PEDE2024,8.0,Fase 1 (3° e 4° ano),7.4967,2016-03-19 00:00:00,5.657357017600001,Aluno-918,Cursando,5.9375,-1.0,,Fase 1 (3° e 4° ano)
RA-920,ALFA,ALFA G - G2/G3,,,7.0,Feminino,2023,Escola Pública,,9.502,7.6710526315,7.51,8.25,9.0,7.5,,,,8.226666667,5.0,,,PEDE2024,9.0,Fase 1 (3° e 4° ano),6.9647,2015-07-20 00:00:00,7.7494938597,Aluno-920,Cursando,7.1875,-1.0,,Fase 1 (3° e 4° ano)
RA-1307,ALFA,ALFA H - G0/G1,,,6.0,Masculino,2024,Escola Pública,,10.002,5.833333333500001,6.255,5.5,7.0,4.0,,,,5.383333333,10.0,,,PEDE2024,8.0,ALFA (1° e 2° ano),,2016-08-30 00:00:00,6.5940333333000005,Aluno-1307,Cursando,6.25,0.0,,ALFA (1° e 2° ano)
RA-1308,ALFA,ALFA H - G0/G1,,,7.0,Feminino,2024,Escola Pública,,10.002,7.445652174,7.51,6.0,8.0,4.0,,,,5.933333333,5.0,,,PEDE2024,9.0,Fase 1 (3° e 4° ano),,2015-04-30 00:00:00,6.876997101400001,Aluno-1308,Cursando,7.5,-1.0,,Fase 1 (3° e 4° ano)
RA-1309,ALFA,ALFA H - G0/G1,,,5.0,Feminino,2024,Escola Pública,,9.002,9.1666666665,7.51,7.5,8.0,7.0,,,,8.223333333,10.0,,,PEDE2024,7.0,ALFA (1° e 2° ano),,2016-12-27 00:00:00,8.379199999899999,Aluno-1309,Cursando,7.5,0.0,,ALFA (1° e 2° ano)
RA-1310,ALFA,ALFA H - G0/G1,,,5.0,Feminino,2024,Escola Pública,,8.502,9.375,2.51,10.0,10.0,10.0,,,,8.166666667,10.0,,,PEDE2024,7.0,ALFA (1° e 2° ano),,2017-02-14 00:00:00,8.3907833334,Aluno-1310,Cursando,7.8125,0.0,,ALFA (1° e 2° ano)
RA-1311,ALFA,ALFA H - G0/G1,,,6.0,Masculino,2024,Escola Pública,,9.002,9.166666667,2.51,0.0,0.0,0.0,,,,8.386666667,10.0,,,PEDE2024,8.0,ALFA (1° e 2° ano),,2016-09-06 00:00:00,6.4118666668,Aluno-1311,Cursando,7.5,0.0,,ALFA (1° e 2° ano)
RA-1312,ALFA,ALFA H - G0/G1,,,7.0,Masculino,2024,Escola Pública,,10.002,8.333333333,7.51,6.5,8.0,5.0,,,,8.336666667,5.0,,,PEDE2024,9.0,Fase 1 (3° e 4° ano),,2015-08-10 00:00:00,7.510200000000001,Aluno-1312,Cursando,6.25,-1.0,,Fase 1 (3° e 4° ano)
RA-1313,ALFA,ALFA H - G0/G1,,,6.0,Masculino,2024,Escola Pública,,9.502,8.125,7.51,6.25,4.0,8.5,,,,8.446666667,10.0,,,PEDE2024,8.0,ALFA (1° e 2° ano),,2016-07-27 00:00:00,8.0155333334,Aluno-1313,Cursando,7.5,0.0,,ALFA (1° e 2° ano)
RA-1314,ALFA,ALFA H - G0/G1,,,5.0,Feminino,2024,Escola Pública,,7.418,8.541666667,7.51,9.0,8.0,10.0,,,,7.443333333,10.0,,,PEDE2024,7.0,ALFA (1° e 2° ano),,2017-04-02 00:00:00,8.239799999999999,Aluno-1314,Cursando,7.5,0.0,,ALFA (1° e 2° ano)
RA-1315,ALFA,ALFA H - G0/G1,,,5.0,Masculino,2024,Escola Pública,,6.834,8.3333333335,7.51,9.0,10.0,8.0,,,,8.5,10.0,,,PEDE2024,7.0,ALFA (1° e 2° ano),,2017-04-16 00:00:00,8.3510666667,Aluno-1315,Cursando,7.5,0.0,,ALFA (1° e 2° ano)
RA-921,ALFA,ALFA I - G2/G3,,,6.0,Feminino,2023,Escola Pública,,8.502,8.6631016045,7.51,6.0,5.0,7.0,,,,7.5,5.0,,,PEDE2024,8.0,Fase 1 (3° e 4° ano),7.7407,2016-04-13 00:00:00,7.2838203209,Aluno-921,Cursando,7.5,-1.0,,Fase 1 (3° e 4° ano)
RA-1316,ALFA,ALFA I - G2/G3,,,7.0,Feminino,2024,Escola Pública,,9.002,8.20855615,7.51,7.75,9.0,6.5,,,,7.5,5.0,,,PEDE2024,9.0,Fase 1 (3° e 4° ano),,2015-02-26 00:00:00,7.59291123,Aluno-1316,Cursando,7.5,-1.0,,Fase 1 (3° e 4° ano)
RA-1317,ALFA,ALFA I - G2/G3,,,7.0,Feminino,2024,Escola Pública,,7.502,7.0721925135,7.51,10.0,10.0,10.0,,,,7.5,5.0,,,PEDE2024,9.0,Fase 1 (3° e 4° ano),,2015-05-11 00:00:00,7.665638502700001,Aluno-1317,Cursando,7.5,-1.0,,Fase 1 (3° e 4° ano)
RA-897,ALFA,ALFA I - G2/G3,,,8.0,Masculino,2023,Escola Pública,,7.002,2.7525252525,2.51,6.0,5.5,6.5,,,,6.66,5.0,,,PEDE2024,10.0,Fase 1 (3° e 4° ano),5.48225,2014-08-02 00:00:00,5.2212050505,Aluno-897,Cursando,6.875,-1.0,,Fase 1 (3° e 4° ano)
RA-908,ALFA,ALFA I - G2/G3,,,7.0,Feminino,2023,Escola Pública,,8.502,8.14171123,7.51,4.75,3.0,6.5,,,,6.83,5.0,,,PEDE2024,9.0,Fase 1 (3° e 4° ano),8.479366667,2015-06-08 00:00:00,6.764292246,Aluno-908,Cursando,7.1875,-1.0,,Fase 1 (3° e 4° ano)
RA-916,ALFA,ALFA I - G2/G3,,,8.0,Feminino,2023,Escola Pública,,8.502,7.3320158105,2.51,2.75,3.5,2.0,,,,6.16,5.0,,,PEDE2024,10.0,Fase 2 (5° e 6° ano),7.3882,2014-03-18 00:00:00,5.5058531621,Aluno-916,Cursando,6.5625,-2.0,,Fase 2 (5° e 6° ano)
RA-924,ALFA,ALFA I - G2/G3,,,7.0,Masculino,2023,Escola Pública,,7.002,4.598930481,7.51,7.0,7.5,6.5,,,,7.415,5.0,,,PEDE2024,9.0,Fase 1 (3° e 4° ano),6.5207,2015-08-02 00:00:00,6.4727360962,Aluno-924,Cursando,7.1875,-1.0,,Fase 1 (3° e 4° ano)
RA-925,ALFA,ALFA I - G2/G3,,,6.0,Masculino,2023,Escola Pública,,8.002,7.005347594,7.51,4.75,3.0,6.5,,,,7.33,5.0,,,PEDE2024,8.0,Fase 1 (3° e 4° ano),7.1837,2015-12-01 00:00:00,6.587019518800001,Aluno-925,Cursando,7.1875,-1.0,,Fase 1 (3° e 4° ano)
RA-1008,ALFA,ALFA I - G2/G3,,,7.0,Masculino,2023,Escola Pública,,7.002,6.483957219,7.51,7.0,6.5,7.5,,,,7.5,5.0,,,PEDE2024,9.0,Fase 1 (3° e 4° ano),8.13595,2015-05-22 00:00:00,6.8667414438000005,Aluno-1008,Cursando,7.1875,-1.0,,Fase 1 (3° e 4° ano)
RA-919,ALFA,ALFA I - G2/G3,,,8.0,Masculino,2023,Escola Pública,,7.002,4.692513369,6.255,5.25,6.5,4.0,,,,6.49,5.0,,,PEDE2024,10.0,Fase 2 (5° e 6° ano),6.225,2014-04-16 00:00:00,5.799702673800001,Aluno-919,Cursando,6.875,-2.0,,Fase 2 (5° e 6° ano)
RA-1318,ALFA,ALFA I - G2/G3,,,6.0,Feminino,2024,Escola Pública,,8.502,7.6871657755000005,7.51,5.0,4.0,6.0,,,,7.33,5.0,,,PEDE2024,8.0,Fase 1 (3° e 4° ano),,2016-04-18 00:00:00,6.823383155100001,Aluno-1318,Cursando,7.1875,-1.0,,Fase 1 (3° e 4° ano)
RA-1003,ALFA,ALFA J - G2/G3,,,7.0,Masculino,2023,Escola Pública,,8.002,8.6944444445,7.51,8.25,10.0,6.5,,,,7.5,5.0,,,PEDE2024,9.0,Fase 1 (3° e 4° ano),7.6522,2015-01-22 00:00:00,7.627588888900001,Aluno-1003,Cursando,6.875,-1.0,,Fase 1 (3° e 4° ano)
RA-1004,ALFA,ALFA J - G2/G3,,,7.0,Feminino,2023,Escola Pública,,9.502,9.25,7.51,7.5,7.5,7.5,,,,7.5,5.0,,,PEDE2024,9.0,Fase 1 (3° e 4° ano),8.3137,2014-12-29 00:00:00,7.801200000000001,Aluno-1004,Cursando,7.5,-1.0,,Fase 1 (3° e 4° ano)
RA-1006,ALFA,ALFA J - G2/G3,,,7.0,Feminino,2023,Escola Pública,,8.502,8.4444444445,7.51,5.0,5.0,5.0,,,,7.5,5.0,,,PEDE2024,9.0,Fase 1 (3° e 4° ano),8.5922,2015-05-24 00:00:00,7.040088888900001,Aluno-1006,Cursando,7.5,-1.0,,Fase 1 (3° e 4° ano)
RA-1319,ALFA,ALFA J - G2/G3,,,7.0,Masculino,2024,Escola Pública,,8.502,5.7516339865,7.51,8.5,10.0,7.0,,,,7.5,5.0,,,PEDE2024,9.0,Fase 1 (3° e 4° ano),,2015-01-31 00:00:00,7.201526797300001,Aluno-1319,Cursando,7.5,-1.0,,Fase 1 (3° e 4° ano)
RA-858,ALFA,ALFA J - G2/G3,,,7.0,Masculino,2022,Escola Pública,7.523491593073594,9.002,6.833333333500001,2.51,8.25,10.0,6.5,,,,7.5,5.0,,,PEDE2024,9.0,Fase 1 (3° e 4° ano),7.248833333,2015-02-09 00:00:00,6.917866666700001,Aluno-858,Cursando,7.5,-1.0,,Fase 1 (3° e 4° ano)
RA-905,ALFA,ALFA J - G2/G3,,,8.0,Masculino,2023,Escola Pública,,9.002,7.7794117645,7.51,3.0,2.0,4.0,,,,6.99,5.0,,,PEDE2024,10.0,Fase 2 (5° e 6° ano),7.831033333,2013-11-27 00:00:00,6.3925823529,Aluno-905,Cursando,6.875,-2.0,,Fase 2 (5° e 6° ano)
RA-907,ALFA,ALFA J - G2/G3,,,7.0,Feminino,2023,Escola Privada,,9.002,8.9444444445,7.51,8.75,10.0,7.5,,,,7.5,5.0,,,PEDE2024,9.0,Fase 1 (3° e 4° ano),8.962033333,2015-10-23 00:00:00,7.9400888889,Aluno-907,Cursando,7.5,-1.0,,Fase 1 (3° e 4° ano)
RA-1320,ALFA,ALFA J - G2/G3,,,8.0,Masculino,2024,Escola Pública,,9.002,9.1666666665,7.51,8.25,9.0,7.5,,,,7.5,5.0,,,PEDE2024,10.0,Fase 1 (3° e 4° ano),,2014-10-30 00:00:00,7.8845333333,Aluno-1320,Cursando,7.5,-1.0,,Fase 1 (3° e 4° ano)
RA-909,ALFA,ALFA J - G2/G3,,,9.0,Feminino,2023,Escola Pública,,10.002,8.1666666665,7.51,8.25,10.0,6.5,,,,7.5,5.0,,,PEDE2024,11.0,Fase 2 (5° e 6° ano),8.486033333,2013-10-22 00:00:00,7.722033333300001,Aluno-909,Cursando,6.875,-2.0,,Fase 2 (5° e 6° ano)
RA-729,ALFA,ALFA J - G2/G3,,,8.0,Feminino,2022,Escola Pública,8.154543650793652,8.002,8.4166666665,2.51,6.0,6.0,6.0,,,,7.5,5.0,,,PEDE2024,10.0,Fase 1 (3° e 4° ano),7.26545,2014-09-03 00:00:00,6.684533333300001,Aluno-729,Cursando,7.5,-1.0,,Fase 1 (3° e 4° ano)
RA-1321,ALFA,ALFA K - G0/G1,,,5.0,Masculino,2024,Escola Pública,,9.002,8.875,6.885,8.75,10.0,7.5,,,,5.915,10.0,,,PEDE2024,7.0,ALFA (1° e 2° ano),,2016-12-03 00:00:00,7.95295,Aluno-1321,Cursando,6.5625,0.0,,ALFA (1° e 2° ano)
RA-1322,ALFA,ALFA K - G0/G1,,,6.0,Feminino,2024,Escola Pública,,9.502,9.0,7.51,7.5,8.5,6.5,,,,8.165,10.0,,,PEDE2024,8.0,ALFA (1° e 2° ano),,2016-07-30 00:00:00,8.47795,Aluno-1322,Cursando,8.4375,0.0,,ALFA (1° e 2° ano)
RA-1323,ALFA,ALFA K - G0/G1,,,7.0,Masculino,2024,Escola Pública,,10.002,9.0833333335,7.51,7.0,10.0,4.0,,,,6.66,5.0,,,PEDE2024,9.0,Fase 1 (3° e 4° ano),,2015-04-14 00:00:00,7.487366666700001,Aluno-1323,Cursando,6.875,-1.0,,Fase 1 (3° e 4° ano)
RA-1324,ALFA,ALFA K - G0/G1,,,7.0,Masculino,2024,Escola Pública,,10.002,10.0,7.51,8.5,10.0,7.0,,,,8.0,5.0,,,PEDE2024,9.0,Fase 1 (3° e 4° ano),,2015-04-18 00:00:00,8.332450000000001,Aluno-1324,Cursando,7.8125,-1.0,,Fase 1 (3° e 4° ano)
RA-931,ALFA,ALFA K - G0/G1,,,7.0,Masculino,2023,Escola Pública,,7.918,8.5833333335,2.51,8.5,8.0,9.0,,,,6.83,5.0,,,PEDE2024,9.0,Fase 1 (3° e 4° ano),7.3747,2015-04-08 00:00:00,7.075466666700001,Aluno-931,Cursando,7.5,-1.0,,Fase 1 (3° e 4° ano)
RA-1325,ALFA,ALFA K - G0/G1,,,6.0,Masculino,2024,Escola Pública,,9.002,9.5227272725,7.51,10.0,10.0,10.0,,,,7.915,10.0,,,PEDE2024,8.0,ALFA (1° e 2° ano),,2016-05-04 00:00:00,8.9824954545,Aluno-1325,Cursando,8.4375,0.0,,ALFA (1° e 2° ano)
RA-1326,ALFA,ALFA K - G0/G1,,,6.0,Feminino,2024,Escola Pública,,9.002,9.2916666665,7.51,4.5,0.0,9.0,,,,7.245,10.0,,,PEDE2024,8.0,ALFA (1° e 2° ano),,2016-06-29 00:00:00,7.6397833333000005,Aluno-1326,Cursando,7.8125,0.0,,ALFA (1° e 2° ano)
RA-1327,ALFA,ALFA K - G0/G1,,,5.0,Feminino,2024,Escola Pública,,9.002,9.3333333335,7.51,7.5,10.0,5.0,,,,7.325,10.0,,,PEDE2024,7.0,ALFA (1° e 2° ano),,2017-03-03 00:00:00,8.264116666700001,Aluno-1327,Cursando,7.8125,0.0,,ALFA (1° e 2° ano)
RA-1328,ALFA,ALFA K - G0/G1,,,6.0,Feminino,2024,Escola Pública,,8.502,8.2083333335,7.51,10.0,10.0,10.0,,,,7.83,5.0,,,PEDE2024,8.0,Fase 1 (3° e 4° ano),,2015-11-18 00:00:00,8.0588666667,Aluno-1328,Cursando,7.5,-1.0,,Fase 1 (3° e 4° ano)
RA-1329,ALFA,ALFA K - G0/G1,,,6.0,Masculino,2024,Escola Pública,,9.502,10.0,7.51,6.5,10.0,3.0,,,,6.66,10.0,,,PEDE2024,8.0,ALFA (1° e 2° ano),,2016-05-25 00:00:00,7.98945,Aluno-1329,Cursando,6.5625,0.0,,ALFA (1° e 2° ano)
RA-1330,ALFA,ALFA K - G0/G1,,,6.0,Feminino,2024,Escola Pública,,10.002,9.3333333335,7.51,9.5,10.0,9.0,,,,7.915,10.0,,,PEDE2024,8.0,ALFA (1° e 2° ano),,2016-10-07 00:00:00,8.944616666700002,Aluno-1330,Cursando,8.4375,0.0,,ALFA (1° e 2° ano)
RA-1331,ALFA,ALFA K - G0/G1,,,5.0,Feminino,2024,Escola Pública,,9.002,7.291666666499999,7.51,7.25,8.0,6.5,,,,7.245,10.0,,,PEDE2024,7.0,ALFA (1° e 2° ano),,2017-03-10 00:00:00,7.8522833333,Aluno-1331,Cursando,8.4375,0.0,,ALFA (1° e 2° ano)
RA-944,ALFA,ALFA L - G2/G3,,,8.0,Feminino,2023,Escola Pública,,9.002,7.25,7.51,9.0,10.0,8.0,,,,7.75,5.0,,,PEDE2024,10.0,Fase 2 (5° e 6° ano),7.0687,2014-01-20 00:00:00,7.8262,Aluno-944,Cursando,8.75,-2.0,,Fase 2 (5° e 6° ano)
RA-1332,ALFA,ALFA L - G2/G3,,,8.0,Masculino,2024,Escola Pública,,8.502,9.411764706,7.51,8.25,10.0,6.5,,,,7.665,5.0,,,PEDE2024,10.0,Fase 2 (5° e 6° ano),,2014-05-03 00:00:00,8.1040529412,Aluno-1332,Cursando,9.375,-2.0,,Fase 2 (5° e 6° ano)
RA-754,ALFA,ALFA L - G2/G3,,,9.0,Masculino,2022,Escola Pública,6.602085000000001,8.502,6.25,5.625,6.25,6.0,6.5,,,,4.75,5.0,,,PEDE2024,11.0,Fase 2 (5° e 6° ano),6.0537,2013-09-05 00:00:00,5.6127,Aluno-754,Cursando,2.5,-2.0,,Fase 2 (5° e 6° ano)
RA-1333,ALFA,ALFA L - G2/G3,,,7.0,Masculino,2024,Escola Pública,,7.502,10.0,6.255,9.25,10.0,8.5,,,,7.75,5.0,,,PEDE2024,9.0,Fase 1 (3° e 4° ano),,2015-05-30 00:00:00,8.213199999999999,Aluno-1333,Cursando,9.375,-1.0,,Fase 1 (3° e 4° ano)
RA-934,ALFA,ALFA L - G2/G3,,,7.0,Feminino,2023,Escola Pública,,9.502,9.75,7.51,8.5,10.0,7.0,,,,7.75,5.0,,,PEDE2024,9.0,Fase 1 (3° e 4° ano),9.1737,2015-09-15 00:00:00,8.338700000000001,Aluno-934,Cursando,9.375,-1.0,,Fase 1 (3° e 4° ano)
RA-1334,ALFA,ALFA L - G2/G3,,,7.0,Masculino,2024,Escola Pública,,10.002,10.0,5.625,9.0,10.0,8.0,,,,7.75,5.0,,,PEDE2024,9.0,Fase 1 (3° e 4° ano),,2015-10-23 00:00:00,8.350200000000001,Aluno-1334,Cursando,9.375,-1.0,,Fase 1 (3° e 4° ano)
RA-941,ALFA,ALFA L - G2/G3,,,7.0,Feminino,2023,Escola Pública,,8.002,9.25,5.01,8.75,10.0,7.5,,,,7.665,5.0,,,PEDE2024,9.0,Fase 1 (3° e 4° ano),7.6872,2015-03-02 00:00:00,7.746700000000001,Aluno-941,Cursando,8.125,-1.0,,Fase 1 (3° e 4° ano)
RA-756,ALFA,ALFA L - G2/G3,,,9.0,Masculino,2022,Escola Pública,6.9760288087452,10.002,8.75,7.51,5.5,10.0,1.0,,,,7.24,5.0,,,PEDE2024,11.0,Fase 2 (5° e 6° ano),7.0927,2013-09-09 00:00:00,7.361700000000001,Aluno-756,Cursando,8.125,-2.0,,Fase 2 (5° e 6° ano)
RA-1335,ALFA,ALFA L - G2/G3,,,8.0,Masculino,2024,Escola Pública,,9.002,9.75,7.51,8.75,10.0,7.5,,,,7.665,5.0,,,PEDE2024,10.0,Fase 2 (5° e 6° ano),,2014-01-24 00:00:00,8.3217,Aluno-1335,Cursando,9.375,-2.0,,Fase 2 (5° e 6° ano)
RA-773,ALFA,ALFA L - G2/G3,,,8.0,Feminino,2022,Escola Pública,6.921727523809524,10.002,8.75,2.51,5.0,8.0,2.0,,,,6.575,5.0,,,PEDE2024,10.0,Fase 2 (5° e 6° ano),6.9287,2013-12-31 00:00:00,6.566200000000001,Aluno-773,Cursando,7.5,-2.0,,Fase 2 (5° e 6° ano)
RA-938,ALFA,ALFA L - G2/G3,,,8.0,Masculino,2023,Escola Pública,,9.502,9.544513457499999,7.51,7.75,10.0,5.5,,,,7.665,5.0,,,PEDE2024,10.0,Fase 1 (3° e 4° ano),6.7372,2014-06-01 00:00:00,8.0056026915,Aluno-938,Cursando,8.125,-1.0,,Fase 1 (3° e 4° ano)
RA-1336,ALFA,ALFA M - G0/G1,,,6.0,Feminino,2024,Escola Pública,,9.502,6.2008281575,2.51,9.5,10.0,9.0,,,,7.75,5.0,,,PEDE2024,8.0,Fase 1 (3° e 4° ano),,2016-05-27 00:00:00,7.141365631500001,Aluno-1336,Cursando,7.5,-1.0,,Fase 1 (3° e 4° ano)
RA-1337,ALFA,ALFA M - G0/G1,,,8.0,Masculino,2024,Escola Pública,,8.002,4.722222222,7.51,6.0,6.0,6.0,,,,5.66,5.0,,,PEDE2024,10.0,Fase 2 (5° e 6° ano),,2014-02-17 00:00:00,6.015144444400001,Aluno-1337,Cursando,6.875,-2.0,,Fase 2 (5° e 6° ano)
RA-1338,ALFA,ALFA M - G0/G1,,,6.0,Masculino,2024,Escola Pública,,8.002,8.6607142855,7.51,3.0,2.0,4.0,,,,5.33,5.0,,,PEDE2024,8.0,Fase 1 (3° e 4° ano),,2015-12-11 00:00:00,6.1368428571,Aluno-1338,Cursando,6.875,-1.0,,Fase 1 (3° e 4° ano)
RA-1339,ALFA,ALFA M - G0/G1,,,6.0,Feminino,2024,Escola Pública,,8.502,10.0,6.885,8.75,10.0,7.5,,,,5.33,5.0,,,PEDE2024,8.0,Fase 1 (3° e 4° ano),,2016-05-14 00:00:00,7.3547,Aluno-1339,Cursando,5.0,-1.0,,Fase 1 (3° e 4° ano)
RA-1340,ALFA,ALFA M - G0/G1,,,6.0,Feminino,2024,Escola Pública,,9.502,8.392857143,7.51,10.0,10.0,10.0,,,,7.0,10.0,,,PEDE2024,8.0,ALFA (1° e 2° ano),,2016-09-11 00:00:00,8.3422714286,Aluno-1340,Cursando,5.625,0.0,,ALFA (1° e 2° ano)
RA-1341,ALFA,ALFA M - G0/G1,,,7.0,Masculino,2024,Escola Pública,,10.002,9.246031746,7.51,10.0,10.0,10.0,,,,6.0,5.0,,,PEDE2024,9.0,Fase 1 (3° e 4° ano),,2015-08-16 00:00:00,7.862906349200001,Aluno-1341,Cursando,5.625,-1.0,,Fase 1 (3° e 4° ano)
RA-947,ALFA,ALFA M - G0/G1,,,7.0,Masculino,2023,Escola Pública,,9.002,7.619047619,7.51,4.5,4.0,5.0,,,,4.58,5.0,,,PEDE2024,9.0,Fase 1 (3° e 4° ano),6.3457,2015-03-02 00:00:00,6.053509523800001,Aluno-947,Cursando,5.625,-1.0,,Fase 1 (3° e 4° ano)
RA-1342,ALFA,ALFA M - G0/G1,,,6.0,Masculino,2024,Escola Pública,,9.502,9.761904762,7.51,9.0,10.0,8.0,,,,5.575,5.0,,,PEDE2024,8.0,Fase 1 (3° e 4° ano),,2015-11-17 00:00:00,7.8185809524000005,Aluno-1342,Cursando,7.5,-1.0,,Fase 1 (3° e 4° ano)
RA-1343,ALFA,ALFA M - G0/G1,,,5.0,Feminino,2024,Escola Pública,,8.002,10.0,7.51,9.75,10.0,9.5,,,,8.5,10.0,,,PEDE2024,7.0,ALFA (1° e 2° ano),,2017-03-08 00:00:00,8.8262,Aluno-1343,Cursando,6.25,0.0,,ALFA (1° e 2° ano)
RA-1344,ALFA,ALFA N - G2/G3,,,6.0,Feminino,2024,Escola Pública,,8.502,10.0,7.51,10.0,10.0,10.0,,,,9.425,10.0,,,PEDE2024,8.0,ALFA (1° e 2° ano),,2016-07-25 00:00:00,9.3612,Aluno-1344,Cursando,8.75,0.0,,ALFA (1° e 2° ano)
RA-945,ALFA,ALFA N - G2/G3,,,7.0,Masculino,2023,Escola Pública,,9.002,9.511904762,2.51,8.75,10.0,7.5,,,,6.83,5.0,,,PEDE2024,9.0,Fase 1 (3° e 4° ano),8.0777,2015-04-02 00:00:00,7.4195809524000005,Aluno-945,Cursando,7.5,-1.0,,Fase 1 (3° e 4° ano)
RA-946,ALFA,ALFA N - G2/G3,,,6.0,Masculino,2023,Escola Pública,,9.502,8.7976190475,2.51,4.5,3.0,6.0,,,,7.835,5.0,,,PEDE2024,8.0,Fase 1 (3° e 4° ano),8.5822,2016-01-11 00:00:00,6.677723809500001,Aluno-946,Cursando,7.5,-1.0,,Fase 1 (3° e 4° ano)
RA-1345,ALFA,ALFA N - G2/G3,,,7.0,Masculino,2023,Escola Pública,,8.502,9.4590643275,7.51,6.25,6.0,6.5,,,,6.83,5.0,,,PEDE2024,9.0,Fase 1 (3° e 4° ano),,2015-09-18 00:00:00,7.2340128655000004,Aluno-1345,Cursando,6.25,-1.0,,Fase 1 (3° e 4° ano)
RA-771,ALFA,ALFA N - G2/G3,,,7.0,Feminino,2022,Escola Pública,7.873412973084886,8.502,6.619047619,3.135,6.5,6.5,6.5,,,,6.08,5.0,,,PEDE2024,9.0,Fase 1 (3° e 4° ano),7.056,2015-11-05 00:00:00,6.066009523800001,Aluno-771,Cursando,5.625,-1.0,,Fase 1 (3° e 4° ano)
RA-1346,ALFA,ALFA N - G2/G3,,,6.0,Masculino,2024,Escola Pública,,9.502,8.0595238095,7.51,5.5,5.0,6.0,,,,6.66,10.0,,,PEDE2024,8.0,ALFA (1° e 2° ano),,2016-10-08 00:00:00,7.3701047619,Aluno-1346,Cursando,6.25,0.0,,ALFA (1° e 2° ano)
RA-1347,ALFA,ALFA N - G2/G3,,,7.0,Masculino,2024,Escola Pública,,8.502,8.7857142855,2.51,5.0,5.0,5.0,,,,6.165,5.0,,,PEDE2024,9.0,Fase 1 (3° e 4° ano),,2015-10-31 00:00:00,6.153842857100001,Aluno-1347,Cursando,5.625,-1.0,,Fase 1 (3° e 4° ano)
RA-949,ALFA,ALFA N - G2/G3,,,7.0,Feminino,2023,Escola Pública,,9.002,8.7857142855,7.51,6.5,6.0,7.0,,,,6.495,5.0,,,PEDE2024,9.0,Fase 1 (3° e 4° ano),8.0172,2015-08-03 00:00:00,7.1323428571,Aluno-949,Cursando,6.25,-1.0,,Fase 1 (3° e 4° ano)
RA-950,ALFA,ALFA N - G2/G3,,,7.0,Feminino,2023,Escola Pública,,9.502,9.023809524,7.51,7.0,7.5,6.5,,,,8.0,5.0,,,PEDE2024,9.0,Fase 1 (3° e 4° ano),8.8862,2014-11-17 00:00:00,7.693461904800001,Aluno-950,Cursando,6.875,-1.0,,Fase 1 (3° e 4° ano)
RA-951,ALFA,ALFA N - G2/G3,,,6.0,Feminino,2023,Escola Privada,,10.002,9.0357142855,2.51,4.0,5.0,3.0,,,,7.325,5.0,,,PEDE2024,8.0,Fase 1 (3° e 4° ano),8.8902,2016-05-23 00:00:00,6.4483428571,Aluno-951,Cursando,6.25,-1.0,,Fase 1 (3° e 4° ano)
RA-1002,ALFA,ALFA N - G2/G3,,,8.0,Feminino,2023,Escola Pública,,9.002,7.833333333500001,7.51,9.25,10.0,8.5,,,,8.25,5.0,,,PEDE2024,10.0,Fase 1 (3° e 4° ano),7.9012,2014-07-13 00:00:00,7.967866666700001,Aluno-1002,Cursando,7.5,-1.0,,Fase 1 (3° e 4° ano)
RA-774,ALFA,ALFA N - G2/G3,,,8.0,Feminino,2022,Escola Pública,7.587060296442688,10.002,6.3928571430000005,2.51,3.75,2.0,5.5,,,,6.405,5.0,,,PEDE2024,10.0,Fase 1 (3° e 4° ano),5.852,2014-09-09 00:00:00,5.685771428600001,Aluno-774,Cursando,6.25,-1.0,,Fase 1 (3° e 4° ano)
RA-749,ALFA,ALFA O - G2/G3,,,8.0,Masculino,2022,Escola Pública,7.484211146117041,9.502,9.7368421055,8.13,8.75,10.0,7.5,,,,7.665,5.0,,,PEDE2024,10.0,Fase 2 (5° e 6° ano),7.7597,2013-12-23 00:00:00,8.3373184211,Aluno-749,Cursando,8.4375,-2.0,,Fase 2 (5° e 6° ano)
RA-929,ALFA,ALFA O - G2/G3,,,7.0,Feminino,2023,Escola Pública,,9.002,9.4736842105,7.51,6.75,7.0,6.5,,,,7.58,5.0,,,PEDE2024,9.0,Fase 1 (3° e 4° ano),9.1312,2015-10-22 00:00:00,7.7244368421,Aluno-929,Cursando,8.125,-1.0,,Fase 1 (3° e 4° ano)
RA-930,ALFA,ALFA O - G2/G3,,,7.0,Masculino,2023,Escola Pública,,8.502,9.7368421055,7.51,8.0,8.0,8.0,,,,7.5,5.0,,,PEDE2024,9.0,Fase 1 (3° e 4° ano),8.8872,2015-10-13 00:00:00,7.9298184211,Aluno-930,Cursando,7.8125,-1.0,,Fase 1 (3° e 4° ano)
RA-787,ALFA,ALFA O - G2/G3,,,8.0,Masculino,2022,Escola Pública,7.205336595776773,9.002,9.75,7.51,7.25,10.0,4.5,,,,7.325,5.0,,,PEDE2024,10.0,Fase 1 (3° e 4° ano),7.5227,2014-08-01 00:00:00,7.73495,Aluno-787,Cursando,7.1875,-1.0,,Fase 1 (3° e 4° ano)
RA-1348,ALFA,ALFA O - G2/G3,,,6.0,Masculino,2024,Escola Pública,,7.502,8.5913312695,7.51,9.0,10.0,8.0,,,,7.83,5.0,,,PEDE2024,8.0,Fase 1 (3° e 4° ano),,2015-12-04 00:00:00,7.9604662539,Aluno-1348,Cursando,8.75,-1.0,,Fase 1 (3° e 4° ano)
RA-935,ALFA,ALFA O - G2/G3,,,8.0,Masculino,2023,Escola Pública,,9.502,10.0,7.51,8.5,10.0,7.0,,,,7.83,5.0,,,PEDE2024,10.0,Fase 1 (3° e 4° ano),7.9535,2014-09-23 00:00:00,8.3422,Aluno-935,Cursando,8.75,-1.0,,Fase 1 (3° e 4° ano)
RA-1349,ALFA,ALFA O - G2/G3,,,8.0,Masculino,2024,Escola Pública,,8.002,8.388888889,7.51,8.5,10.0,7.0,,,,7.915,5.0,,,PEDE2024,10.0,Fase 1 (3° e 4° ano),,2014-09-09 00:00:00,7.855727777800001,Aluno-1349,Cursando,8.4375,-1.0,,Fase 1 (3° e 4° ano)
RA-937,ALFA,ALFA O - G2/G3,,,7.0,Feminino,2023,Escola Pública,,10.002,10.0,9.38,7.5,8.0,7.0,,,,7.83,5.0,,,PEDE2024,9.0,Fase 1 (3° e 4° ano),9.3237,2015-03-03 00:00:00,8.3792,Aluno-937,Cursando,8.75,-1.0,,Fase 1 (3° e 4° ano)
RA-1350,ALFA,ALFA O - G2/G3,,,8.0,Feminino,2024,Escola Pública,,8.502,10.0,8.755,8.5,10.0,7.0,,,,7.83,5.0,,,PEDE2024,10.0,Fase 2 (5° e 6° ano),,2014-04-10 00:00:00,8.335450000000002,Aluno-1350,Cursando,8.4375,-2.0,,Fase 2 (5° e 6° ano)
RA-1351,ALFA,ALFA O - G2/G3,,,7.0,Masculino,2024,Escola Pública,,9.002,9.230769231,8.13,8.75,10.0,7.5,,,,7.665,5.0,,,PEDE2024,9.0,Fase 1 (3° e 4° ano),,2015-04-20 00:00:00,8.1861038462,Aluno-1351,Cursando,8.4375,-1.0,,Fase 1 (3° e 4° ano)
RA-959,ALFA,ALFA O - G2/G3,,,7.0,Masculino,2023,Escola Pública,,10.002,9.7368421055,7.51,9.5,10.0,9.0,,,,7.5,5.0,,,PEDE2024,9.0,Fase 1 (3° e 4° ano),8.6677,2015-08-17 00:00:00,8.379818421100001,Aluno-959,Cursando,7.8125,-1.0,,Fase 1 (3° e 4° ano)
RA-1352,ALFA,ALFA O - G2/G3,,,7.0,Masculino,2024,Escola Pública,,10.002,9.5,8.13,8.5,8.0,9.0,,,,7.665,5.0,,,PEDE2024,9.0,Fase 1 (3° e 4° ano),,2015-03-06 00:00:00,8.289950000000001,Aluno-1352,Cursando,8.4375,-1.0,,Fase 1 (3° e 4° ano)
RA-1353,ALFA,ALFA Q - G2/G3,,,8.0,Feminino,2024,Escola Pública,,8.002,9.5,7.51,3.0,3.5,2.5,,,,6.08,5.0,,,PEDE2024,10.0,Fase 1 (3° e 4° ano),,2014-10-19 00:00:00,6.454700000000001,Aluno-1353,Cursando,6.875,-1.0,,Fase 1 (3° e 4° ano)
RA-1354,ALFA,ALFA Q - G2/G3,,,8.0,Feminino,2024,Escola Pública,,9.502,8.3636363635,7.51,6.0,6.5,5.5,,,,7.335,5.0,,,PEDE2024,10.0,Fase 1 (3° e 4° ano),,2014-07-08 00:00:00,7.353427272700001,Aluno-1354,Cursando,8.125,-1.0,,Fase 1 (3° e 4° ano)
RA-979,ALFA,ALFA Q - G2/G3,,,7.0,Masculino,2023,Escola Pública,,9.502,9.5227272725,7.51,8.25,9.5,7.0,,,,7.335,5.0,,,PEDE2024,9.0,Fase 1 (3° e 4° ano),8.1617,2015-07-19 00:00:00,8.0352454545,Aluno-979,Cursando,8.125,-1.0,,Fase 1 (3° e 4° ano)
RA-1355,ALFA,ALFA Q - G2/G3,,,8.0,Masculino,2024,Escola Pública,,10.002,6.5227272725,7.51,7.0,8.0,6.0,,,,7.17,5.0,,,PEDE2024,10.0,Fase 1 (3° e 4° ano),,2014-10-15 00:00:00,7.202245454500001,Aluno-1355,Cursando,8.125,-1.0,,Fase 1 (3° e 4° ano)
RA-971,ALFA,ALFA Q - G2/G3,,,7.0,Masculino,2023,Escola Pública,,7.418,7.909090909,7.51,6.75,8.5,5.0,,,,6.085,5.0,,,PEDE2024,9.0,Fase 1 (3° e 4° ano),7.0169,2015-03-04 00:00:00,6.8916181818,Aluno-971,Cursando,7.5,-1.0,,Fase 1 (3° e 4° ano)
RA-972,ALFA,ALFA Q - G2/G3,,,7.0,Masculino,2023,Escola Pública,,9.502,8.3863636365,7.51,6.75,8.0,5.5,,,,7.17,5.0,,,PEDE2024,9.0,Fase 1 (3° e 4° ano),7.5427,2015-09-24 00:00:00,7.537472727300001,Aluno-972,Cursando,8.75,-1.0,,Fase 1 (3° e 4° ano)
RA-965,ALFA,ALFA Q - G2/G3,,,8.0,Feminino,2023,Escola Pública,,9.002,6.4772727275,7.51,2.25,2.0,2.5,,,,6.83,5.0,,,PEDE2024,10.0,Fase 2 (5° e 6° ano),6.4832,2014-03-26 00:00:00,6.1376545455,Aluno-965,Cursando,8.75,-2.0,,Fase 2 (5° e 6° ano)
RA-973,ALFA,ALFA Q - G2/G3,,,8.0,Masculino,2023,Escola Pública,,10.002,9.318181818,7.51,3.75,6.5,1.0,,,,6.585,5.0,,,PEDE2024,10.0,Fase 2 (5° e 6° ano),5.82875,2014-02-12 00:00:00,6.9318363636,Aluno-973,Cursando,7.5,-2.0,,Fase 2 (5° e 6° ano)
RA-1356,ALFA,ALFA Q - G2/G3,,,6.0,Feminino,2024,Escola Pública,,9.002,9.4444444445,7.51,5.5,5.5,5.5,,,,7.085,10.0,,,PEDE2024,8.0,ALFA (1° e 2° ano),,2016-08-24 00:00:00,7.8695888889,Aluno-1356,Cursando,8.125,0.0,,ALFA (1° e 2° ano)
RA-966,ALFA,ALFA Q - G2/G3,,,8.0,Masculino,2023,Escola Pública,,9.502,8.568181818,7.51,9.0,9.5,8.5,,,,7.335,5.0,,,PEDE2024,10.0,Fase 2 (5° e 6° ano),7.44345,2014-06-05 00:00:00,7.9943363636,Aluno-966,Cursando,8.125,-2.0,,Fase 2 (5° e 6° ano)
RA-1357,ALFA,ALFA Q - G2/G3,,,7.0,Masculino,2024,Escola Pública,,8.002,7.5,7.51,6.75,8.0,5.5,,,,7.335,5.0,,,PEDE2024,9.0,Fase 1 (3° e 4° ano),,2015-01-27 00:00:00,7.1807,Aluno-1357,Cursando,8.125,-1.0,,Fase 1 (3° e 4° ano)
RA-969,ALFA,ALFA Q - G2/G3,,,7.0,Masculino,2023,Escola Pública,,9.002,7.8636363634999995,7.51,7.25,9.0,5.5,,,,7.335,5.0,,,PEDE2024,9.0,Fase 1 (3° e 4° ano),7.7692,2015-08-17 00:00:00,7.453427272700001,Aluno-969,Cursando,8.125,-1.0,,Fase 1 (3° e 4° ano)
RA-1358,ALFA,ALFA R - G0/G1,,,5.0,Feminino,2024,Escola Pública,,9.168,7.380952381,5.01,4.0,4.0,4.0,,,,6.17,10.0,,,PEDE2024,7.0,ALFA (1° e 2° ano),,2016-11-10 00:00:00,6.552990476200001,Aluno-1358,Cursando,6.25,0.0,,ALFA (1° e 2° ano)
RA-1359,ALFA,ALFA R - G0/G1,,,5.0,Feminino,2024,Escola Pública,,8.502,9.0,5.635,6.0,4.0,8.0,,,,6.17,10.0,,,PEDE2024,7.0,ALFA (1° e 2° ano),,2017-05-20 00:00:00,7.2102,Aluno-1359,Cursando,5.625,0.0,,ALFA (1° e 2° ano)
RA-1360,ALFA,ALFA R - G0/G1,,,6.0,Masculino,2024,Escola Pública,,8.502,7.0018115945,7.51,5.0,0.0,10.0,,,,6.42,10.0,,,PEDE2024,8.0,ALFA (1° e 2° ano),,2016-04-28 00:00:00,6.8480623189,Aluno-1360,Cursando,5.625,0.0,,ALFA (1° e 2° ano)
RA-1361,ALFA,ALFA R - G0/G1,,,6.0,Feminino,2024,Escola Pública,,9.502,9.375,5.635,10.0,10.0,10.0,,,,8.0,10.0,,,PEDE2024,8.0,ALFA (1° e 2° ano),,2016-09-11 00:00:00,8.738700000000001,Aluno-1361,Cursando,7.5,0.0,,ALFA (1° e 2° ano)
RA-975,ALFA,ALFA R - G0/G1,,,6.0,Feminino,2023,Escola Pública,,8.502,7.708333333500001,5.01,8.0,8.0,8.0,,,,7.33,5.0,,,PEDE2024,8.0,Fase 1 (3° e 4° ano),7.7803,2015-12-04 00:00:00,7.1463666667000005,Aluno-975,Cursando,6.875,-1.0,,Fase 1 (3° e 4° ano)
RA-1362,ALFA,ALFA R - G0/G1,,,5.0,Masculino,2024,Escola Pública,,10.002,6.875,5.635,8.5,8.0,9.0,,,,6.915,10.0,,,PEDE2024,7.0,ALFA (1° e 2° ano),,2017-06-02 00:00:00,7.709200000000001,Aluno-1362,Cursando,6.875,0.0,,ALFA (1° e 2° ano)
RA-977,ALFA,ALFA R - G0/G1,,,6.0,Feminino,2023,Escola Pública,,10.002,7.291666666499999,6.26,7.0,5.0,9.0,,,,7.58,5.0,,,PEDE2024,8.0,Fase 1 (3° e 4° ano),7.1717,2015-12-30 00:00:00,7.188033333300001,Aluno-977,Cursando,6.875,-1.0,,Fase 1 (3° e 4° ano)
RA-1363,ALFA,ALFA S - G2/G3,,,5.0,Feminino,2024,Escola Pública,,7.418,10.0,5.635,6.5,6.5,6.5,,,,6.99,10.0,,,PEDE2024,7.0,ALFA (1° e 2° ano),,2017-01-21 00:00:00,7.690800000000001,Aluno-1363,Cursando,6.875,0.0,,ALFA (1° e 2° ano)
RA-981,ALFA,ALFA S - G2/G3,,,6.0,Feminino,2023,Escola Pública,,9.002,7.010869565,6.26,6.0,6.0,6.0,,,,6.99,5.0,,,PEDE2024,8.0,Fase 1 (3° e 4° ano),7.5367,2016-01-20 00:00:00,6.6513739130000005,Aluno-981,Cursando,6.25,-1.0,,Fase 1 (3° e 4° ano)
RA-1364,ALFA,ALFA S - G2/G3,,,7.0,Masculino,2024,Escola Pública,,8.002,8.4166666665,7.51,8.75,9.5,8.0,,,,6.99,5.0,,,PEDE2024,9.0,Fase 1 (3° e 4° ano),,2015-09-24 00:00:00,7.570033333300001,Aluno-1364,Cursando,6.875,-1.0,,Fase 1 (3° e 4° ano)
RA-1365,ALFA,ALFA S - G2/G3,,,7.0,Masculino,2024,Escola Pública,,9.002,9.7916666665,6.26,6.5,5.5,7.5,,,,6.99,5.0,,,PEDE2024,9.0,Fase 1 (3° e 4° ano),,2015-07-21 00:00:00,7.3700333333,Aluno-1365,Cursando,6.875,-1.0,,Fase 1 (3° e 4° ano)
RA-1366,ALFA,ALFA S - G2/G3,,,6.0,Feminino,2024,Escola Pública,,9.002,6.6032608695,7.51,6.5,6.5,6.5,,,,6.99,5.0,,,PEDE2024,8.0,Fase 1 (3° e 4° ano),,2015-11-29 00:00:00,6.919852173900001,Aluno-1366,Cursando,7.5,-1.0,,Fase 1 (3° e 4° ano)
RA-974,ALFA,ALFA S - G2/G3,,,6.0,Masculino,2023,Escola Pública,,9.502,9.282608695499999,7.51,6.5,6.0,7.0,,,,7.5,5.0,,,PEDE2024,8.0,Fase 1 (3° e 4° ano),8.4752,2015-12-09 00:00:00,7.6077217391,Aluno-974,Cursando,7.5,-1.0,,Fase 1 (3° e 4° ano)
RA-1367,ALFA,ALFA S - G2/G3,,,6.0,Feminino,2024,Escola Pública,,10.002,8.3804347825,7.51,8.75,9.0,8.5,,,,7.5,10.0,,,PEDE2024,8.0,ALFA (1° e 2° ano),,2016-08-17 00:00:00,8.427286956500001,Aluno-1367,Cursando,7.5,0.0,,ALFA (1° e 2° ano)
RA-1368,ALFA,ALFA S - G2/G3,,,6.0,Masculino,2024,Escola Pública,,7.002,10.0,7.51,9.5,10.0,9.0,,,,7.5,10.0,,,PEDE2024,8.0,ALFA (1° e 2° ano),,2016-09-18 00:00:00,8.6012,Aluno-1368,Cursando,7.5,0.0,,ALFA (1° e 2° ano)
RA-1369,ALFA,ALFA S - G2/G3,,,5.0,Feminino,2024,Escola Pública,,8.502,8.6304347825,6.26,8.0,8.0,8.0,,,,7.5,10.0,,,PEDE2024,7.0,ALFA (1° e 2° ano),,2017-02-05 00:00:00,8.052286956500001,Aluno-1369,Cursando,7.5,0.0,,ALFA (1° e 2° ano)
RA-978,ALFA,ALFA S - G2/G3,,,6.0,Feminino,2023,Escola Pública,,9.502,9.5,6.26,6.5,6.0,7.0,,,,7.5,5.0,,,PEDE2024,8.0,Fase 1 (3° e 4° ano),8.3877,2015-11-10 00:00:00,7.4637,Aluno-978,Cursando,6.875,-1.0,,Fase 1 (3° e 4° ano)
RA-1370,ALFA,ALFA S - G2/G3,,,7.0,Masculino,2024,Escola Pública,,10.002,8.722222222,7.51,9.0,10.0,8.0,,,,7.5,5.0,,,PEDE2024,9.0,Fase 1 (3° e 4° ano),,2015-09-04 00:00:00,8.0456444444,Aluno-1370,Cursando,7.5,-1.0,,Fase 1 (3° e 4° ano)
RA-1371,ALFA,ALFA S - G2/G3,,,9.0,Feminino,2024,Escola Pública,,7.502,6.9782608695,7.51,4.5,3.0,6.0,,,,7.5,5.0,,,PEDE2024,11.0,Fase 1 (3° e 4° ano),,2013-06-26 00:00:00,6.4843521739,Aluno-1371,Cursando,6.875,-1.0,,Fase 1 (3° e 4° ano)
RA-1372,ALFA,ALFA T - G2/G3,,,6.0,Feminino,2024,Escola Pública,,9.502,10.0,8.13,4.75,3.0,6.5,,,,7.5,10.0,,,PEDE2024,8.0,ALFA (1° e 2° ano),,2016-06-16 00:00:00,7.9632000000000005,Aluno-1372,Cursando,7.5,0.0,,ALFA (1° e 2° ano)
RA-1373,ALFA,ALFA T - G2/G3,,,7.0,Feminino,2024,Escola Pública,,9.502,8.8804347825,7.51,6.75,6.0,7.5,,,,7.5,5.0,,,PEDE2024,9.0,Fase 1 (3° e 4° ano),,2015-08-04 00:00:00,7.577286956500001,Aluno-1373,Cursando,7.5,-1.0,,Fase 1 (3° e 4° ano)
RA-1374,ALFA,ALFA T - G2/G3,,,7.0,Masculino,2024,Escola Pública,,9.502,9.347826087,7.51,5.25,5.0,5.5,,,,7.5,5.0,,,PEDE2024,9.0,Fase 1 (3° e 4° ano),,2015-03-20 00:00:00,7.3707652174,Aluno-1374,Cursando,7.5,-1.0,,Fase 1 (3° e 4° ano)
RA-1375,ALFA,ALFA T - G2/G3,,,7.0,Masculino,2024,Escola Pública,,9.502,10.0,7.51,8.25,10.0,6.5,,,,7.5,5.0,,,PEDE2024,9.0,Fase 1 (3° e 4° ano),,2015-08-01 00:00:00,8.101200000000002,Aluno-1375,Cursando,7.5,-1.0,,Fase 1 (3° e 4° ano)
RA-1376,ALFA,ALFA T - G2/G3,,,7.0,Masculino,2024,Escola Pública,,9.002,9.6153846155,7.51,9.75,10.0,9.5,,,,7.5,5.0,,,PEDE2024,9.0,Fase 1 (3° e 4° ano),,2015-10-16 00:00:00,8.2742769231,Aluno-1376,Cursando,7.5,-1.0,,Fase 1 (3° e 4° ano)
RA-994,ALFA,ALFA T - G2/G3,,,7.0,Feminino,2023,Escola Pública,,9.002,9.532608695499999,6.88,8.25,10.0,6.5,,,,7.33,5.0,,,PEDE2024,9.0,Fase 1 (3° e 4° ano),7.4127,2014-12-18 00:00:00,7.7982217391,Aluno-994,Cursando,6.875,-1.0,,Fase 1 (3° e 4° ano)
RA-1377,ALFA,ALFA T - G2/G3,,,6.0,Masculino,2024,Escola Pública,,9.002,10.0,8.13,5.5,5.0,6.0,,,,6.99,10.0,,,PEDE2024,8.0,ALFA (1° e 2° ano),,2016-08-09 00:00:00,7.8987,Aluno-1377,Cursando,6.875,0.0,,ALFA (1° e 2° ano)
RA-1378,ALFA,ALFA U - G2/G3,,,8.0,Feminino,2024,Escola Pública,,9.002,9.2857142855,8.13,6.75,7.5,6.0,,,,7.5,5.0,,,PEDE2024,10.0,Fase 1 (3° e 4° ano),,2014-09-30 00:00:00,7.6703428571,Aluno-1378,Cursando,7.5,-1.0,,Fase 1 (3° e 4° ano)
RA-1379,ALFA,ALFA U - G2/G3,,,6.0,Masculino,2024,Escola Pública,,9.502,8.6842105265,3.755,7.25,8.5,6.0,,,,5.16,5.0,,,PEDE2024,8.0,Fase 1 (3° e 4° ano),,2016-03-14 00:00:00,6.638292105300001,Aluno-1379,Cursando,5.9375,-1.0,,Fase 1 (3° e 4° ano)
RA-1380,ALFA,ALFA U - G2/G3,,,6.0,Masculino,2024,Escola Pública,,9.502,8.784461152999999,4.385,8.0,10.0,6.0,,,,7.5,10.0,,,PEDE2024,8.0,ALFA (1° e 2° ano),,2016-11-01 00:00:00,7.964342230600001,Aluno-1380,Cursando,7.1875,0.0,,ALFA (1° e 2° ano)
RA-770,ALFA,ALFA U - G2/G3,,,7.0,Masculino,2022,Escola Pública,8.143474555555557,10.002,9.022556391,7.51,5.0,4.0,6.0,,,,7.5,5.0,,,PEDE2024,9.0,Fase 1 (3° e 4° ano),6.6785,2015-06-07 00:00:00,7.3057112782,Aluno-770,Cursando,7.5,-1.0,,Fase 1 (3° e 4° ano)
RA-1381,ALFA,ALFA U - G2/G3,,,6.0,Feminino,2024,Escola Pública,,9.502,10.0,8.13,9.5,10.0,9.0,,,,7.5,10.0,,,PEDE2024,8.0,ALFA (1° e 2° ano),,2016-06-18 00:00:00,9.038200000000002,Aluno-1381,Cursando,8.75,0.0,,ALFA (1° e 2° ano)
RA-1382,ALFA,ALFA U - G2/G3,,,7.0,Feminino,2024,Escola Pública,,8.502,9.761904762,7.51,7.5,8.0,7.0,,,,7.5,5.0,,,PEDE2024,9.0,Fase 1 (3° e 4° ano),,2015-08-17 00:00:00,7.834830952400001,Aluno-1382,Cursando,7.8125,-1.0,,Fase 1 (3° e 4° ano)
RA-1383,ALFA,ALFA U - G2/G3,,,6.0,Feminino,2024,Escola Pública,,8.502,9.2606516295,7.51,8.5,10.0,7.0,,,,7.5,10.0,,,PEDE2024,8.0,ALFA (1° e 2° ano),,2016-04-23 00:00:00,8.3720803259,Aluno-1383,Cursando,7.1875,0.0,,ALFA (1° e 2° ano)
RA-1384,ALFA,ALFA U - G2/G3,,,8.0,Masculino,2024,Escola Pública,,8.002,7.5689223055,7.51,5.0,5.0,5.0,,,,5.16,5.0,,,PEDE2024,10.0,Fase 2 (5° e 6° ano),,2014-05-13 00:00:00,6.221984461100001,Aluno-1384,Cursando,6.25,-2.0,,Fase 2 (5° e 6° ano)
RA-1385,ALFA,ALFA U - G2/G3,,,6.0,Masculino,2024,Escola Pública,,10.002,10.0,4.385,8.0,9.0,7.0,,,,7.5,5.0,,,PEDE2024,8.0,Fase 1 (3° e 4° ano),,2015-12-04 00:00:00,7.7262,Aluno-1385,Cursando,6.875,-1.0,,Fase 1 (3° e 4° ano)
RA-1386,ALFA,ALFA U - G2/G3,,,6.0,Feminino,2024,Escola Pública,,9.002,9.761904762,7.51,7.25,8.5,6.0,,,,7.5,5.0,,,PEDE2024,8.0,Fase 1 (3° e 4° ano),,2016-03-05 00:00:00,7.803580952400001,Aluno-1386,Cursando,7.5,-1.0,,Fase 1 (3° e 4° ano)
RA-1387,ALFA,ALFA U - G2/G3,,,6.0,Feminino,2024,Escola Pública,,9.502,8.759398496,7.51,8.0,9.0,7.0,,,,7.5,5.0,,,PEDE2024,8.0,Fase 1 (3° e 4° ano),,2016-02-27 00:00:00,7.8030796992,Aluno-1387,Cursando,7.5,-1.0,,Fase 1 (3° e 4° ano)
RA-1388,ALFA,ALFA Y - G0/G1,,,6.0,Feminino,2024,Escola Pública,,9.002,8.214285713999999,6.88,5.0,4.0,6.0,,,,7.67,5.0,,,PEDE2024,8.0,Fase 1 (3° e 4° ano),,2016-03-04 00:00:00,7.015057142799999,Aluno-1388,Cursando,7.5,-1.0,,Fase 1 (3° e 4° ano)
RA-1389,ALFA,ALFA Y - G0/G1,,,5.0,Feminino,2024,Escola Pública,,9.002,9.7916666665,6.88,10.0,10.0,10.0,,,,8.42,10.0,,,PEDE2024,7.0,ALFA (1° e 2° ano),,2017-03-12 00:00:00,8.980533333299999,Aluno-1389,Cursando,7.5,0.0,,ALFA (1° e 2° ano)
RA-1390,ALFA,ALFA Y - G0/G1,,,5.0,Feminino,2024,Escola Pública,,9.502,9.7916666665,5.005,8.25,8.0,8.5,,,,8.42,10.0,,,PEDE2024,7.0,ALFA (1° e 2° ano),,2016-11-12 00:00:00,8.4930333333,Aluno-1390,Cursando,7.5,0.0,,ALFA (1° e 2° ano)
RA-1391,ALFA,ALFA Y - G0/G1,,,5.0,Masculino,2024,Escola Pública,,8.502,9.2916666665,7.51,10.0,10.0,10.0,,,,8.17,10.0,,,PEDE2024,7.0,ALFA (1° e 2° ano),,2016-12-14 00:00:00,8.8435333333,Aluno-1391,Cursando,7.5,0.0,,ALFA (1° e 2° ano)
RA-1392,ALFA,ALFA Y - G0/G1,,,7.0,Masculino,2024,Escola Pública,,9.002,5.625,7.51,0.0,0.0,0.0,,,,7.0,5.0,,,PEDE2024,9.0,Fase 1 (3° e 4° ano),,2015-01-06 00:00:00,5.4262,Aluno-1392,Cursando,7.5,-1.0,,Fase 1 (3° e 4° ano)
RA-1393,ALFA,ALFA Y - G0/G1,,,5.0,Feminino,2024,Escola Pública,,9.502,7.5,3.755,5.0,10.0,0.0,,,,8.42,10.0,,,PEDE2024,7.0,ALFA (1° e 2° ano),,2017-05-02 00:00:00,7.2597000000000005,Aluno-1393,Cursando,7.5,0.0,,ALFA (1° e 2° ano)
RA-990,1A,1A,,,8.0,Masculino,2023,Escola Pública,,9.502,7.5,7.51,8.0,9.5,6.5,,,,8.336666667,5.0,,,PEDE2024,10.0,Fase 2 (5° e 6° ano),7.254,2014-06-12 00:00:00,7.812283333400001,Aluno-990,Cursando,8.4375,-1.0,,Fase 2 (5° e 6° ano)
RA-1394,1A,1A,,,8.0,Feminino,2024,Escola Pública,,9.502,8.6944444445,7.51,5.75,5.5,6.0,,,,8.003333333,5.0,,,PEDE2024,10.0,Fase 2 (5° e 6° ano),,2013-12-26 00:00:00,7.503255555500002,Aluno-1394,Cursando,8.125,-1.0,,Fase 2 (5° e 6° ano)
RA-991,1A,1A,,,8.0,Feminino,2023,Escola Pública,,9.002,8.181818182,6.26,6.5,7.0,6.0,,,,6.723333333,5.0,,,PEDE2024,10.0,Fase 2 (5° e 6° ano),7.7687,2014-04-30 00:00:00,7.057230303000001,Aluno-991,Cursando,7.5,-1.0,,Fase 2 (5° e 6° ano)
RA-1018,1A,1A,,,8.0,Masculino,2023,Escola Pública,,8.502,7.727272727,6.26,8.25,8.5,8.0,,,,8.45,5.0,,,PEDE2024,10.0,Fase 2 (5° e 6° ano),6.824,2013-12-10 00:00:00,7.7054045454,Aluno-1018,Cursando,8.4375,-1.0,,Fase 2 (5° e 6° ano)
RA-1395,1A,1A,,,7.0,Feminino,2024,Escola Pública,,9.502,10.0,7.51,7.75,7.5,8.0,,,,7.836666667,10.0,,,PEDE2024,9.0,Fase 1 (3° e 4° ano),,2014-12-12 00:00:00,8.5997833334,Aluno-1395,Cursando,7.8125,0.0,,Fase 1 (3° e 4° ano)
RA-1396,1A,1A,,,9.0,Feminino,2024,Escola Pública,,9.502,10.0,7.51,6.5,6.0,7.0,,,,7.67,5.0,,,PEDE2024,11.0,Fase 2 (5° e 6° ano),,2013-07-30 00:00:00,7.8477,Aluno-1396,Cursando,8.125,-1.0,,Fase 2 (5° e 6° ano)
RA-1025,1A,1A,,,8.0,Masculino,2023,Escola Pública,,9.002,7.727272727,7.51,9.0,10.0,8.0,,,,7.783333333,5.0,,,PEDE2024,10.0,Fase 2 (5° e 6° ano),8.215158333,2013-12-18 00:00:00,7.897071212,Aluno-1025,Cursando,8.4375,-1.0,,Fase 2 (5° e 6° ano)
RA-1019,1A,1A,,,7.0,Feminino,2023,Escola Pública,,9.502,9.3073593075,6.26,8.75,9.5,8.0,,,,8.616666667,10.0,,,PEDE2024,9.0,Fase 1 (3° e 4° ano),7.177033333,2015-03-23 00:00:00,8.692255194900001,Aluno-1019,Cursando,7.8125,0.0,,Fase 1 (3° e 4° ano)
RA-879,1A,1A,,,8.0,Feminino,2023,Escola Pública,,9.502,9.090909091,6.26,8.5,8.0,9.0,,,,8.67,5.0,,,PEDE2024,10.0,Fase 2 (5° e 6° ano),6.8225,2014-03-05 00:00:00,8.1096318182,Aluno-879,Cursando,7.8125,-1.0,,Fase 2 (5° e 6° ano)
RA-1020,1A,1A,,,8.0,Feminino,2023,Escola Pública,,9.002,9.7727272725,6.88,9.0,10.0,8.0,,,,8.84,10.0,,,PEDE2024,10.0,Fase 1 (3° e 4° ano),7.612283333,2014-07-25 00:00:00,8.9544954545,Aluno-1020,Cursando,8.4375,0.0,,Fase 1 (3° e 4° ano)
RA-1021,1A,1A,,,8.0,Masculino,2023,Escola Pública,,9.502,9.318181818,7.51,8.0,9.0,7.0,,,,7.95,5.0,,,PEDE2024,10.0,Fase 2 (5° e 6° ano),6.964616667,2014-03-10 00:00:00,8.0985863636,Aluno-1021,Cursando,8.4375,-1.0,,Fase 2 (5° e 6° ano)
RA-1022,1A,1A,,,8.0,Masculino,2023,Escola Pública,,9.502,9.318181818,6.26,6.5,5.5,7.5,,,,8.116666667,5.0,,,PEDE2024,10.0,Fase 2 (5° e 6° ano),7.164616667,2014-02-25 00:00:00,7.613169697000002,Aluno-1022,Cursando,7.5,-1.0,,Fase 2 (5° e 6° ano)
RA-1397,1A,1A,,,8.0,Feminino,2024,Escola Pública,,9.002,10.0,6.26,7.0,7.0,7.0,,,,7.946666667,5.0,,,PEDE2024,10.0,Fase 2 (5° e 6° ano),,2014-04-26 00:00:00,7.8280333334000005,Aluno-1397,Cursando,8.125,-1.0,,Fase 2 (5° e 6° ano)
RA-699,1A,1A,,,9.0,Masculino,2022,Escola Pública,6.657746209461563,6.334,7.727272727000001,6.26,6.5,7.0,6.0,,,,5.833333333,5.0,,,PEDE2024,11.0,Fase 2 (5° e 6° ano),6.389991667,2013-07-13 00:00:00,6.427771212000001,Aluno-699,Cursando,6.5625,-1.0,,Fase 2 (5° e 6° ano)
RA-1398,1B,1B,,,9.0,Feminino,2024,Escola Pública,,6.918,9.555335968,7.51,8.0,8.0,8.0,,,,8.616666667,5.0,,,PEDE2024,11.0,Fase 2 (5° e 6° ano),,2013-02-08 00:00:00,7.989700527000001,Aluno-1398,Cursando,8.125,-1.0,,Fase 2 (5° e 6° ano)
RA-871,1B,1B,,,8.0,Masculino,2023,Escola Pública,,8.502,9.328063240999999,4.38,7.25,6.0,8.5,,,,5.783333333,10.0,,,PEDE2024,10.0,Fase 1 (3° e 4° ano),6.8617,2014-06-21 00:00:00,7.2917293147999995,Aluno-871,Cursando,5.3125,0.0,,Fase 1 (3° e 4° ano)
RA-1399,1B,1B,,,9.0,Feminino,2024,Escola Pública,,9.002,9.7727272725,5.005,6.0,6.0,6.0,,,,8.166666667,5.0,,,PEDE2024,11.0,Fase 2 (5° e 6° ano),,2013-03-01 00:00:00,7.438578787899999,Aluno-1399,Cursando,7.5,-1.0,,Fase 2 (5° e 6° ano)
RA-873,1B,1B,,,10.0,Feminino,2023,Escola Pública,,8.002,10.0,6.88,6.75,7.0,6.5,,,,7.77,5.0,,,PEDE2024,12.0,Fase 3 (7° e 8° ano),7.8012,2012-03-01 00:00:00,7.61095,Aluno-873,Cursando,7.1875,-2.0,,Fase 3 (7° e 8° ano)
RA-898,1B,1B,,,8.0,Masculino,2023,Escola Pública,,6.418,10.0,7.51,7.5,9.0,6.0,,,,8.616666667,5.0,,,PEDE2024,10.0,Fase 2 (5° e 6° ano),8.4217,2014-06-03 00:00:00,7.8661333334000005,Aluno-898,Cursando,7.5,-1.0,,Fase 2 (5° e 6° ano)
RA-750,1B,1B,,,10.0,Masculino,2021,Escola Pública,6.344244591269144,6.249,5.938735178,4.38,3.75,0.5,7.0,,,,3.176666667,5.0,,,PEDE2024,12.0,Fase 3 (7° e 8° ano),5.6857,2012-03-06 00:00:00,4.542230369,Aluno-750,Cursando,4.0625,-2.0,,Fase 3 (7° e 8° ano)
RA-899,1B,1B,,,7.0,Masculino,2023,Escola Pública,,10.002,9.1007905135,5.635,8.25,8.0,8.5,,,,7.893333333,10.0,,,PEDE2024,9.0,Fase 1 (3° e 4° ano),8.8452,2015-03-27 00:00:00,8.425024769300002,Aluno-899,Cursando,8.125,0.0,,Fase 1 (3° e 4° ano)
RA-878,1B,1B,,,9.0,Masculino,2023,Escola Pública,,9.002,6.1363636360000005,4.38,6.75,6.0,7.5,,,,6.996666667,5.0,,,PEDE2024,11.0,Fase 2 (5° e 6° ano),6.24,2013-07-22 00:00:00,6.5335560606000005,Aluno-878,Cursando,7.1875,-1.0,,Fase 2 (5° e 6° ano)
RA-893,1B,1B,,,8.0,Masculino,2023,Escola Pública,,9.002,10.0,7.51,9.25,10.0,8.5,,,,7.886666667,10.0,,,PEDE2024,10.0,Fase 1 (3° e 4° ano),8.8042,2014-10-05 00:00:00,8.8910333334,Aluno-893,Cursando,8.125,0.0,,Fase 1 (3° e 4° ano)
RA-1024,1B,1B,,,9.0,Feminino,2023,Escola Pública,,8.002,10.0,7.51,10.0,10.0,10.0,,,,8.783333333,5.0,,,PEDE2024,11.0,Fase 2 (5° e 6° ano),7.788875,2013-05-17 00:00:00,8.6516166666,Aluno-1024,Cursando,8.4375,-1.0,,Fase 2 (5° e 6° ano)
RA-900,1B,1B,,,7.0,Feminino,2023,Escola Pública,,9.002,9.318181818,8.13,8.5,8.0,9.0,,,,8.563333333,10.0,,,PEDE2024,9.0,Fase 1 (3° e 4° ano),8.8947,2015-03-18 00:00:00,8.802003030200002,Aluno-900,Cursando,8.125,0.0,,Fase 1 (3° e 4° ano)
RA-903,1B,1B,,,7.0,Feminino,2023,Escola Pública,,10.002,9.7727272725,7.505,5.0,6.0,4.0,,,,7.946666667,10.0,,,PEDE2024,9.0,Fase 1 (3° e 4° ano),8.5242,2015-04-04 00:00:00,8.0758287879,Aluno-903,Cursando,7.8125,0.0,,Fase 1 (3° e 4° ano)
RA-1400,1B,1B,,,7.0,Masculino,2024,Escola Pública,,8.418,6.6501976285,7.51,7.25,6.5,8.0,,,,7.5,10.0,,,PEDE2024,9.0,Fase 1 (3° e 4° ano),,2015-01-18 00:00:00,7.622839525700001,Aluno-1400,Cursando,7.5,0.0,,Fase 1 (3° e 4° ano)
RA-851,1B,1B,,,8.0,Masculino,2022,Escola Pública,7.515200746031747,9.002,7.3221343875,5.63,6.0,5.0,7.0,,,,5.106666667,5.0,,,PEDE2024,10.0,Fase 2 (5° e 6° ano),6.1683,2014-03-03 00:00:00,6.2114602109,Aluno-851,Cursando,5.625,-1.0,,Fase 2 (5° e 6° ano)
RA-1028,1B,1B,,,10.0,Masculino,2023,Escola Pública,,8.002,7.055335968,5.63,7.5,6.0,9.0,,,,8.393333333,5.0,,,PEDE2024,12.0,Fase 3 (7° e 8° ano),6.415708333,2012-02-17 00:00:00,7.1404338602,Aluno-1028,Cursando,6.875,-2.0,,Fase 3 (7° e 8° ano)
RA-922,1C,1C,,,7.0,Feminino,2023,Escola Pública,,9.002,9.5227272725,7.51,7.75,7.5,8.0,,,,8.17,10.0,,,PEDE2024,9.0,Fase 1 (3° e 4° ano),8.5262,2014-12-03 00:00:00,8.5209954545,Aluno-922,Cursando,7.8125,0.0,,Fase 1 (3° e 4° ano)
RA-684,1C,1C,,,7.0,Masculino,2022,Escola Privada,8.259504831168831,10.002,9.090909091,7.51,4.25,2.5,6.0,,,,8.0,10.0,,,PEDE2024,9.0,Fase 1 (3° e 4° ano),7.4277,2015-01-15 00:00:00,7.769381818200001,Aluno-684,Cursando,7.5,0.0,,Fase 1 (3° e 4° ano)
RA-1031,1C,1C,,,9.0,Masculino,2023,Escola Pública,,9.502,8.6363636365,7.51,6.25,5.5,7.0,,,,5.83,5.0,,,PEDE2024,11.0,Fase 2 (5° e 6° ano),7.0602,2013-03-13 00:00:00,6.8757227273,Aluno-1031,Cursando,5.3125,-1.0,,Fase 2 (5° e 6° ano)
RA-892,1C,1C,,,7.0,Masculino,2023,Escola Pública,,8.002,10.0,7.51,8.75,10.0,7.5,,,,7.92,10.0,,,PEDE2024,9.0,Fase 1 (3° e 4° ano),8.8112,2015-01-16 00:00:00,8.697700000000001,Aluno-892,Cursando,8.125,0.0,,Fase 1 (3° e 4° ano)
RA-1029,1C,1C,,,8.0,Feminino,2023,Escola Pública,,9.002,8.7954545455,6.885,8.75,8.0,9.5,,,,7.25,5.0,,,PEDE2024,10.0,Fase 2 (5° e 6° ano),7.058533333,2014-02-22 00:00:00,7.797790909100001,Aluno-1029,Cursando,7.5,-1.0,,Fase 2 (5° e 6° ano)
RA-1032,1C,1C,,,9.0,Masculino,2023,Escola Pública,,8.502,9.75,7.51,8.0,9.0,7.0,,,,7.92,5.0,,,PEDE2024,11.0,Fase 2 (5° e 6° ano),7.434033333,2013-06-05 00:00:00,8.01645,Aluno-1032,Cursando,7.8125,-1.0,,Fase 2 (5° e 6° ano)
RA-894,1C,1C,,,8.0,Feminino,2023,Escola Pública,,10.002,10.0,7.51,9.5,9.0,10.0,,,,8.42,5.0,,,PEDE2024,10.0,Fase 2 (5° e 6° ano),8.8142,2014-04-14 00:00:00,8.67895,Aluno-894,Cursando,8.4375,-1.0,,Fase 2 (5° e 6° ano)
RA-1401,1C,1C,,,11.0,Masculino,2024,Escola Pública,,6.918,8.888888889,7.51,10.0,10.0,10.0,,,,8.085,5.0,,,PEDE2024,13.0,Fase 3 (7° e 8° ano),,2011-04-30 00:00:00,8.1188277778,Aluno-1401,Cursando,7.8125,-2.0,,Fase 3 (7° e 8° ano)
RA-896,1C,1C,,,6.0,Masculino,2023,Escola Pública,,8.502,9.7727272725,7.51,6.5,6.5,6.5,,,,8.085,10.0,,,PEDE2024,8.0,Fase 1 (3° e 4° ano),9.0912,2015-12-24 00:00:00,8.2852454545,Aluno-896,Cursando,8.125,0.0,,Fase 1 (3° e 4° ano)
RA-693,1C,1C,,,7.0,Feminino,2022,Escola Pública,7.9440482857142865,10.002,9.5227272725,9.38,8.0,8.0,8.0,,,,8.42,10.0,,,PEDE2024,9.0,Fase 1 (3° e 4° ano),9.0112,2015-04-03 00:00:00,8.9079954545,Aluno-693,Cursando,7.8125,0.0,,Fase 1 (3° e 4° ano)
RA-743,1C,1C,,,9.0,Feminino,2022,Escola Pública,6.671589693957115,9.002,9.2727272725,7.51,7.0,6.5,7.5,,,,7.5,5.0,,,PEDE2024,11.0,Fase 2 (5° e 6° ano),6.659,2013-08-31 00:00:00,7.655745454500001,Aluno-743,Cursando,7.5,-1.0,,Fase 2 (5° e 6° ano)
RA-681,1C,1C,,,9.0,Masculino,2022,Escola Privada,7.203704703703704,9.502,7.840909091,6.26,2.5,5.0,0.0,,,,6.665,5.0,,,PEDE2024,11.0,Fase 2 (5° e 6° ano),6.2955,2012-12-14 00:00:00,6.0398818182000005,Aluno-681,Cursando,5.625,-1.0,,Fase 2 (5° e 6° ano)
RA-1035,1C,1C,,,8.0,Masculino,2023,Escola Pública,,9.502,9.0227272725,7.51,7.0,6.5,7.5,,,,7.92,5.0,,,PEDE2024,10.0,Fase 2 (5° e 6° ano),6.888833333,2014-01-31 00:00:00,7.833495454500001,Aluno-1035,Cursando,8.4375,-1.0,,Fase 2 (5° e 6° ano)
RA-850,1C,1C,,,8.0,Masculino,2022,Escola Pública,7.640722218045114,10.002,9.2727272725,6.255,7.75,6.0,9.5,,,,7.92,5.0,,,PEDE2024,10.0,Fase 2 (5° e 6° ano),6.06525,2014-01-22 00:00:00,7.864245454500001,Aluno-850,Cursando,7.5,-1.0,,Fase 2 (5° e 6° ano)
RA-1402,1D,1D,,,8.0,Feminino,2024,Escola Pública,,10.002,9.5454545455,7.51,7.25,7.0,7.5,,,,8.17,10.0,,,PEDE2024,10.0,Fase 1 (3° e 4° ano),,2014-07-07 00:00:00,8.588040909100002,Aluno-1402,Cursando,8.4375,0.0,,Fase 1 (3° e 4° ano)
RA-1403,1D,1D,,,9.0,Feminino,2024,Escola Pública,,9.002,9.3073593075,7.51,8.75,7.5,10.0,,,,8.255,5.0,,,PEDE2024,11.0,Fase 2 (5° e 6° ano),,2013-06-08 00:00:00,8.257421861500001,Aluno-1403,Cursando,8.4375,-1.0,,Fase 2 (5° e 6° ano)
RA-1404,1D,1D,,,7.0,Feminino,2024,Escola Pública,,8.502,9.090909091,7.51,7.5,6.0,9.0,,,,8.17,10.0,,,PEDE2024,9.0,Fase 1 (3° e 4° ano),,2014-12-25 00:00:00,8.3971318182,Aluno-1404,Cursando,8.4375,0.0,,Fase 1 (3° e 4° ano)
RA-923,1D,1D,,,7.0,Feminino,2023,Escola Pública,,8.002,7.9545454545,7.51,5.5,5.0,6.0,,,,8.17,10.0,,,PEDE2024,9.0,Fase 1 (3° e 4° ano),8.8842,2015-04-01 00:00:00,7.688609090900001,Aluno-923,Cursando,8.125,0.0,,Fase 1 (3° e 4° ano)
RA-847,1D,1D,,,9.0,Masculino,2022,Escola Pública,6.83936507936508,9.002,4.5454545455,5.01,1.0,0.0,2.0,,,,6.245,5.0,,,PEDE2024,11.0,Fase 2 (5° e 6° ano),6.5418,2013-04-30 00:00:00,5.009290909100001,Aluno-847,Cursando,7.5,-1.0,,Fase 2 (5° e 6° ano)
RA-1405,1D,1D,,,8.0,Feminino,2024,Escola Pública,,8.002,8.6363636365,7.51,8.75,8.0,9.5,,,,8.17,10.0,,,PEDE2024,10.0,Fase 1 (3° e 4° ano),,2014-09-29 00:00:00,8.4749727273,Aluno-1405,Cursando,8.125,0.0,,Fase 1 (3° e 4° ano)
RA-1406,1D,1D,,,8.0,Feminino,2024,Escola Pública,,8.002,8.8636363635,7.51,7.5,5.5,9.5,,,,8.255,5.0,,,PEDE2024,10.0,Fase 2 (5° e 6° ano),,2014-04-10 00:00:00,7.8186772727000005,Aluno-1406,Cursando,8.4375,-1.0,,Fase 2 (5° e 6° ano)
RA-1407,1D,1D,,,8.0,Masculino,2024,Escola Pública,,10.002,9.318181818,7.51,5.75,5.5,6.0,,,,7.5,5.0,,,PEDE2024,10.0,Fase 2 (5° e 6° ano),,2014-06-01 00:00:00,7.546086363600001,Aluno-1407,Cursando,7.8125,-1.0,,Fase 2 (5° e 6° ano)
RA-1408,1D,1D,,,9.0,Masculino,2024,Escola Pública,,10.002,8.409090909,7.51,6.75,5.5,8.0,,,,7.5,5.0,,,PEDE2024,11.0,Fase 2 (5° e 6° ano),,2013-07-22 00:00:00,7.626768181800001,Aluno-1408,Cursando,8.4375,-1.0,,Fase 2 (5° e 6° ano)
RA-1409,1D,1D,,,8.0,Masculino,2024,Escola Pública,,10.002,9.0909090905,7.51,7.25,7.5,7.0,,,,7.5,5.0,,,PEDE2024,10.0,Fase 2 (5° e 6° ano),,2014-02-04 00:00:00,7.863131818100001,Aluno-1409,Cursando,8.4375,-1.0,,Fase 2 (5° e 6° ano)
RA-1410,1E,1E,,,9.0,Masculino,2024,Escola Pública,,9.002,8.1136363635,7.51,6.25,6.5,6.0,,,,8.165,5.0,,,PEDE2024,11.0,Fase 2 (5° e 6° ano),,2013-10-28 00:00:00,7.5319272727,Aluno-1410,Cursando,8.75,-1.0,,Fase 2 (5° e 6° ano)
RA-874,1E,1E,,,8.0,Masculino,2023,Escola Pública,,9.502,4.696969697,6.26,7.75,6.0,9.5,,,,7.915,5.0,,,PEDE2024,10.0,Fase 2 (5° e 6° ano),5.811,2013-11-17 00:00:00,7.0235939394,Aluno-874,Cursando,8.75,-1.0,,Fase 2 (5° e 6° ano)
RA-1411,1E,1E,,,9.0,Masculino,2024,Escola Pública,,9.002,9.5,6.26,2.75,5.5,0.0,,,,7.835,5.0,,,PEDE2024,11.0,Fase 2 (5° e 6° ano),,2013-02-25 00:00:00,6.886950000000001,Aluno-1411,Cursando,8.4375,-1.0,,Fase 2 (5° e 6° ano)
RA-1412,1E,1E,,,8.0,Masculino,2024,Escola Pública,,10.002,9.3073593075,7.51,9.75,10.0,9.5,,,,8.835,10.0,,,PEDE2024,10.0,Fase 1 (3° e 4° ano),,2014-09-10 00:00:00,9.204671861500001,Aluno-1412,Cursando,8.75,0.0,,Fase 1 (3° e 4° ano)
RA-690,1E,1E,,,9.0,Feminino,2022,Escola Pública,7.5405708421052635,7.918,8.409090909,7.51,6.25,7.5,5.0,,,,7.835,5.0,,,PEDE2024,11.0,Fase 2 (5° e 6° ano),8.6112,2013-09-01 00:00:00,7.3853681818000005,Aluno-690,Cursando,8.4375,-1.0,,Fase 2 (5° e 6° ano)
RA-1413,1E,1E,,,10.0,Masculino,2024,Escola Pública,,9.002,8.593073593,7.51,7.25,7.5,7.0,,,,7.92,5.0,,,PEDE2024,12.0,Fase 3 (7° e 8° ano),,2012-03-21 00:00:00,7.747564718600001,Aluno-1413,Cursando,8.4375,-2.0,,Fase 3 (7° e 8° ano)
RA-1414,1E,1E,,,8.0,Feminino,2024,Escola Pública,,9.502,9.2965367965,6.885,8.5,10.0,7.0,,,,8.835,10.0,,,PEDE2024,10.0,Fase 1 (3° e 4° ano),,2014-10-26 00:00:00,8.840007359300001,Aluno-1414,Cursando,8.75,0.0,,Fase 1 (3° e 4° ano)
RA-995,1E,1E,,,10.0,Feminino,2023,Escola Pública,,10.002,5.3896103895,5.635,2.0,0.0,4.0,,,,4.25,5.0,,,PEDE2024,12.0,Fase 3 (7° e 8° ano),6.4782,2012-04-02 00:00:00,5.110372077899999,Aluno-995,Cursando,7.1875,-2.0,,Fase 3 (7° e 8° ano)
RA-853,1G,1G,,,8.0,Feminino,2022,Escola Pública,8.616243765480895,8.502,9.5833333335,6.26,6.25,6.5,6.0,,,,7.553333333,10.0,,,PEDE2024,10.0,Fase 1 (3° e 4° ano),7.8402,2014-07-19 00:00:00,7.986866666600001,Aluno-853,Cursando,8.333333333,0.0,,Fase 1 (3° e 4° ano)
RA-854,1G,1G,,,7.0,Feminino,2022,Escola Pública,8.098496318150449,9.502,10.0,6.26,7.0,7.0,7.0,,,,6.333333333,10.0,,,PEDE2024,9.0,Fase 1 (3° e 4° ano),6.6415,2014-11-08 00:00:00,7.826199999900001,Aluno-854,Cursando,5.833333333,0.0,,Fase 1 (3° e 4° ano)
RA-1415,1G,1G,,,8.0,Feminino,2024,Escola Pública,,8.002,9.7727272725,6.26,6.75,6.5,7.0,,,,7.056666667,5.0,,,PEDE2024,10.0,Fase 2 (5° e 6° ano),,2014-05-17 00:00:00,7.3712454546,Aluno-1415,Cursando,7.291666667,-1.0,,Fase 2 (5° e 6° ano)
RA-842,1G,1G,,,8.0,Feminino,2022,Escola Pública,7.95176506926407,8.502,7.549407115,6.26,7.5,6.0,9.0,,,,6.996666667,5.0,,,PEDE2024,10.0,Fase 2 (5° e 6° ano),7.2117,2014-05-13 00:00:00,7.072914756400001,Aluno-842,Cursando,6.875,-1.0,,Fase 2 (5° e 6° ano)
RA-700,1G,1G,,,9.0,Feminino,2022,Escola Pública,7.738020410934745,8.502,9.564393939,5.635,5.25,5.0,5.5,,,,7.0,5.0,,,PEDE2024,11.0,Fase 2 (5° e 6° ano),8.2852,2013-10-29 00:00:00,7.005745454500001,Aluno-700,Cursando,7.291666667,-1.0,,Fase 2 (5° e 6° ano)
RA-1416,1G,1G,,,10.0,Feminino,2024,Escola Pública,,8.502,8.2765151515,7.51,7.75,6.5,9.0,,,,6.386666667,5.0,,,PEDE2024,12.0,Fase 2 (5° e 6° ano),,2012-10-06 00:00:00,7.375503030400001,Aluno-1416,Cursando,7.916666667,-1.0,,Fase 2 (5° e 6° ano)
RA-911,1G,1G,,,10.0,Masculino,2023,Escola Pública,,8.002,4.772727273,7.51,4.5,5.0,4.0,,,,4.726666667,5.0,,,PEDE2024,12.0,Fase 3 (7° e 8° ano),5.59545,2012-05-19 00:00:00,5.4552454547,Aluno-911,Cursando,6.041666667,-2.0,,Fase 3 (7° e 8° ano)
RA-859,1G,1G,,,7.0,Feminino,2022,Escola Pública,8.325132654369785,8.002,9.337121212,7.51,8.0,8.0,8.0,,,,8.336666667,10.0,,,PEDE2024,9.0,Fase 1 (3° e 4° ano),8.6042,2015-03-20 00:00:00,8.5817909091,Aluno-859,Cursando,8.958333333,0.0,,Fase 1 (3° e 4° ano)
RA-860,1G,1G,,,7.0,Masculino,2022,Escola Pública,8.135541086517346,9.002,9.7916666665,7.51,8.5,8.0,9.0,,,,7.946666667,10.0,,,PEDE2024,9.0,Fase 1 (3° e 4° ano),8.2372,2015-01-08 00:00:00,8.7738666667,Aluno-860,Cursando,8.75,0.0,,Fase 1 (3° e 4° ano)
RA-727,1G,1G,,,8.0,Masculino,2022,Escola Pública,7.736100484848485,10.002,8.4848484845,6.26,8.5,10.0,7.0,,,,8.056666667,10.0,,,PEDE2024,10.0,Fase 1 (3° e 4° ano),7.6802,2014-08-11 00:00:00,8.447003030300001,Aluno-727,Cursando,8.125,0.0,,Fase 1 (3° e 4° ano)
RA-1417,1G,1G,,,8.0,Masculino,2024,Escola Pública,,9.002,9.337121212,7.51,9.0,10.0,8.0,,,,6.5,5.0,,,PEDE2024,10.0,Fase 2 (5° e 6° ano),,2014-04-29 00:00:00,7.7436242424,Aluno-1417,Cursando,6.25,-1.0,,Fase 2 (5° e 6° ano)
RA-910,1G,1G,,,7.0,Masculino,2023,Escola Pública,,8.502,8.674242424500001,7.51,7.5,9.0,6.0,,,,7.443333333,10.0,,,PEDE2024,9.0,Fase 1 (3° e 4° ano),7.801,2015-01-23 00:00:00,8.1163818182,Aluno-910,Cursando,7.916666667,0.0,,Fase 1 (3° e 4° ano)
RA-840,1G,1G,,,8.0,Masculino,2022,Escola Pública,7.874720643467644,9.502,9.337121212,7.51,8.0,7.0,9.0,,,,7.946666667,10.0,,,PEDE2024,10.0,Fase 1 (3° e 4° ano),7.7862,2014-02-02 00:00:00,8.5912909091,Aluno-840,Cursando,8.333333333,0.0,,Fase 1 (3° e 4° ano)
RA-926,1G,1G,,,8.0,Feminino,2023,Escola Pública,,9.002,9.7727272725,7.51,7.0,7.0,7.0,,,,7.22,5.0,,,PEDE2024,10.0,Fase 2 (5° e 6° ano),7.7792,2014-06-15 00:00:00,7.7830787878,Aluno-926,Cursando,8.333333333,-1.0,,Fase 2 (5° e 6° ano)
RA-1418,1G,1G,,,9.0,Masculino,2024,Escola Pública,,8.502,9.128787879,7.51,8.25,8.5,8.0,,,,6.833333333,5.0,,,PEDE2024,11.0,Fase 2 (5° e 6° ano),,2013-07-18 00:00:00,7.7352909091000015,Aluno-1418,Cursando,7.916666667,-1.0,,Fase 2 (5° e 6° ano)
RA-927,1G,1G,,,8.0,Feminino,2023,Escola Pública,,8.002,9.318181818,7.51,6.5,7.0,6.0,,,,7.22,10.0,,,PEDE2024,10.0,Fase 1 (3° e 4° ano),7.5982,2014-06-11 00:00:00,7.9921696969000005,Aluno-927,Cursando,8.333333333,0.0,,Fase 1 (3° e 4° ano)
RA-672,1H,1H,,,9.0,Feminino,2021,Escola Pública,7.479539037037037,7.918,3.9525691700000003,6.26,0.0,0.0,0.0,,,,4.496666667,5.0,,,PEDE2024,11.0,Fase 2 (5° e 6° ano),6.5623,2013-08-26 00:00:00,4.2118138341,Aluno-672,Cursando,6.041666667,-1.0,,Fase 2 (5° e 6° ano)
RA-1043,1H,1H,,,9.0,Masculino,2023,Escola Pública,,10.002,7.994071146,7.51,8.25,8.5,8.0,,,,6.553333333,5.0,,,PEDE2024,11.0,Fase 2 (5° e 6° ano),6.5447,2013-06-29 00:00:00,7.539847562500002,Aluno-1043,Cursando,7.291666667,-1.0,,Fase 2 (5° e 6° ano)
RA-738,1H,1H,,,8.0,Feminino,2022,Escola Pública,7.22724271539961,10.002,7.292490119,6.885,7.25,7.5,7.0,,,,7.39,5.0,,,PEDE2024,10.0,Fase 2 (5° e 6° ano),8.123283333,2014-02-05 00:00:00,7.2626980238000005,Aluno-738,Cursando,6.875,-1.0,,Fase 2 (5° e 6° ano)
RA-1419,1H,1H,,,8.0,Feminino,2024,Escola Pública,,8.502,10.0,7.51,7.5,6.0,9.0,,,,8.783333333,10.0,,,PEDE2024,10.0,Fase 1 (3° e 4° ano),,2014-08-17 00:00:00,8.7536999999,Aluno-1419,Cursando,8.958333333,0.0,,Fase 1 (3° e 4° ano)
RA-704,1H,1H,,,10.0,Masculino,2022,Escola Pública,6.741243719576721,7.502,8.646245059,5.635,6.5,6.0,7.0,,,,6.616666667,5.0,,,PEDE2024,12.0,Fase 2 (5° e 6° ano),6.8297,2012-08-11 00:00:00,6.8121156785000005,Aluno-704,Cursando,6.458333333,-1.0,,Fase 2 (5° e 6° ano)
RA-705,1H,1H,,,10.0,Masculino,2022,Escola Pública,6.634286047619048,9.002,6.4285714285,5.005,3.5,2.0,5.0,,,,4.226666667,5.0,,,PEDE2024,12.0,Fase 2 (5° e 6° ano),6.982,2012-10-29 00:00:00,5.294247619100001,Aluno-705,Cursando,5.625,-1.0,,Fase 2 (5° e 6° ano)
RA-822,1H,1H,,,10.0,Masculino,2022,Escola Pública,6.92155010708899,0.0,4.6245059285,5.01,6.75,7.5,6.0,,,,6.61,5.0,,,PEDE2024,12.0,Fase 3 (7° e 8° ano),6.4497,2012-02-03 00:00:00,5.2645678524,Aluno-822,Cursando,6.666666667,-2.0,,Fase 3 (7° e 8° ano)
RA-740,1H,1H,,,9.0,Feminino,2022,Escola Privada,7.217943583732057,9.002,9.555335968,7.51,8.0,8.0,8.0,,,,8.223333333,5.0,,,PEDE2024,11.0,Fase 2 (5° e 6° ano),7.2845,2013-08-18 00:00:00,8.1611005269,Aluno-740,Cursando,8.541666667,-1.0,,Fase 2 (5° e 6° ano)
RA-741,1H,1H,,,10.0,Feminino,2022,Escola Pública,6.895951771280052,8.418,5.2964426875,5.005,3.75,3.5,4.0,,,,4.223333333,5.0,,,PEDE2024,12.0,Fase 2 (5° e 6° ano),6.2707,2012-09-24 00:00:00,5.0795885374,Aluno-741,Cursando,5.833333333,-1.0,,Fase 2 (5° e 6° ano)
RA-1420,1H,1H,,,10.0,Masculino,2024,Escola Pública,,7.918,5.520833333500001,6.26,4.5,5.0,4.0,,,,5.44,5.0,,,PEDE2024,12.0,Fase 3 (7° e 8° ano),,2012-06-21 00:00:00,5.6558,Aluno-1420,Cursando,6.458333333,-2.0,,Fase 3 (7° e 8° ano)
RA-709,1H,1H,,,10.0,Feminino,2022,Escola Pública,5.313189368606702,7.418,7.994071146,7.51,6.0,6.0,6.0,,,,6.773333333,5.0,,,PEDE2024,12.0,Fase 2 (5° e 6° ano),6.6927,2012-08-29 00:00:00,6.833780895800001,Aluno-709,Cursando,6.875,-1.0,,Fase 2 (5° e 6° ano)
RA-1421,1H,1H,,,9.0,Masculino,2024,Escola Pública,,9.002,6.777777778,7.51,7.5,8.0,7.0,,,,7.163333333,5.0,,,PEDE2024,11.0,Fase 2 (5° e 6° ano),,2013-10-14 00:00:00,7.126922222200001,Aluno-1421,Cursando,6.875,-1.0,,Fase 2 (5° e 6° ano)
RA-1422,1J,1J,,,9.0,Feminino,2024,Escola Pública,,9.502,7.5,7.51,4.75,0.0,9.5,,,,7.7475,5.0,,,PEDE2024,11.0,Fase 2 (5° e 6° ano),,2013-02-24 00:00:00,7.0132,Aluno-1422,Cursando,8.125,-1.0,,Fase 2 (5° e 6° ano)
RA-1423,1J,1J,,,9.0,Masculino,2024,Escola Pública,,8.502,5.3125,7.51,5.75,4.0,7.5,,,,6.5425,5.0,,,PEDE2024,11.0,Fase 2 (5° e 6° ano),,2013-01-09 00:00:00,6.403450000000001,Aluno-1423,Cursando,7.8125,-1.0,,Fase 2 (5° e 6° ano)
RA-733,1J,1J,,,8.0,Feminino,2022,Escola Pública,6.683821329434698,10.002,10.0,7.51,9.25,9.0,9.5,,,,9.085,5.0,,,PEDE2024,10.0,Fase 2 (5° e 6° ano),8.3342,2013-12-19 00:00:00,8.808825,Aluno-733,Cursando,8.90625,-1.0,,Fase 2 (5° e 6° ano)
RA-836,1J,1J,,,9.0,Masculino,2022,Escola Pública,7.664923985754986,9.502,6.439393939,7.51,2.75,5.5,0.0,,,,6.25,5.0,,,PEDE2024,11.0,Fase 2 (5° e 6° ano),7.6417,2013-02-10 00:00:00,6.0234537878,Aluno-836,Cursando,7.34375,-1.0,,Fase 2 (5° e 6° ano)
RA-1424,1J,1J,,,10.0,Feminino,2024,Escola Pública,,9.002,8.9444444445,7.51,7.25,7.5,7.0,,,,6.915,5.0,,,PEDE2024,12.0,Fase 2 (5° e 6° ano),,2012-07-19 00:00:00,7.5543388889,Aluno-1424,Cursando,7.8125,-1.0,,Fase 2 (5° e 6° ano)
RA-1425,1J,1J,,,10.0,Masculino,2024,Escola Pública,,9.002,6.7976190475,7.51,7.0,6.0,8.0,,,,5.92,5.0,,,PEDE2024,12.0,Fase 2 (5° e 6° ano),,2012-10-19 00:00:00,6.8290988095000005,Aluno-1425,Cursando,7.34375,-1.0,,Fase 2 (5° e 6° ano)
RA-1426,1J,1J,,,9.0,Feminino,2023,Escola Pública,,9.502,5.845238095,7.51,2.75,5.5,0.0,,,,5.8325,5.0,,,PEDE2024,11.0,Fase 2 (5° e 6° ano),,2013-04-08 00:00:00,5.8367476190000005,Aluno-1426,Cursando,7.5,-1.0,,Fase 2 (5° e 6° ano)
RA-716,1J,1J,,,9.0,Masculino,2022,Escola Pública,6.524519230769231,9.002,5.5335968375,7.51,5.75,5.5,6.0,,,,5.7875,5.0,,,PEDE2024,11.0,Fase 2 (5° e 6° ano),6.813366667,2013-03-23 00:00:00,6.2372943675000005,Aluno-716,Cursando,6.71875,-1.0,,Fase 2 (5° e 6° ano)
RA-1049,1J,1J,,,9.0,Masculino,2023,Escola Pública,,9.502,8.03030303,7.51,4.5,4.0,5.0,,,,6.745,5.0,,,PEDE2024,11.0,Fase 2 (5° e 6° ano),7.443366667,2013-06-17 00:00:00,6.821885606,Aluno-1049,Cursando,7.65625,-1.0,,Fase 2 (5° e 6° ano)
RA-1427,1J,1J,,,9.0,Feminino,2024,Escola Pública,,9.502,10.0,7.51,8.0,6.5,9.5,,,,8.6675,5.0,,,PEDE2024,11.0,Fase 2 (5° e 6° ano),,2013-08-26 00:00:00,8.425325,Aluno-1427,Cursando,8.90625,-1.0,,Fase 2 (5° e 6° ano)
RA-1052,1J,1J,,,8.0,Masculino,2023,Escola Pública,,5.834,9.128787879,6.26,8.25,8.5,8.0,,,,8.4975,5.0,,,PEDE2024,10.0,Fase 2 (5° e 6° ano),6.960333333,2014-06-04 00:00:00,7.744032575800001,Aluno-1052,Cursando,8.59375,-1.0,,Fase 2 (5° e 6° ano)
RA-719,1J,1J,,,10.0,Masculino,2021,Escola Pública,5.552244923076923,10.002,7.3484848485,7.51,6.5,5.0,8.0,,,,6.7425,5.0,,,PEDE2024,12.0,Fase 2 (5° e 6° ano),6.4137,2012-10-03 00:00:00,7.1193969697,Aluno-719,Cursando,7.5,-1.0,,Fase 2 (5° e 6° ano)
RA-1055,1J,1J,,,10.0,Masculino,2023,Escola Pública,,10.002,5.7954545455,7.51,5.5,4.0,7.0,,,,5.87,5.0,,,PEDE2024,12.0,Fase 3 (7° e 8° ano),5.9765,2012-02-18 00:00:00,6.403040909100001,Aluno-1055,Cursando,7.1875,-2.0,,Fase 3 (7° e 8° ano)
RA-747,1K,1K,,,10.0,Feminino,2022,Escola Pública,7.675509353106849,10.002,8.095238095,5.005,2.25,4.5,0.0,,,,5.335,5.0,,,PEDE2024,12.0,Fase 3 (7° e 8° ano),6.026366667,2011-11-30 00:00:00,5.8450809523,Aluno-747,Cursando,7.083333333,-2.0,,Fase 3 (7° e 8° ano)
RA-928,1K,1K,,,7.0,Feminino,2023,Escola Pública,,8.002,10.0,7.51,8.75,8.5,9.0,,,,8.59,10.0,,,PEDE2024,9.0,Fase 1 (3° e 4° ano),9.3712,2015-04-14 00:00:00,8.8733666667,Aluno-928,Cursando,8.541666667,0.0,,Fase 1 (3° e 4° ano)
RA-748,1K,1K,,,9.0,Masculino,2021,Escola Pública,8.083535682039548,9.502,10.0,7.51,7.75,7.5,8.0,,,,8.005,5.0,,,PEDE2024,11.0,Fase 2 (5° e 6° ano),8.7142,2013-06-08 00:00:00,8.2272,Aluno-748,Cursando,8.75,-1.0,,Fase 2 (5° e 6° ano)
RA-769,1K,1K,,,9.0,Feminino,2022,Escola Pública,7.598297219273481,10.002,5.9523809525,7.51,6.0,6.0,6.0,,,,8.33,5.0,,,PEDE2024,11.0,Fase 2 (5° e 6° ano),7.85345,2013-08-23 00:00:00,7.099342857200002,Aluno-769,Cursando,7.916666667,-1.0,,Fase 2 (5° e 6° ano)
RA-876,1K,1K,,,7.0,Masculino,2023,Escola Pública,,8.502,9.0476190475,7.51,3.75,7.5,0.0,,,,8.09,10.0,,,PEDE2024,9.0,Fase 1 (3° e 4° ano),8.6492,2015-04-11 00:00:00,7.612057142800001,Aluno-876,Cursando,8.333333333,0.0,,Fase 1 (3° e 4° ano)
RA-776,1K,1K,,,9.0,Feminino,2022,Escola Pública,3.8980647821350765,7.917,5.9523809525,5.63,0.0,0.0,0.0,,,,6.5,5.0,,,PEDE2024,11.0,Fase 2 (5° e 6° ano),5.567916667,2013-06-02 00:00:00,5.178509523800001,Aluno-776,Cursando,8.333333333,-1.0,,Fase 2 (5° e 6° ano)
RA-753,1K,1K,,,8.0,Feminino,2022,Escola Pública,8.480834141954665,10.002,9.047619048,7.51,8.5,9.0,8.0,,,,8.255,5.0,,,PEDE2024,10.0,Fase 2 (5° e 6° ano),8.6672,2014-06-11 00:00:00,8.2450571429,Aluno-753,Cursando,8.333333333,-1.0,,Fase 2 (5° e 6° ano)
RA-601,1K,1K,,,8.0,Masculino,2021,Escola Pública,7.71314478904992,9.502,10.0,7.505,8.75,9.5,8.0,,,,8.425,5.0,,,PEDE2024,10.0,Fase 2 (5° e 6° ano),8.955783333,2014-06-19 00:00:00,8.5107,Aluno-601,Cursando,8.75,-1.0,,Fase 2 (5° e 6° ano)
RA-955,1K,1K,,,9.0,Feminino,2023,Escola Pública,,0.0,6.904761905,7.51,5.75,6.5,5.0,,,,8.255,5.0,,,PEDE2024,11.0,Fase 2 (5° e 6° ano),7.1297,2013-04-28 00:00:00,6.245452381,Aluno-955,Cursando,8.125,-1.0,,Fase 2 (5° e 6° ano)
RA-831,1K,1K,,,8.0,Masculino,2022,Escola Pública,7.4100721416504225,10.002,9.523809524,6.26,7.75,6.5,9.0,,,,8.17,5.0,,,PEDE2024,10.0,Fase 2 (5° e 6° ano),7.71645,2013-12-19 00:00:00,8.0066285715,Aluno-831,Cursando,7.916666667,-1.0,,Fase 2 (5° e 6° ano)
RA-1067,1K,1K,,,9.0,Masculino,2023,Escola Pública,,10.002,8.333333332999999,7.51,6.75,6.5,7.0,,,,8.59,5.0,,,PEDE2024,11.0,Fase 2 (5° e 6° ano),6.541458333,2013-08-21 00:00:00,7.840033333300001,Aluno-1067,Cursando,8.541666667,-1.0,,Fase 2 (5° e 6° ano)
RA-1058,1K,1K,,,8.0,Feminino,2023,Escola Pública,,9.168,8.095238095,6.88,7.75,7.5,8.0,,,,8.085,5.0,,,PEDE2024,10.0,Fase 2 (5° e 6° ano),7.356533333,2014-04-09 00:00:00,7.703347619,Aluno-1058,Cursando,8.125,-1.0,,Fase 2 (5° e 6° ano)
RA-757,1K,1K,,,9.0,Feminino,2022,Escola Pública,8.259535082249474,9.502,9.285714286000001,7.51,7.0,6.5,7.5,,,,8.34,5.0,,,PEDE2024,11.0,Fase 2 (5° e 6° ano),8.6742,2013-02-28 00:00:00,7.938842857200001,Aluno-757,Cursando,8.125,-1.0,,Fase 2 (5° e 6° ano)
RA-794,1K,1K,,,8.0,Feminino,2022,Escola Pública,7.334936230769231,9.502,6.9047619045,7.51,3.0,6.0,0.0,,,,8.255,10.0,,,PEDE2024,10.0,Fase 1 (3° e 4° ano),7.9842,2014-10-08 00:00:00,7.145652380900001,Aluno-794,Cursando,8.125,0.0,,Fase 1 (3° e 4° ano)
RA-960,1K,1K,,,9.0,Masculino,2023,Escola Pública,,0.0,8.095238095,7.51,3.0,6.0,0.0,,,,5.33,5.0,,,PEDE2024,11.0,Fase 2 (5° e 6° ano),7.0847,2013-05-17 00:00:00,5.286047619,Aluno-960,Cursando,7.5,-1.0,,Fase 2 (5° e 6° ano)
RA-587,1L,1L,,,10.0,Masculino,2022,Escola Pública,6.631987865319865,9.002,7.380952381,7.51,6.25,6.5,6.0,,,,5.74,5.0,,,PEDE2024,12.0,Fase 3 (7° e 8° ano),6.032033333,2012-04-04 00:00:00,6.817057142900001,Aluno-587,Cursando,7.916666667,-2.0,,Fase 3 (7° e 8° ano)
RA-826,1L,1L,,,8.0,Masculino,2022,Escola Pública,7.775658894736842,10.002,10.0,6.26,6.75,5.5,8.0,,,,8.59,5.0,,,PEDE2024,10.0,Fase 2 (5° e 6° ano),7.77645,2014-03-06 00:00:00,7.9442,Aluno-826,Cursando,7.5,-1.0,,Fase 2 (5° e 6° ano)
RA-789,1L,1L,,,7.0,Feminino,2022,Escola Pública,7.405336262443439,9.002,9.047619048,7.51,5.25,5.5,5.0,,,,8.085,10.0,,,PEDE2024,9.0,Fase 1 (3° e 4° ano),7.974,2015-01-14 00:00:00,8.0443904763,Aluno-789,Cursando,9.166666667,0.0,,Fase 1 (3° e 4° ano)
RA-1056,1L,1L,,,8.0,Masculino,2023,Escola Pública,,8.502,9.2857142855,7.51,8.25,8.5,8.0,,,,8.335,5.0,,,PEDE2024,10.0,Fase 2 (5° e 6° ano),8.551741667,2014-04-30 00:00:00,8.192009523800001,Aluno-1056,Cursando,9.166666667,-1.0,,Fase 2 (5° e 6° ano)
RA-1428,1L,1L,,,8.0,Masculino,2024,Escola Pública,,8.502,8.8562091505,7.51,8.0,7.0,9.0,,,,8.085,5.0,,,PEDE2024,10.0,Fase 2 (5° e 6° ano),,2013-12-02 00:00:00,8.006108496800001,Aluno-1428,Cursando,9.166666667,-1.0,,Fase 2 (5° e 6° ano)
RA-830,1L,1L,,,9.0,Feminino,2022,Escola Pública,7.234398335932424,9.002,7.619047619,5.63,6.75,6.5,7.0,,,,7.335,5.0,,,PEDE2024,11.0,Fase 2 (5° e 6° ano),6.78,2013-10-30 00:00:00,7.1373428571,Aluno-830,Cursando,8.333333333,-1.0,,Fase 2 (5° e 6° ano)
RA-780,1L,1L,,,9.0,Feminino,2022,Escola Pública,6.954987237893207,9.502,10.0,5.63,6.0,6.0,6.0,,,,8.17,5.0,,,PEDE2024,11.0,Fase 2 (5° e 6° ano),7.7842,2013-08-22 00:00:00,7.7430333333,Aluno-780,Cursando,8.958333333,-1.0,,Fase 2 (5° e 6° ano)
RA-1057,1L,1L,,,8.0,Feminino,2023,Escola Pública,,10.002,10.0,6.26,8.0,8.0,8.0,,,,8.17,5.0,,,PEDE2024,10.0,Fase 2 (5° e 6° ano),8.4827,2014-01-17 00:00:00,8.2352,Aluno-1057,Cursando,8.75,-1.0,,Fase 2 (5° e 6° ano)
RA-1062,1L,1L,,,8.0,Masculino,2023,Escola Pública,,8.002,9.047619048,5.63,7.25,6.5,8.0,,,,8.085,5.0,,,PEDE2024,10.0,Fase 2 (5° e 6° ano),7.448841667,2014-01-10 00:00:00,7.6147238096,Aluno-1062,Cursando,8.75,-1.0,,Fase 2 (5° e 6° ano)
RA-1429,1L,1L,,,9.0,Masculino,2024,Escola Pública,,9.502,8.888888889,7.51,7.75,8.5,7.0,,,,8.085,5.0,,,PEDE2024,11.0,Fase 2 (5° e 6° ano),,2013-07-05 00:00:00,8.041811111100001,Aluno-1429,Cursando,8.958333333,-1.0,,Fase 2 (5° e 6° ano)
RA-1430,1L,1L,,,9.0,Masculino,2024,Escola Pública,,8.502,10.0,7.51,6.25,6.0,6.5,,,,8.085,5.0,,,PEDE2024,11.0,Fase 2 (5° e 6° ano),,2013-09-15 00:00:00,7.864033333300001,Aluno-1430,Cursando,8.958333333,-1.0,,Fase 2 (5° e 6° ano)
RA-767,1L,1L,,,10.0,Masculino,2021,Escola Pública,7.510987800569801,9.502,9.0476190475,7.51,8.25,8.5,8.0,,,,8.085,5.0,,,PEDE2024,12.0,Fase 3 (7° e 8° ano),7.3807,2012-04-19 00:00:00,8.131890476200002,Aluno-767,Cursando,8.541666667,-2.0,,Fase 3 (7° e 8° ano)
RA-943,1L,1L,,,7.0,Feminino,2023,Escola Pública,,10.002,10.0,7.51,8.0,7.0,9.0,,,,8.59,10.0,,,PEDE2024,9.0,Fase 1 (3° e 4° ano),8.9172,2015-01-12 00:00:00,8.965033333300001,Aluno-943,Cursando,8.958333333,0.0,,Fase 1 (3° e 4° ano)
RA-782,1L,1L,,,8.0,Masculino,2022,Escola Pública,7.484593745480259,9.502,7.8571428569999995,7.51,7.75,7.5,8.0,,,,8.085,10.0,,,PEDE2024,10.0,Fase 1 (3° e 4° ano),7.6812,2014-07-31 00:00:00,8.1896285714,Aluno-782,Cursando,7.5,0.0,,Fase 1 (3° e 4° ano)
RA-795,1L,1L,,,8.0,Feminino,2022,Escola Pública,8.064310288084464,9.502,9.761904762,6.26,9.5,10.0,9.0,,,,8.085,5.0,,,PEDE2024,10.0,Fase 2 (5° e 6° ano),8.4642,2014-02-17 00:00:00,8.441414285700002,Aluno-795,Cursando,8.958333333,-1.0,,Fase 2 (5° e 6° ano)
RA-1431,1M,1M,,,9.0,Feminino,2024,Escola Pública,,9.002,7.7432712215,7.51,8.0,8.0,8.0,,,,9.09,5.0,,,PEDE2024,11.0,Fase 2 (5° e 6° ano),,2013-01-06 00:00:00,7.9147292443,Aluno-1431,Cursando,7.96875,-1.0,,Fase 2 (5° e 6° ano)
RA-1432,1M,1M,,,8.0,Feminino,2024,Escola Pública,,10.002,10.0,7.51,9.5,10.0,9.0,,,,8.505,5.0,,,PEDE2024,10.0,Fase 2 (5° e 6° ano),,2014-03-31 00:00:00,8.774075000000002,Aluno-1432,Cursando,9.21875,-1.0,,Fase 2 (5° e 6° ano)
RA-1433,1M,1M,,,8.0,Feminino,2024,Escola Pública,,8.502,9.068322981,7.51,8.75,8.0,9.5,,,,8.505,5.0,,,PEDE2024,10.0,Fase 2 (5° e 6° ano),,2014-05-26 00:00:00,8.1939895962,Aluno-1433,Cursando,8.28125,-1.0,,Fase 2 (5° e 6° ano)
RA-1434,1M,1M,,,8.0,Masculino,2024,Escola Pública,,8.502,7.9813664595,6.26,9.0,10.0,8.0,,,,9.76,5.0,,,PEDE2024,10.0,Fase 2 (5° e 6° ano),,2014-02-28 00:00:00,8.2775982919,Aluno-1434,Cursando,9.53125,-1.0,,Fase 2 (5° e 6° ano)
RA-958,1M,1M,,,7.0,Feminino,2023,Escola Pública,,10.002,10.0,6.26,10.0,10.0,10.0,,,,9.76,10.0,,,PEDE2024,9.0,Fase 1 (3° e 4° ano),9.2902,2015-03-11 00:00:00,9.531325,Aluno-958,Cursando,9.53125,0.0,,Fase 1 (3° e 4° ano)
RA-961,1M,1M,,,8.0,Masculino,2023,Escola Pública,,9.002,8.8923395445,6.26,5.5,6.0,5.0,,,,5.155,5.0,,,PEDE2024,10.0,Fase 2 (5° e 6° ano),5.99625,2014-01-21 00:00:00,6.529417908900001,Aluno-961,Cursando,5.9375,-1.0,,Fase 2 (5° e 6° ano)
RA-1435,1M,1M,,,8.0,Masculino,2024,Escola Pública,,9.502,7.833333333500001,7.51,7.5,7.5,7.5,,,,6.165,10.0,,,PEDE2024,10.0,Fase 1 (3° e 4° ano),,2014-10-25 00:00:00,7.7196166667,Aluno-1435,Cursando,7.1875,0.0,,Fase 1 (3° e 4° ano)
RA-755,1M,1M,,,8.0,Masculino,2022,Escola Pública,8.565661700730832,10.002,10.0,7.51,9.75,10.0,9.5,,,,9.09,5.0,,,PEDE2024,10.0,Fase 2 (5° e 6° ano),8.7442,2014-03-22 00:00:00,8.925450000000001,Aluno-755,Cursando,9.0625,-1.0,,Fase 2 (5° e 6° ano)
RA-1436,1M,1M,,,9.0,Feminino,2024,Escola Pública,,7.418,8.674948240500001,7.51,8.0,8.0,8.0,,,,7.17,5.0,,,PEDE2024,11.0,Fase 2 (5° e 6° ano),,2013-06-24 00:00:00,7.589914648100001,Aluno-1436,Cursando,8.28125,-1.0,,Fase 2 (5° e 6° ano)
RA-1437,1M,1M,,,9.0,Feminino,2024,Escola Pública,,8.502,9.347826087,7.51,8.0,8.0,8.0,,,,7.92,5.0,,,PEDE2024,11.0,Fase 2 (5° e 6° ano),,2013-06-29 00:00:00,7.982890217400001,Aluno-1437,Cursando,8.28125,-1.0,,Fase 2 (5° e 6° ano)
RA-1438,1M,1M,,,8.0,Feminino,2024,Escola Pública,,10.002,9.0,7.51,7.0,6.0,8.0,,,,9.175,5.0,,,PEDE2024,10.0,Fase 2 (5° e 6° ano),,2013-11-08 00:00:00,8.176825000000001,Aluno-1438,Cursando,8.90625,-1.0,,Fase 2 (5° e 6° ano)
RA-1439,1M,1M,,,9.0,Feminino,2024,Escola Pública,,7.502,10.0,7.51,8.5,9.0,8.0,,,,9.345,5.0,,,PEDE2024,11.0,Fase 2 (5° e 6° ano),,2013-10-12 00:00:00,8.507700000000002,Aluno-1439,Cursando,9.375,-1.0,,Fase 2 (5° e 6° ano)
RA-1440,1M,1M,,,8.0,Feminino,2024,Escola Pública,,9.002,9.544513457499999,7.51,4.5,9.0,0.0,,,,8.17,5.0,,,PEDE2024,10.0,Fase 2 (5° e 6° ano),,2014-03-08 00:00:00,7.469102691500001,Aluno-1440,Cursando,8.75,-1.0,,Fase 2 (5° e 6° ano)
RA-1441,1M,1M,,,7.0,Masculino,2024,Escola Pública,,9.502,9.109730849,7.51,8.5,9.0,8.0,,,,9.005,10.0,,,PEDE2024,9.0,Fase 1 (3° e 4° ano),,2015-01-21 00:00:00,8.961646169800002,Aluno-1441,Cursando,9.375,0.0,,Fase 1 (3° e 4° ano)
RA-1442,1M,1M,,,11.0,Masculino,2024,Escola Pública,,8.002,8.674948240500001,7.51,7.25,8.5,6.0,,,,5.745,5.0,,,PEDE2024,13.0,Fase 3 (7° e 8° ano),,2010-12-28 00:00:00,7.135189648100001,Aluno-1442,Cursando,7.5,-2.0,,Fase 3 (7° e 8° ano)
RA-1443,1N,1N,,,11.0,Feminino,2024,Escola Pública,,6.918,7.5,6.26,6.75,6.5,7.0,,,,7.415,5.0,,,PEDE2024,13.0,Fase 3 (7° e 8° ano),,2011-05-20 00:00:00,6.921633333300001,Aluno-1443,Cursando,7.708333333,-2.0,,Fase 3 (7° e 8° ano)
RA-1444,1N,1N,,,9.0,Masculino,2024,Escola Pública,,8.502,5.277777778,7.51,6.0,8.0,4.0,,,,7.415,5.0,,,PEDE2024,11.0,Fase 2 (5° e 6° ano),,2012-12-12 00:00:00,6.610588888900001,Aluno-1444,Cursando,7.708333333,-1.0,,Fase 2 (5° e 6° ano)
RA-956,1N,1N,,,10.0,Masculino,2023,Escola Pública,,9.502,6.017786561,6.885,3.25,6.5,0.0,,,,7.085,5.0,,,PEDE2024,12.0,Fase 2 (5° e 6° ano),7.7312,2012-10-18 00:00:00,6.1175906455,Aluno-956,Cursando,7.083333333,-1.0,,Fase 2 (5° e 6° ano)
RA-952,1N,1N,,,7.0,Masculino,2023,Escola Pública,,9.502,9.545454545,6.26,8.5,8.0,9.0,,,,9.175,10.0,,,PEDE2024,9.0,Fase 1 (3° e 4° ano),8.37095,2015-09-22 00:00:00,8.853624242300002,Aluno-952,Cursando,8.333333333,0.0,,Fase 1 (3° e 4° ano)
RA-939,1N,1N,,,10.0,Feminino,2023,Escola Pública,,9.002,8.8833992095,5.63,5.0,6.0,4.0,,,,7.495,5.0,,,PEDE2024,12.0,Fase 2 (5° e 6° ano),7.9742,2012-10-04 00:00:00,7.051379841899999,Aluno-939,Cursando,8.125,-1.0,,Fase 2 (5° e 6° ano)
RA-953,1N,1N,,,7.0,Feminino,2023,Escola Pública,,9.002,6.85770751,6.26,8.5,8.0,9.0,,,,7.755,10.0,,,PEDE2024,9.0,Fase 1 (3° e 4° ano),7.54005,2015-02-04 00:00:00,7.961241502000001,Aluno-953,Cursando,8.125,0.0,,Fase 1 (3° e 4° ano)
RA-954,1N,1N,,,7.0,Feminino,2023,Escola Pública,,9.502,8.8833992095,6.26,7.75,6.5,9.0,,,,7.835,10.0,,,PEDE2024,9.0,Fase 1 (3° e 4° ano),6.82375,2015-04-13 00:00:00,8.2823798419,Aluno-954,Cursando,8.125,0.0,,Fase 1 (3° e 4° ano)
RA-792,1N,1N,,,9.0,Feminino,2022,Escola Pública,7.02532017948718,8.502,5.2865612650000005,7.51,3.25,6.5,0.0,,,,7.075,5.0,,,PEDE2024,11.0,Fase 2 (5° e 6° ano),7.6267,2013-03-19 00:00:00,6.036012253,Aluno-792,Cursando,8.125,-1.0,,Fase 2 (5° e 6° ano)
RA-1000,1N,1N,,,7.0,Feminino,2023,Escola Pública,,9.002,9.5454545455,6.26,7.75,7.5,8.0,,,,7.835,10.0,,,PEDE2024,9.0,Fase 1 (3° e 4° ano),7.9162,2015-04-20 00:00:00,8.364790909100002,Aluno-1000,Cursando,8.125,0.0,,Fase 1 (3° e 4° ano)
RA-763,1N,1N,,,9.0,Feminino,2021,Escola Pública,7.401904937321937,9.002,8.8636363635,6.26,5.25,6.5,4.0,,,,6.825,5.0,,,PEDE2024,11.0,Fase 2 (5° e 6° ano),6.7215,2012-12-19 00:00:00,6.984760606,Aluno-763,Cursando,7.708333333,-1.0,,Fase 2 (5° e 6° ano)
RA-1001,1N,1N,,,8.0,Feminino,2023,Escola Pública,,7.502,9.347826087,7.51,7.75,6.5,9.0,,,,7.92,5.0,,,PEDE2024,10.0,Fase 2 (5° e 6° ano),8.1162,2014-03-13 00:00:00,7.7964318841,Aluno-1001,Cursando,7.916666667,-1.0,,Fase 2 (5° e 6° ano)
RA-1445,1N,1N,,,8.0,Feminino,2024,Escola Pública,,9.502,9.5,7.51,7.25,6.5,8.0,,,,7.5,5.0,,,PEDE2024,10.0,Fase 2 (5° e 6° ano),,2014-02-12 00:00:00,7.842866666700001,Aluno-1445,Cursando,7.916666667,-1.0,,Fase 2 (5° e 6° ano)
RA-1446,1N,1N,,,7.0,Masculino,2024,Escola Pública,,8.002,6.6501976285,6.26,0.0,0.0,0.0,,,,7.075,10.0,,,PEDE2024,9.0,Fase 1 (3° e 4° ano),,2014-12-27 00:00:00,5.9004061924,Aluno-1446,Cursando,7.291666667,0.0,,Fase 1 (3° e 4° ano)
RA-768,1N,1N,,,10.0,Feminino,2021,Escola Pública,7.645834666666667,9.002,7.9841897235,6.26,5.5,6.0,5.0,,,,7.495,5.0,,,PEDE2024,12.0,Fase 2 (5° e 6° ano),8.4042,2012-09-07 00:00:00,7.0345379447,Aluno-768,Cursando,8.125,-1.0,,Fase 2 (5° e 6° ano)
RA-1447,1N,1N,,,9.0,Feminino,2024,Escola Pública,,9.502,9.7368421055,7.51,5.25,6.5,4.0,,,,7.75,5.0,,,PEDE2024,11.0,Fase 2 (5° e 6° ano),,2012-12-06 00:00:00,7.5402350878,Aluno-1447,Cursando,7.916666667,-1.0,,Fase 2 (5° e 6° ano)
RA-980,1P,1P,,,7.0,Feminino,2023,Escola Pública,,9.002,9.058441558,7.51,6.25,6.5,6.0,,,,7.4175,10.0,,,PEDE2024,9.0,Fase 1 (3° e 4° ano),7.1425,2015-09-19 00:00:00,7.946388311600001,Aluno-980,Cursando,7.5,0.0,,Fase 1 (3° e 4° ano)
RA-982,1P,1P,,,6.0,Masculino,2023,Escola Pública,,10.002,8.365800865499999,7.51,8.25,6.5,10.0,,,,6.79,10.0,,,PEDE2024,8.0,Fase 1 (3° e 4° ano),7.1215,2015-11-19 00:00:00,8.119860173100001,Aluno-982,Cursando,6.875,0.0,,Fase 1 (3° e 4° ano)
RA-1448,1P,1P,,,11.0,Feminino,2024,Escola Pública,,9.002,9.5346320345,7.51,6.0,6.0,6.0,,,,7.29,5.0,,,PEDE2024,13.0,Fase 3 (7° e 8° ano),,2011-10-28 00:00:00,7.466126406900001,Aluno-1448,Cursando,7.5,-2.0,,Fase 3 (7° e 8° ano)
RA-1070,1P,1P,,,10.0,Masculino,2023,Escola Pública,,9.002,9.3073593075,5.635,2.25,4.5,0.0,,,,6.6225,5.0,,,PEDE2024,12.0,Fase 2 (5° e 6° ano),6.939033333,2012-08-28 00:00:00,6.287171861500001,Aluno-1070,Cursando,6.875,-1.0,,Fase 2 (5° e 6° ano)
RA-985,1P,1P,,,7.0,Masculino,2023,Escola Pública,,8.502,10.0,6.26,7.5,8.0,7.0,,,,7.585,10.0,,,PEDE2024,9.0,Fase 1 (3° e 4° ano),7.6247,2015-08-23 00:00:00,8.2432,Aluno-985,Cursando,7.5,0.0,,Fase 1 (3° e 4° ano)
RA-986,1P,1P,,,7.0,Feminino,2023,Escola Pública,,10.002,9.2965367965,6.26,8.5,7.5,9.5,,,,6.8325,10.0,,,PEDE2024,9.0,Fase 1 (3° e 4° ano),8.0107,2015-06-15 00:00:00,8.2603406926,Aluno-986,Cursando,7.083333333,0.0,,Fase 1 (3° e 4° ano)
RA-810,1P,1P,,,8.0,Masculino,2021,Escola Pública,7.886571512820513,7.502,9.4736842105,5.635,9.0,8.0,10.0,,,,7.7525,5.0,,,PEDE2024,10.0,Fase 2 (5° e 6° ano),7.782866667,2014-05-31 00:00:00,7.704770175400001,Aluno-810,Cursando,6.458333333,-1.0,,Fase 2 (5° e 6° ano)
RA-987,1P,1P,,,7.0,Masculino,2023,Escola Pública,,9.002,9.0692640695,7.51,7.5,8.0,7.0,,,,7.835,10.0,,,PEDE2024,9.0,Fase 1 (3° e 4° ano),7.6765,2015-07-26 00:00:00,8.3028861472,Aluno-987,Cursando,7.708333333,0.0,,Fase 1 (3° e 4° ano)
RA-988,1P,1P,,,8.0,Feminino,2023,Escola Pública,,9.502,10.0,7.51,7.75,6.5,9.0,,,,7.96,5.0,,,PEDE2024,10.0,Fase 2 (5° e 6° ano),7.9568,2014-05-02 00:00:00,8.1765333333,Aluno-988,Cursando,8.333333333,-1.0,,Fase 2 (5° e 6° ano)
RA-805,1R,1R,,,8.0,Masculino,2021,Escola Pública,8.27865517948718,8.502,9.523809524,4.38,6.0,7.0,5.0,,,,6.7075,5.0,,,PEDE2024,10.0,Fase 2 (5° e 6° ano),6.492,2014-06-14 00:00:00,6.9375869048,Aluno-805,Cursando,7.03125,-1.0,,Fase 2 (5° e 6° ano)
RA-806,1R,1R,,,8.0,Masculino,2022,Escola Pública,7.560770897435898,8.502,6.9047619045,7.51,6.75,6.5,7.0,,,,6.875,5.0,,,PEDE2024,10.0,Fase 2 (5° e 6° ano),7.2937,2014-02-28 00:00:00,6.972777380900001,Aluno-806,Cursando,7.65625,-1.0,,Fase 2 (5° e 6° ano)
RA-807,1R,1R,,,8.0,Masculino,2022,Escola Pública,8.121155846153847,9.002,7.8571428569999995,7.51,7.0,6.0,8.0,,,,7.125,10.0,,,PEDE2024,10.0,Fase 1 (3° e 4° ano),7.8632,2014-07-22 00:00:00,7.797628571400001,Aluno-807,Cursando,7.5,0.0,,Fase 1 (3° e 4° ano)
RA-808,1R,1R,,,8.0,Masculino,2022,Escola Pública,8.361187897435897,9.002,10.0,7.51,8.75,7.5,10.0,,,,7.88,10.0,,,PEDE2024,10.0,Fase 1 (3° e 4° ano),8.1932,2014-09-27 00:00:00,8.7897,Aluno-808,Cursando,8.125,0.0,,Fase 1 (3° e 4° ano)
RA-963,1R,1R,,,8.0,Feminino,2023,Escola Pública,,7.502,9.761904762,7.51,7.5,5.0,10.0,,,,8.045,10.0,,,PEDE2024,10.0,Fase 1 (3° e 4° ano),8.6142,2014-09-05 00:00:00,8.375080952400001,Aluno-963,Cursando,8.125,0.0,,Fase 1 (3° e 4° ano)
RA-989,1R,1R,,,8.0,Masculino,2023,Escola Pública,,9.502,7.8571428569999995,6.26,6.0,6.0,6.0,,,,6.54,10.0,,,PEDE2024,10.0,Fase 1 (3° e 4° ano),7.7242,2014-09-18 00:00:00,7.3743785714,Aluno-989,Cursando,7.1875,0.0,,Fase 1 (3° e 4° ano)
RA-964,1R,1R,,,8.0,Masculino,2023,Escola Pública,,9.502,8.333333332999999,7.51,7.25,7.5,7.0,,,,7.1675,5.0,,,PEDE2024,10.0,Fase 2 (5° e 6° ano),7.7997,2014-04-30 00:00:00,7.548241666600001,Aluno-964,Cursando,7.96875,-1.0,,Fase 2 (5° e 6° ano)
RA-1449,1R,1R,,,8.0,Feminino,2024,Escola Pública,,7.418,8.3333333335,7.51,6.75,6.5,7.0,,,,7.04,5.0,,,PEDE2024,10.0,Fase 2 (5° e 6° ano),,2014-06-27 00:00:00,7.214341666700001,Aluno-1449,Cursando,7.96875,-1.0,,Fase 2 (5° e 6° ano)
RA-801,1R,1R,,,8.0,Masculino,2022,Escola Pública,6.6443414183535765,9.002,5.75,7.51,8.0,7.0,9.0,,,,5.745,5.0,,,PEDE2024,10.0,Fase 2 (5° e 6° ano),6.8735,2013-12-11 00:00:00,6.6752,Aluno-801,Cursando,6.25,-1.0,,Fase 2 (5° e 6° ano)
RA-1450,1R,1R,,,7.0,Masculino,2024,Escola Pública,,9.502,8.571428571,7.51,3.5,0.0,7.0,,,,7.5425,10.0,,,PEDE2024,9.0,Fase 1 (3° e 4° ano),,2015-01-10 00:00:00,7.405235714200002,Aluno-1450,Cursando,7.8125,0.0,,Fase 1 (3° e 4° ano)
RA-984,1R,1R,,,7.0,Feminino,2023,Escola Pública,,9.502,9.761904762,7.51,7.0,7.5,6.5,,,,8.045,10.0,,,PEDE2024,9.0,Fase 1 (3° e 4° ano),8.8177,2014-12-21 00:00:00,8.475080952400003,Aluno-984,Cursando,8.125,0.0,,Fase 1 (3° e 4° ano)
RA-1451,1R,1R,,,9.0,Feminino,2024,Escola Pública,,10.002,8.8095238095,7.51,6.0,6.0,6.0,,,,7.7525,5.0,,,PEDE2024,11.0,Fase 2 (5° e 6° ano),,2013-08-27 00:00:00,7.560479761900002,Aluno-1451,Cursando,7.96875,-1.0,,Fase 2 (5° e 6° ano)
RA-967,1R,1R,,,9.0,Masculino,2023,Escola Pública,,9.502,3.5714285715,7.51,4.75,3.5,6.0,,,,4.995,5.0,,,PEDE2024,11.0,Fase 2 (5° e 6° ano),7.1347,2013-09-09 00:00:00,5.442610714300001,Aluno-967,Cursando,5.78125,-1.0,,Fase 2 (5° e 6° ano)
RA-968,1R,1R,,,8.0,Feminino,2023,Escola Pública,,9.002,8.8095238095,7.51,7.75,8.5,7.0,,,,7.6675,5.0,,,PEDE2024,10.0,Fase 2 (5° e 6° ano),8.4942,2014-05-08 00:00:00,7.8403547619000005,Aluno-968,Cursando,8.4375,-1.0,,Fase 2 (5° e 6° ano)
RA-521,2A,2A,,,9.0,Masculino,2022,Escola Privada,7.725002,8.002,9.0357142855,5.005,6.25,7.0,5.5,,,,7.276666667,10.0,,,PEDE2024,11.0,Fase 2 (5° e 6° ano),6.768666667,2013-03-12 00:00:00,7.4798428571999995,Aluno-521,Cursando,6.666666667,0.0,,Fase 2 (5° e 6° ano)
RA-821,2A,2A,,,9.0,Masculino,2022,Escola Pública,6.342157529411765,8.502,5.9166666665,7.51,4.25,4.5,4.0,,,,6.713333333,10.0,,,PEDE2024,11.0,Fase 2 (5° e 6° ano),,2012-11-09 00:00:00,6.643866666600001,Aluno-821,Cursando,6.666666667,0.0,,Fase 2 (5° e 6° ano)
RA-1075,2A,2A,,,11.0,Feminino,2023,Escola Pública,,7.5,8.5154061625,3.755,6.0,5.0,7.0,,,,7.553333333,5.0,,,PEDE2024,13.0,Fase 3 (7° e 8° ano),6.591333333,2010-12-19 00:00:00,6.8100812324,Aluno-1075,Cursando,7.708333333,-1.0,,Fase 3 (7° e 8° ano)
RA-1048,2A,2A,,,9.0,Feminino,2023,Escola Privada,,8.502,6.833333333500001,6.255,6.25,6.5,6.0,,,,8.283333333,10.0,,,PEDE2024,11.0,Fase 1 (3° e 4° ano),7.811366667,2013-07-20 00:00:00,7.5198666666000005,Aluno-1048,Cursando,7.708333333,1.0,,Fase 1 (3° e 4° ano)
RA-1082,2A,2A,,,11.0,Feminino,2023,Escola Pública,,7.502,7.5714285715,10.0,3.75,2.0,5.5,,,,6.943333333,5.0,,,PEDE2024,13.0,Fase 3 (7° e 8° ano),7.1617,2011-04-07 00:00:00,6.6114857142,Aluno-1082,Cursando,7.083333333,-1.0,,Fase 3 (7° e 8° ano)
RA-680,2A,2A,,,10.0,Feminino,2021,Escola Pública,7.5177707180986655,0.0,6.6428571430000005,5.635,3.0,2.5,3.5,,,,6.606666667,5.0,,,PEDE2024,12.0,Fase 3 (7° e 8° ano),6.5855,2012-02-05 00:00:00,4.9800714287000005,Aluno-680,Cursando,6.666666667,-1.0,,Fase 3 (7° e 8° ano)
RA-698,2A,2A,,,8.0,Masculino,2021,Escola Pública,7.440048629629629,9.002,8.3214285715,6.88,4.5,3.0,6.0,,,,7.273333333,10.0,,,PEDE2024,10.0,Fase 2 (5° e 6° ano),7.553616667,2013-12-20 00:00:00,7.3363190476,Aluno-698,Cursando,7.291666667,0.0,,Fase 2 (5° e 6° ano)
RA-1452,2A,2A,,,10.0,Masculino,2024,Escola Pública,,9.002,10.0,7.51,7.75,7.0,8.5,,,,8.17,10.0,,,PEDE2024,12.0,Fase 2 (5° e 6° ano),,2012-09-07 00:00:00,8.6268666667,Aluno-1452,Cursando,7.916666667,0.0,,Fase 2 (5° e 6° ano)
RA-1453,2A,2A,,,10.0,Feminino,2021,Escola Pública,,8.502,7.8214285715,6.25,6.5,4.5,8.5,,,,7.67,5.0,,,PEDE2024,12.0,Fase 3 (7° e 8° ano),,2012-01-16 00:00:00,7.1234857143,Aluno-1453,Cursando,7.5,-1.0,,Fase 3 (7° e 8° ano)
RA-1454,2A,2A,,,8.0,Feminino,2023,Escola Pública,,8.002,5.880952381,7.51,7.75,7.5,8.0,,,,8.28,10.0,,,PEDE2024,10.0,Fase 2 (5° e 6° ano),,2014-03-31 00:00:00,7.7042238095,Aluno-1454,Cursando,7.708333333,0.0,,Fase 2 (5° e 6° ano)
RA-1455,2A,2A,,,10.0,Feminino,2024,Escola Pública,,8.002,7.777777778,7.51,3.5,,3.5,,,,7.833333333,5.0,,,PEDE2024,12.0,Fase 3 (7° e 8° ano),,2012-04-23 00:00:00,6.6442555555,Aluno-1455,Cursando,7.708333333,-1.0,,Fase 3 (7° e 8° ano)
RA-529,2A,2A,,,12.0,Masculino,2021,Escola Pública,6.510225610194904,7.002,6.6071428569999995,4.38,4.25,2.5,6.0,,,,4.886666667,5.0,,,PEDE2024,14.0,Fase 3 (7° e 8° ano),7.278991667,2010-07-01 00:00:00,5.2661285715,Aluno-529,Cursando,4.791666667,-1.0,,Fase 3 (7° e 8° ano)
RA-1456,2A,2A,,,9.0,Masculino,2024,Escola Pública,,9.502,9.511904762,7.51,7.75,5.5,10.0,,,,7.946666667,10.0,,,PEDE2024,11.0,Fase 2 (5° e 6° ano),,2012-12-03 00:00:00,8.492914285800001,Aluno-1456,Cursando,7.5,0.0,,Fase 2 (5° e 6° ano)
RA-1015,2B,2B,,,9.0,Feminino,2023,Escola Pública,,7.918,7.8214285715,7.51,4.0,2.0,6.0,,,,5.66,10.0,,,PEDE2024,11.0,Fase 2 (5° e 6° ano),7.538908333,2013-06-24 00:00:00,6.643252381000002,Aluno-1015,Cursando,6.041666667,0.0,,Fase 2 (5° e 6° ano)
RA-483,2B,2B,,,11.0,Feminino,2021,Escola Pública,5.262717116883117,8.502,5.6428571430000005,6.26,5.25,2.0,8.5,,,,8.056666667,5.0,,,PEDE2024,13.0,Fase 3 (7° e 8° ano),6.3972,2011-09-30 00:00:00,6.578604762,Aluno-483,Cursando,8.125,-1.0,,Fase 3 (7° e 8° ano)
RA-497,2B,2B,,,13.0,Feminino,2021,Escola Privada,6.322731276895944,7.502,6.095238095,5.63,1.0,0.0,2.0,,,,3.506666667,5.0,,,PEDE2024,15.0,Fase 3 (7° e 8° ano),5.7191,2009-07-01 00:00:00,4.4960809524,Aluno-497,Cursando,5.625,-1.0,,Fase 3 (7° e 8° ano)
RA-1457,2B,2B,,,10.0,Feminino,2024,Escola Pública,,3.498,8.0357142855,7.51,2.75,2.5,3.0,,,,7.663333333,5.0,,,PEDE2024,12.0,Fase 3 (7° e 8° ano),,2011-11-08 00:00:00,6.0197761904,Aluno-1457,Cursando,7.291666667,-1.0,,Fase 3 (7° e 8° ano)
RA-688,2B,2B,,,9.0,Masculino,2022,Escola Pública,7.771092108287961,9.502,10.0,8.13,7.5,6.0,9.0,,,,9.45,10.0,,,PEDE2024,11.0,Fase 2 (5° e 6° ano),8.0442,2013-08-20 00:00:00,8.986533333300002,Aluno-688,Cursando,8.333333333,0.0,,Fase 2 (5° e 6° ano)
RA-696,2B,2B,,,8.0,Feminino,2021,Escola Pública,7.441449523187053,7.418,7.845238095,7.51,5.25,5.0,5.5,,,,8.0,10.0,,,PEDE2024,10.0,Fase 2 (5° e 6° ano),7.172666667,2013-12-05 00:00:00,7.482680952299999,Aluno-696,Cursando,7.708333333,0.0,,Fase 2 (5° e 6° ano)
RA-1458,2B,2B,,,10.0,Feminino,2024,Escola Pública,,8.751,7.280701754500001,7.51,3.25,0.5,6.0,,,,5.213333333,5.0,,,PEDE2024,12.0,Fase 3 (7° e 8° ano),,2012-02-22 00:00:00,5.879073684200001,Aluno-1458,Cursando,6.041666667,-1.0,,Fase 3 (7° e 8° ano)
RA-1034,2B,2B,,,9.0,Masculino,2023,Escola Pública,,7.502,8.0833333335,7.51,7.5,7.5,7.5,,,,8.223333333,10.0,,,PEDE2024,11.0,Fase 2 (5° e 6° ano),7.9642,2013-04-15 00:00:00,8.0333666666,Aluno-1034,Cursando,7.708333333,0.0,,Fase 2 (5° e 6° ano)
RA-491,2B,2B,,,10.0,Masculino,2022,Escola Pública,7.4611133333333335,7.502,9.011904762,7.51,5.25,1.5,9.0,,,,7.166666667,5.0,,,PEDE2024,12.0,Fase 3 (7° e 8° ano),7.560533333,2011-12-05 00:00:00,6.995247619100001,Aluno-491,Cursando,7.083333333,-1.0,,Fase 3 (7° e 8° ano)
RA-1027,2B,2B,,,9.0,Feminino,2023,Escola Pública,,9.502,10.0,7.51,5.25,6.0,4.5,,,,8.39,10.0,,,PEDE2024,11.0,Fase 2 (5° e 6° ano),7.748866667,2013-04-25 00:00:00,8.220866666700001,Aluno-1027,Cursando,7.916666667,0.0,,Fase 2 (5° e 6° ano)
RA-1023,2B,2B,,,8.0,Feminino,2023,Escola Pública,,9.502,9.511904762,9.375,9.5,9.0,10.0,,,,9.563333333,10.0,,,PEDE2024,10.0,Fase 2 (5° e 6° ano),9.1342,2014-05-06 00:00:00,9.498580952300001,Aluno-1023,Cursando,8.958333333,0.0,,Fase 2 (5° e 6° ano)
RA-686,2C,2C,,,9.0,Feminino,2022,Escola Pública,7.728843833635814,8.002,8.7857142855,6.885,7.25,5.0,9.5,,,,7.503333333,10.0,,,PEDE2024,11.0,Fase 2 (5° e 6° ano),7.9642,2013-04-19 00:00:00,8.040259523700001,Aluno-686,Cursando,8.4375,0.0,,Fase 2 (5° e 6° ano)
RA-480,2C,2C,,,10.0,Feminino,2021,Escola Pública,7.502401434343434,6.25,8.0714285715,7.51,5.0,2.5,7.5,,,,7.443333333,10.0,,,PEDE2024,12.0,Fase 2 (5° e 6° ano),8.226408333,2012-10-20 00:00:00,7.260202380900001,Aluno-480,Cursando,7.8125,0.0,,Fase 2 (5° e 6° ano)
RA-1459,2C,2C,,,10.0,Masculino,2024,Escola Pública,,8.002,8.2976190475,7.51,3.75,2.0,5.5,,,,7.273333333,5.0,,,PEDE2024,12.0,Fase 3 (7° e 8° ano),,2012-03-21 00:00:00,6.665390476100001,Aluno-1459,Cursando,7.5,-1.0,,Fase 3 (7° e 8° ano)
RA-1460,2C,2C,,,10.0,Masculino,2024,Escola Pública,,9.502,7.460526316,7.51,3.25,2.5,4.0,,,,6.27,10.0,,,PEDE2024,12.0,Fase 2 (5° e 6° ano),,2012-08-27 00:00:00,6.784805263200001,Aluno-1460,Cursando,6.875,0.0,,Fase 2 (5° e 6° ano)
RA-1017,2C,2C,,,10.0,Masculino,2023,Escola Pública,,9.502,7.8095238095,6.26,5.0,2.5,7.5,,,,7.443333333,10.0,,,PEDE2024,12.0,Fase 2 (5° e 6° ano),6.505333333,2012-10-01 00:00:00,7.345521428500001,Aluno-1017,Cursando,7.1875,0.0,,Fase 2 (5° e 6° ano)
RA-499,2C,2C,,,10.0,Masculino,2021,Escola Pública,7.826390666666667,8.502,9.0476190475,7.51,4.75,2.0,7.5,,,,7.5,10.0,,,PEDE2024,12.0,Fase 2 (5° e 6° ano),7.8883,2012-07-24 00:00:00,7.5794738095000005,Aluno-499,Cursando,7.1875,0.0,,Fase 2 (5° e 6° ano)
RA-514,2C,2C,,,9.0,Feminino,2022,Escola Pública,7.0388891111111125,9.002,7.595238095,4.385,3.0,3.0,3.0,,,,5.996666667,10.0,,,PEDE2024,11.0,Fase 2 (5° e 6° ano),5.823133333,2013-05-05 00:00:00,6.219580952400001,Aluno-514,Cursando,5.625,0.0,,Fase 2 (5° e 6° ano)
RA-1461,2C,2C,,,10.0,Feminino,2024,Escola Pública,,10.002,9.273809524,7.51,2.75,0.5,5.0,,,,7.33,5.0,,,PEDE2024,12.0,Fase 3 (7° e 8° ano),,2012-01-10 00:00:00,6.871961904800001,Aluno-1461,Cursando,7.5,-1.0,,Fase 3 (7° e 8° ano)
RA-1462,2D,2D,,,11.0,Feminino,2024,Escola Pública,,8.502,10.0,7.51,6.5,6.0,7.0,,,,7.053333333,5.0,,,PEDE2024,13.0,Fase 3 (7° e 8° ano),,2010-12-14 00:00:00,7.6243666666,Aluno-1462,Cursando,8.125,-1.0,,Fase 3 (7° e 8° ano)
RA-1463,2D,2D,,,10.0,Masculino,2024,Escola Pública,,8.502,9.722222222,7.51,10.0,10.0,10.0,,,,8.113333333,10.0,,,PEDE2024,12.0,Fase 2 (5° e 6° ano),,2012-11-05 00:00:00,9.074561111000001,Aluno-1463,Cursando,9.0625,0.0,,Fase 2 (5° e 6° ano)
RA-1464,2D,2D,,,11.0,Feminino,2024,Escola Pública,,8.002,7.794871795,7.51,6.25,4.0,8.5,,,,7.61,5.0,,,PEDE2024,13.0,Fase 3 (7° e 8° ano),,2011-07-14 00:00:00,7.288424359,Aluno-1464,Cursando,9.0625,-1.0,,Fase 3 (7° e 8° ano)
RA-687,2D,2D,,,9.0,Masculino,2022,Escola Pública,7.703185605565638,7.502,9.2355889725,7.51,7.25,6.5,8.0,,,,8.003333333,10.0,,,PEDE2024,11.0,Fase 2 (5° e 6° ano),7.617533333,2013-01-26 00:00:00,8.2739844611,Aluno-687,Cursando,8.75,0.0,,Fase 2 (5° e 6° ano)
RA-1030,2D,2D,,,10.0,Masculino,2023,Escola Pública,,7.418,8.28320802,4.385,8.0,10.0,6.0,,,,7.61,10.0,,,PEDE2024,12.0,Fase 2 (5° e 6° ano),7.4027,2012-08-10 00:00:00,7.7401916040000005,Aluno-1030,Cursando,7.8125,0.0,,Fase 2 (5° e 6° ano)
RA-1465,2D,2D,,,10.0,Masculino,2024,Escola Pública,,7.418,8.75,7.51,5.75,5.0,6.5,,,,7.833333333,5.0,,,PEDE2024,12.0,Fase 3 (7° e 8° ano),,2011-11-26 00:00:00,7.3344666666,Aluno-1465,Cursando,8.75,-1.0,,Fase 3 (7° e 8° ano)
RA-522,2D,2D,,,9.0,Masculino,2021,Escola Pública,8.306255790104949,8.002,9.523809524,7.51,9.0,9.5,8.5,,,,7.89,10.0,,,PEDE2024,11.0,Fase 2 (5° e 6° ano),7.890533333,2013-01-08 00:00:00,8.6777119048,Aluno-522,Cursando,8.4375,0.0,,Fase 2 (5° e 6° ano)
RA-501,2D,2D,,,9.0,Masculino,2021,Escola Privada,7.794468490299825,7.002,7.9949874685,7.51,8.75,8.5,9.0,,,,8.17,10.0,,,PEDE2024,11.0,Fase 2 (5° e 6° ano),8.1357,2013-10-20 00:00:00,8.2779474937,Aluno-501,Cursando,8.4375,0.0,,Fase 2 (5° e 6° ano)
RA-1466,2D,2D,,,10.0,Masculino,2024,Escola Pública,,10.002,7.380952381,7.51,7.5,7.0,8.0,,,,8.056666667,10.0,,,PEDE2024,12.0,Fase 2 (5° e 6° ano),,2012-08-24 00:00:00,8.213723809600001,Aluno-1466,Cursando,8.75,0.0,,Fase 2 (5° e 6° ano)
RA-502,2D,2D,,,8.0,Feminino,2021,Escola Privada,8.286620610229278,9.002,9.761904762,3.755,8.0,6.0,10.0,,,,8.84,10.0,,,PEDE2024,10.0,Fase 2 (5° e 6° ano),8.749075,2014-05-24 00:00:00,8.5023309524,Aluno-502,Cursando,9.0625,0.0,,Fase 2 (5° e 6° ano)
RA-1467,2D,2D,,,10.0,Masculino,2024,Escola Pública,,9.002,9.022556391,7.51,9.25,9.0,9.5,,,,8.28,10.0,,,PEDE2024,12.0,Fase 2 (5° e 6° ano),,2012-08-02 00:00:00,8.836711278200001,Aluno-1467,Cursando,8.75,0.0,,Fase 2 (5° e 6° ano)
RA-1468,2D,2D,,,10.0,Feminino,2024,Escola Pública,,8.502,8.972431078,7.51,7.0,4.5,9.5,,,,7.443333333,10.0,,,PEDE2024,12.0,Fase 2 (5° e 6° ano),,2012-08-02 00:00:00,8.1281028822,Aluno-1468,Cursando,8.4375,0.0,,Fase 2 (5° e 6° ano)
RA-527,2D,2D,,,9.0,Feminino,2022,Escola Pública,8.025002,9.002,10.0,7.51,6.0,6.5,5.5,,,,7.383333333,10.0,,,PEDE2024,11.0,Fase 2 (5° e 6° ano),7.5682,2013-02-03 00:00:00,8.1403666666,Aluno-527,Cursando,8.125,0.0,,Fase 2 (5° e 6° ano)
RA-1469,2D,2D,,,11.0,Masculino,2024,Escola Pública,,8.502,9.4444444445,7.51,4.75,6.0,3.5,,,,8.223333333,5.0,,,PEDE2024,13.0,Fase 3 (7° e 8° ano),,2011-03-26 00:00:00,7.459755555500001,Aluno-1469,Cursando,8.75,-1.0,,Fase 3 (7° e 8° ano)
RA-1470,2G,2G,,,10.0,Feminino,2024,Escola Pública,,8.002,6.35610766,6.26,5.0,5.0,5.0,,,,5.4125,5.0,,,PEDE2024,12.0,Fase 3 (7° e 8° ano),,2012-02-17 00:00:00,5.967421532000001,Aluno-1470,Cursando,6.875,-1.0,,Fase 3 (7° e 8° ano)
RA-1471,2G,2G,,,11.0,Masculino,2024,Escola Pública,,10.002,7.195652174,7.51,7.5,8.0,7.0,,,,7.2425,5.0,,,PEDE2024,13.0,Fase 3 (7° e 8° ano),,2011-08-08 00:00:00,7.404455434800001,Aluno-1471,Cursando,7.65625,-1.0,,Fase 3 (7° e 8° ano)
RA-710,2G,2G,,,10.0,Masculino,2021,Escola Pública,7.284936897435898,9.168,8.170995671,5.625,6.75,8.0,5.5,,,,6.5375,5.0,,,PEDE2024,12.0,Fase 3 (7° e 8° ano),7.0582,2012-03-01 00:00:00,7.0366241342,Aluno-710,Cursando,7.65625,-1.0,,Fase 3 (7° e 8° ano)
RA-1472,2G,2G,,,9.0,Masculino,2022,Escola Pública,,8.502,10.0,7.51,8.75,9.0,8.5,,,,8.1275,10.0,,,PEDE2024,11.0,Fase 2 (5° e 6° ano),,2012-11-19 00:00:00,8.773575000000001,Aluno-1472,Cursando,7.96875,0.0,,Fase 2 (5° e 6° ano)
RA-837,2G,2G,,,8.0,Masculino,2022,Escola Pública,8.207451124949126,7.502,9.782608695499999,6.885,6.75,6.0,7.5,,,,7.5825,10.0,,,PEDE2024,10.0,Fase 2 (5° e 6° ano),8.2712,2014-04-07 00:00:00,7.9648467391,Aluno-837,Cursando,7.03125,0.0,,Fase 2 (5° e 6° ano)
RA-549,2G,2G,,,10.0,Masculino,2021,Escola Pública,6.300611568922306,10.002,7.204968943999999,6.255,5.75,5.0,6.5,,,,5.9125,5.0,,,PEDE2024,12.0,Fase 3 (7° e 8° ano),7.0297,2012-05-07 00:00:00,6.5398187888,Aluno-549,Cursando,6.40625,-1.0,,Fase 3 (7° e 8° ano)
RA-571,2G,2G,,,11.0,Feminino,2021,Escola Pública,6.589433478260871,7.002,8.695652174,4.375,5.25,5.0,5.5,,,,5.8325,5.0,,,PEDE2024,13.0,Fase 3 (7° e 8° ano),6.6097,2011-09-18 00:00:00,6.2964554347999995,Aluno-571,Cursando,7.03125,-1.0,,Fase 3 (7° e 8° ano)
RA-731,2G,2G,,,10.0,Feminino,2021,Escola Pública,7.151334755991286,9.502,4.188311688500001,4.375,2.5,0.0,5.0,,,,4.835,5.0,,,PEDE2024,12.0,Fase 3 (7° e 8° ano),6.7742,2012-04-24 00:00:00,4.7704873377000006,Aluno-731,Cursando,5.78125,-1.0,,Fase 3 (7° e 8° ano)
RA-706,2G,2G,,,9.0,Feminino,2021,Escola Pública,7.658744356725147,0.0,7.1428571430000005,6.26,3.25,3.0,3.5,,,,7.0,10.0,,,PEDE2024,11.0,Fase 2 (5° e 6° ano),7.1527,2012-12-10 00:00:00,5.8701964286,Aluno-706,Cursando,7.65625,0.0,,Fase 2 (5° e 6° ano)
RA-707,2G,2G,,,10.0,Feminino,2021,Escola Pública,7.6787352768031205,7.917,7.7236842105,4.375,6.5,7.0,6.0,,,,6.415,5.0,,,PEDE2024,12.0,Fase 3 (7° e 8° ano),6.518,2012-03-01 00:00:00,6.4975618421000005,Aluno-707,Cursando,6.40625,-1.0,,Fase 3 (7° e 8° ano)
RA-1044,2G,2G,,,9.0,Feminino,2023,Escola Pública,,7.502,9.523809524,7.51,7.0,7.0,7.0,,,,7.21,10.0,,,PEDE2024,11.0,Fase 2 (5° e 6° ano),7.629533333,2013-04-24 00:00:00,7.966711904800001,Aluno-1044,Cursando,7.1875,0.0,,Fase 2 (5° e 6° ano)
RA-1054,2G,2G,,,11.0,Masculino,2023,Escola Pública,,9.502,7.3291925465,7.51,6.25,6.0,6.5,,,,6.75,5.0,,,PEDE2024,13.0,Fase 3 (7° e 8° ano),7.459533333,2010-12-02 00:00:00,6.985788509300001,Aluno-1054,Cursando,7.1875,-1.0,,Fase 3 (7° e 8° ano)
RA-721,2G,2G,,,8.0,Feminino,2021,Escola Pública,7.9732750774410786,9.002,9.544513457499999,8.135,8.25,9.0,7.5,,,,8.755,10.0,,,PEDE2024,10.0,Fase 2 (5° e 6° ano),8.683366667,2014-03-20 00:00:00,8.8986026915,Aluno-721,Cursando,8.75,0.0,,Fase 2 (5° e 6° ano)
RA-1473,2G,2G,,,11.0,Masculino,2024,Escola Pública,,9.502,8.4368530025,5.625,5.25,6.0,4.5,,,,6.415,5.0,,,PEDE2024,13.0,Fase 3 (7° e 8° ano),,2011-07-06 00:00:00,6.689320600500001,Aluno-1473,Cursando,6.5625,-1.0,,Fase 3 (7° e 8° ano)
RA-735,2H,2H,,,10.0,Feminino,2021,Escola Pública,7.484878876543211,8.002,9.782608695499999,6.255,8.0,8.0,8.0,,,,7.705,5.0,,,PEDE2024,12.0,Fase 3 (7° e 8° ano),7.184,2012-06-29 00:00:00,7.7888467391,Aluno-735,Cursando,7.65625,-1.0,,Fase 3 (7° e 8° ano)
RA-712,2H,2H,,,11.0,Masculino,2021,Escola Pública,6.025962871794872,7.502,5.983436853,5.625,6.75,7.0,6.5,,,,6.04,5.0,,,PEDE2024,13.0,Fase 3 (7° e 8° ano),6.331533333,2011-03-13 00:00:00,6.2236373706000006,Aluno-712,Cursando,6.5625,-1.0,,Fase 3 (7° e 8° ano)
RA-1103,2H,2H,,,9.0,Masculino,2023,Escola Pública,,8.502,7.763975155000001,7.51,7.25,6.0,8.5,,,,7.54,10.0,,,PEDE2024,11.0,Fase 2 (5° e 6° ano),7.574866667,2012-11-30 00:00:00,7.861995031000001,Aluno-1103,Cursando,7.5,0.0,,Fase 2 (5° e 6° ano)
RA-570,2H,2H,,,10.0,Feminino,2021,Escola Pública,5.7221032270531405,8.002,8.0020703935,5.625,6.75,6.0,7.5,,,,6.4075,5.0,,,PEDE2024,12.0,Fase 3 (7° e 8° ano),6.781033333,2012-01-03 00:00:00,6.8133640787,Aluno-570,Cursando,7.1875,-1.0,,Fase 3 (7° e 8° ano)
RA-713,2H,2H,,,9.0,Masculino,2021,Escola Pública,7.420353564102564,8.002,7.525879916999999,7.51,6.75,6.0,7.5,,,,6.79,10.0,,,PEDE2024,11.0,Fase 2 (5° e 6° ano),7.408033333,2013-02-26 00:00:00,7.467500983400001,Aluno-713,Cursando,7.03125,0.0,,Fase 2 (5° e 6° ano)
RA-714,2H,2H,,,11.0,Masculino,2021,Escola Pública,6.953207128205129,0.0,6.873706004,6.255,4.0,8.0,0.0,,,,6.9975,5.0,,,PEDE2024,13.0,Fase 3 (7° e 8° ano),6.078666667,2011-06-30 00:00:00,5.4653662008,Aluno-714,Cursando,7.65625,-1.0,,Fase 3 (7° e 8° ano)
RA-737,2H,2H,,,9.0,Feminino,2022,Escola Pública,8.057507539961014,8.502,8.6542443065,6.885,9.25,9.0,9.5,,,,8.0,10.0,,,PEDE2024,11.0,Fase 2 (5° e 6° ano),8.048033333,2013-10-29 00:00:00,8.4695488613,Aluno-737,Cursando,7.5,0.0,,Fase 2 (5° e 6° ano)
RA-1474,2H,2H,,,9.0,Feminino,2024,Escola Pública,,8.002,7.960662526,5.625,7.5,7.0,8.0,,,,6.2875,10.0,,,PEDE2024,11.0,Fase 2 (5° e 6° ano),,2013-01-05 00:00:00,7.384207505200001,Aluno-1474,Cursando,6.71875,0.0,,Fase 2 (5° e 6° ano)
RA-1036,2H,2H,,,10.0,Feminino,2023,Escola Pública,,10.002,9.0890269155,7.51,7.0,7.0,7.0,,,,7.7475,10.0,,,PEDE2024,12.0,Fase 2 (5° e 6° ano),6.970583333,2012-07-18 00:00:00,8.2841303831,Aluno-1036,Cursando,7.65625,0.0,,Fase 2 (5° e 6° ano)
RA-576,2H,2H,,,10.0,Feminino,2022,Escola Pública,7.590428480704481,8.502,10.0,7.51,9.25,9.0,9.5,,,,8.4975,10.0,,,PEDE2024,12.0,Fase 2 (5° e 6° ano),7.984741667,2012-08-23 00:00:00,8.93195,Aluno-576,Cursando,7.8125,0.0,,Fase 2 (5° e 6° ano)
RA-577,2H,2H,,,10.0,Feminino,2022,Escola Pública,7.861617939393939,8.502,5.7660455485,5.625,8.0,7.0,9.0,,,,6.535,5.0,,,PEDE2024,12.0,Fase 3 (7° e 8° ano),7.219366667,2012-03-25 00:00:00,6.629159109700001,Aluno-577,Cursando,6.5625,-1.0,,Fase 3 (7° e 8° ano)
RA-580,2H,2H,,,10.0,Feminino,2021,Escola Pública,7.5251831594202905,9.002,8.871635610999999,7.51,9.25,10.0,8.5,,,,7.2475,5.0,,,PEDE2024,12.0,Fase 3 (7° e 8° ano),8.4712,2012-02-15 00:00:00,7.9281521222,Aluno-580,Cursando,7.03125,-1.0,,Fase 3 (7° e 8° ano)
RA-581,2H,2H,,,10.0,Masculino,2021,Escola Pública,6.464252763285025,7.418,8.198757764,5.625,8.75,8.0,9.5,,,,6.165,5.0,,,PEDE2024,12.0,Fase 3 (7° e 8° ano),7.7167,2012-02-24 00:00:00,7.0833015528,Aluno-581,Cursando,6.5625,-1.0,,Fase 3 (7° e 8° ano)
RA-841,2H,2H,,,10.0,Masculino,2022,Escola Pública,7.3000233675213675,10.002,6.3272311215000006,7.51,3.25,4.0,2.5,,,,5.83,5.0,,,PEDE2024,12.0,Fase 3 (7° e 8° ano),6.78,2011-12-30 00:00:00,6.035771224300001,Aluno-841,Cursando,7.03125,-1.0,,Fase 3 (7° e 8° ano)
RA-730,2I,2I,,,9.0,Feminino,2021,Escola Pública,7.901663220043574,8.002,7.152777778,6.885,9.5,10.0,9.0,,,,8.666666667,10.0,,,PEDE2024,11.0,Fase 2 (5° e 6° ano),7.979325,2012-12-17 00:00:00,8.469255555700002,Aluno-730,Cursando,9.166666667,0.0,,Fase 2 (5° e 6° ano)
RA-855,2I,2I,,,8.0,Feminino,2022,Escola Pública,8.452910432147561,9.002,10.0,7.51,8.5,9.0,8.0,,,,7.386666667,10.0,,,PEDE2024,10.0,Fase 2 (5° e 6° ano),8.62995,2013-11-23 00:00:00,8.578533333400001,Aluno-855,Cursando,7.5,0.0,,Fase 2 (5° e 6° ano)
RA-820,2I,2I,,,9.0,Masculino,2022,Escola Pública,7.4166680000000005,10.002,6.573529412,7.51,6.25,6.0,6.5,,,,6.386666667,10.0,,,PEDE2024,11.0,Fase 2 (5° e 6° ano),7.85605,2013-08-26 00:00:00,7.426572549100001,Aluno-820,Cursando,8.333333333,0.0,,Fase 2 (5° e 6° ano)
RA-715,2I,2I,,,9.0,Feminino,2022,Escola Pública,6.655769897435897,9.002,5.250626566499999,3.755,2.75,2.0,3.5,,,,4.67,10.0,,,PEDE2024,11.0,Fase 2 (5° e 6° ano),5.8915,2013-08-12 00:00:00,5.3098253133,Aluno-715,Cursando,5.0,0.0,,Fase 2 (5° e 6° ano)
RA-1038,2I,2I,,,9.0,Feminino,2023,Escola Pública,,8.002,7.5438596495,7.51,8.5,10.0,7.0,,,,7.273333333,10.0,,,PEDE2024,11.0,Fase 2 (5° e 6° ano),7.736825,2013-07-21 00:00:00,7.9646385965,Aluno-1038,Cursando,7.5,0.0,,Fase 2 (5° e 6° ano)
RA-1475,2I,2I,,,8.0,Feminino,2024,Escola Pública,,9.002,8.070175439,7.51,5.0,7.0,3.0,,,,6.993333333,10.0,,,PEDE2024,10.0,Fase 2 (5° e 6° ano),,2013-11-20 00:00:00,7.413901754400001,Aluno-1475,Cursando,7.5,0.0,,Fase 2 (5° e 6° ano)
RA-1039,2I,2I,,,11.0,Masculino,2023,Escola Pública,,8.002,9.722222222,7.51,7.25,8.0,6.5,,,,6.77,5.0,,,PEDE2024,13.0,Fase 3 (7° e 8° ano),7.686033333,2011-08-05 00:00:00,7.549644444400001,Aluno-1039,Cursando,7.5,-1.0,,Fase 3 (7° e 8° ano)
RA-745,2I,2I,,,9.0,Masculino,2021,Escola Privada,7.382144857142857,9.002,10.0,6.26,8.5,8.0,9.0,,,,8.17,10.0,,,PEDE2024,11.0,Fase 2 (5° e 6° ano),7.668366667,2013-08-04 00:00:00,8.6102,Aluno-745,Cursando,7.5,0.0,,Fase 2 (5° e 6° ano)
RA-718,2I,2I,,,8.0,Feminino,2022,Escola Pública,8.09268585185185,10.002,9.5138888885,5.635,9.5,9.0,10.0,,,,7.946666667,10.0,,,PEDE2024,10.0,Fase 1 (3° e 4° ano),8.166866667,2014-08-11 00:00:00,8.705811111100001,Aluno-718,Cursando,7.5,1.0,,Fase 1 (3° e 4° ano)
RA-1040,2I,2I,,,10.0,Masculino,2023,Escola Pública,,9.502,8.5416666665,7.51,8.25,8.0,8.5,,,,7.273333333,5.0,,,PEDE2024,12.0,Fase 3 (7° e 8° ano),7.81545,2011-12-06 00:00:00,7.764199999900001,Aluno-1040,Cursando,7.5,-1.0,,Fase 3 (7° e 8° ano)
RA-746,2I,2I,,,8.0,Masculino,2022,Escola Pública,7.655751153996102,8.502,7.4305555555,7.51,8.0,8.0,8.0,,,,7.33,10.0,,,PEDE2024,10.0,Fase 2 (5° e 6° ano),6.517166667,2014-04-09 00:00:00,7.903311111100001,Aluno-746,Cursando,7.5,0.0,,Fase 2 (5° e 6° ano)
RA-1069,2K,2K,,,10.0,Masculino,2023,Escola Pública,,9.002,7.0760869565,7.51,6.25,7.0,5.5,,,,7.75,10.0,,,PEDE2024,12.0,Fase 2 (5° e 6° ano),7.590033333,2012-09-18 00:00:00,7.678917391300001,Aluno-1069,Cursando,8.125,0.0,,Fase 2 (5° e 6° ano)
RA-1476,2K,2K,,,9.0,Feminino,2024,Escola Pública,,9.502,10.0,5.635,8.5,8.0,9.0,,,,8.7525,10.0,,,PEDE2024,11.0,Fase 2 (5° e 6° ano),,2013-01-22 00:00:00,8.80795,Aluno-1476,Cursando,8.4375,0.0,,Fase 2 (5° e 6° ano)
RA-827,2K,2K,,,10.0,Feminino,2022,Escola Pública,7.412495022283378,10.002,9.782608695499999,5.01,7.25,6.0,8.5,,,,7.875,10.0,,,PEDE2024,12.0,Fase 2 (5° e 6° ano),7.419925,2012-10-11 00:00:00,8.2483467391,Aluno-827,Cursando,7.65625,0.0,,Fase 2 (5° e 6° ano)
RA-1477,2K,2K,,,9.0,Masculino,2024,Escola Pública,,8.002,8.010869565,7.51,5.0,5.0,5.0,,,,6.2875,10.0,,,PEDE2024,11.0,Fase 2 (5° e 6° ano),,2012-12-27 00:00:00,7.0514989130000005,Aluno-1477,Cursando,6.40625,0.0,,Fase 2 (5° e 6° ano)
RA-762,2K,2K,,,12.0,Masculino,2022,Escola Pública,7.28025826984127,10.002,6.4239130435,6.26,3.75,4.0,3.5,,,,5.7525,5.0,,,PEDE2024,14.0,Fase 4 (9° ano),7.09945,2010-06-28 00:00:00,5.9677326087,Aluno-762,Cursando,6.5625,-2.0,,Fase 4 (9° ano)
RA-778,2K,2K,,,9.0,Feminino,2021,Escola Pública,7.431939372281467,10.002,8.1235697945,7.51,7.0,5.0,9.0,,,,7.7475,10.0,,,PEDE2024,11.0,Fase 2 (5° e 6° ano),7.926825,2013-07-11 00:00:00,8.0754139589,Aluno-778,Cursando,7.5,0.0,,Fase 2 (5° e 6° ano)
RA-591,2K,2K,,,11.0,Masculino,2021,Escola Pública,7.507451717171717,7.418,7.913043478500001,6.255,7.5,6.0,9.0,,,,6.54,5.0,,,PEDE2024,13.0,Fase 3 (7° e 8° ano),7.1472,2011-09-03 00:00:00,6.8360336957,Aluno-591,Cursando,5.78125,-1.0,,Fase 3 (7° e 8° ano)
RA-1478,2K,2K,,,9.0,Masculino,2024,Escola Pública,,8.002,6.666666667,6.255,4.25,4.0,4.5,,,,7.1225,10.0,,,PEDE2024,11.0,Fase 2 (5° e 6° ano),,2012-11-11 00:00:00,6.7210333334,Aluno-1478,Cursando,6.875,0.0,,Fase 2 (5° e 6° ano)
RA-829,2K,2K,,,8.0,Feminino,2022,Escola Privada,8.00281439031339,9.502,9.75,9.38,8.0,6.0,10.0,,,,9.215,10.0,,,PEDE2024,10.0,Fase 1 (3° e 4° ano),8.532075,2014-09-30 00:00:00,9.171825000000002,Aluno-829,Cursando,8.90625,1.0,,Fase 1 (3° e 4° ano)
RA-1479,2K,2K,,,10.0,Masculino,2024,Escola Pública,,8.502,6.1965811965,7.51,4.25,4.0,4.5,,,,6.0325,10.0,,,PEDE2024,12.0,Fase 2 (5° e 6° ano),,2012-10-27 00:00:00,6.615766239300001,Aluno-1479,Cursando,7.1875,0.0,,Fase 2 (5° e 6° ano)
RA-1480,2K,2K,,,10.0,Masculino,2024,Escola Pública,,8.502,8.875,7.51,5.5,,5.5,,,,6.9975,5.0,,,PEDE2024,12.0,Fase 3 (7° e 8° ano),,2011-12-31 00:00:00,7.09445,Aluno-1480,Cursando,7.1875,-1.0,,Fase 3 (7° e 8° ano)
RA-438,2K,2K,,,10.0,Masculino,2022,Escola Pública,7.763511656565657,9.168,8.6630434785,7.51,8.25,7.0,9.5,,,,7.915,5.0,,,PEDE2024,12.0,Fase 3 (7° e 8° ano),6.9883,2012-03-11 00:00:00,7.930283695700001,Aluno-438,Cursando,7.96875,-1.0,,Fase 3 (7° e 8° ano)
RA-607,2K,2K,,,10.0,Masculino,2022,Escola Pública,6.440323564297217,8.502,7.4782608695,7.51,7.0,7.0,7.0,,,,7.165,10.0,,,PEDE2024,12.0,Fase 2 (5° e 6° ano),7.333075,2012-08-17 00:00:00,7.6486021739000005,Aluno-607,Cursando,7.1875,0.0,,Fase 2 (5° e 6° ano)
RA-1481,2K,2K,,,10.0,Feminino,2024,Escola Pública,,8.502,8.782608695499999,7.51,4.75,4.0,5.5,,,,6.8275,5.0,,,PEDE2024,12.0,Fase 3 (7° e 8° ano),,2012-02-10 00:00:00,6.860721739100001,Aluno-1481,Cursando,6.875,-1.0,,Fase 3 (7° e 8° ano)
RA-1482,2K,2K,,,12.0,Masculino,2024,Escola Pública,,8.502,5.0,7.51,0.0,0.0,0.0,,,,6.8725,5.0,,,PEDE2024,14.0,Fase 3 (7° e 8° ano),,2010-11-05 00:00:00,5.2257,Aluno-1482,Cursando,7.5,-1.0,,Fase 3 (7° e 8° ano)
RA-1483,2K,2K,,,9.0,Masculino,2024,Escola Pública,,9.502,7.913043478500001,7.51,6.5,6.0,7.0,,,,5.7475,10.0,,,PEDE2024,11.0,Fase 2 (5° e 6° ano),,2013-09-03 00:00:00,7.311433695700001,Aluno-1483,Cursando,5.78125,0.0,,Fase 2 (5° e 6° ano)
RA-1484,2L,2L,,,12.0,Feminino,2024,Escola Pública,,9.002,10.0,6.26,7.0,5.0,9.0,,,,7.89,5.0,,,PEDE2024,14.0,Fase 3 (7° e 8° ano),,2010-08-06 00:00:00,7.754200000000001,Aluno-1484,Cursando,7.5,-1.0,,Fase 3 (7° e 8° ano)
RA-1485,2L,2L,,,11.0,Masculino,2024,Escola Pública,,9.002,7.7432712215,5.625,5.0,5.0,5.0,,,,7.386666667,5.0,,,PEDE2024,13.0,Fase 3 (7° e 8° ano),,2011-04-04 00:00:00,6.7386875776999995,Aluno-1485,Cursando,7.5,-1.0,,Fase 3 (7° e 8° ano)
RA-1486,2L,2L,,,9.0,Masculino,2024,Escola Pública,,8.002,5.431372549,6.26,5.75,6.0,5.5,,,,7.056666667,10.0,,,PEDE2024,11.0,Fase 2 (5° e 6° ano),,2013-06-26 00:00:00,6.865474509900001,Aluno-1486,Cursando,7.916666667,0.0,,Fase 2 (5° e 6° ano)
RA-597,2L,2L,,,9.0,Masculino,2022,Escola Pública,8.265278666666667,9.002,9.3271221535,7.51,6.0,5.0,7.0,,,,6.883333333,10.0,,,PEDE2024,11.0,Fase 2 (5° e 6° ano),8.49045,2013-02-21 00:00:00,7.843291097300001,Aluno-597,Cursando,7.5,0.0,,Fase 2 (5° e 6° ano)
RA-624,2L,2L,,,10.0,Masculino,2022,Escola Pública,7.424538592592594,8.002,8.219461698,7.51,4.0,8.0,0.0,,,,7.213333333,10.0,,,PEDE2024,12.0,Fase 2 (5° e 6° ano),8.270825,2012-08-02 00:00:00,7.229425672900001,Aluno-624,Cursando,7.916666667,0.0,,Fase 2 (5° e 6° ano)
RA-1487,2L,2L,,,11.0,Feminino,2024,Escola Pública,,10.002,9.5652173915,6.26,8.25,7.0,9.5,,,,7.833333333,5.0,,,PEDE2024,13.0,Fase 3 (7° e 8° ano),,2011-08-26 00:00:00,8.0267434782,Aluno-1487,Cursando,7.708333333,-1.0,,Fase 3 (7° e 8° ano)
RA-1488,2L,2L,,,9.0,Feminino,2024,Escola Pública,,8.002,7.111801242,7.51,3.5,7.0,0.0,,,,6.716666667,10.0,,,PEDE2024,11.0,Fase 2 (5° e 6° ano),,2013-01-03 00:00:00,6.7668935818000016,Aluno-1488,Cursando,7.5,0.0,,Fase 2 (5° e 6° ano)
RA-1489,2L,2L,,,10.0,Masculino,2024,Escola Pública,,9.002,5.793478261000001,6.26,5.0,5.0,5.0,,,,5.663333333,5.0,,,PEDE2024,12.0,Fase 3 (7° e 8° ano),,2012-05-04 00:00:00,5.9842289855000015,Aluno-1489,Cursando,6.666666667,-1.0,,Fase 3 (7° e 8° ano)
RA-600,2L,2L,,,9.0,Feminino,2021,Escola Pública,7.011141486631016,8.002,8.010869565,7.51,7.5,8.0,7.0,,,,7.22,10.0,,,PEDE2024,11.0,Fase 2 (5° e 6° ano),7.651658333,2013-03-15 00:00:00,7.847373913,Aluno-600,Cursando,7.5,0.0,,Fase 2 (5° e 6° ano)
RA-663,2L,2L,,,10.0,Masculino,2022,Escola Pública,6.3760686733500425,8.502,7.0910973085,5.625,6.5,6.0,7.0,,,,6.89,5.0,,,PEDE2024,12.0,Fase 3 (7° e 8° ano),6.969133333,2012-02-17 00:00:00,6.696419461700001,Aluno-663,Cursando,6.875,-1.0,,Fase 3 (7° e 8° ano)
RA-1490,2L,2L,,,10.0,Feminino,2024,Escola Privada,,8.502,9.5652173915,6.26,7.75,8.0,7.5,,,,6.333333333,5.0,,,PEDE2024,12.0,Fase 3 (7° e 8° ano),,2012-04-04 00:00:00,7.3725768116,Aluno-1490,Cursando,6.666666667,-1.0,,Fase 3 (7° e 8° ano)
RA-1491,2L,2L,,,10.0,Masculino,2024,Escola Pública,,9.002,6.25,7.51,6.5,6.0,7.0,,,,7.78,10.0,,,PEDE2024,12.0,Fase 2 (5° e 6° ano),,2012-07-13 00:00:00,7.5072,Aluno-1491,Cursando,7.5,0.0,,Fase 2 (5° e 6° ano)
RA-1066,2L,2L,,,9.0,Feminino,2023,Escola Pública,,9.502,8.3954451345,6.26,7.25,7.0,7.5,,,,7.386666667,10.0,,,PEDE2024,11.0,Fase 2 (5° e 6° ano),7.262616667,2013-09-16 00:00:00,7.9326223603,Aluno-1066,Cursando,7.5,0.0,,Fase 2 (5° e 6° ano)
RA-630,2L,2L,,,9.0,Masculino,2022,Escola Pública,8.063890666666667,0.0,8.4782608695,7.51,5.75,6.0,5.5,,,,7.666666667,10.0,,,PEDE2024,11.0,Fase 2 (5° e 6° ano),7.199991667,2013-04-22 00:00:00,6.879985507300001,Aluno-630,Cursando,7.5,0.0,,Fase 2 (5° e 6° ano)
RA-1492,2L,2L,,,7.0,Masculino,2024,Escola Pública,,8.002,8.8141025645,7.51,8.0,6.0,10.0,,,,8.45,10.0,,,PEDE2024,9.0,Fase 1 (3° e 4° ano),,2014-11-27 00:00:00,8.479020512900002,Aluno-1492,Cursando,8.75,1.0,,Fase 1 (3° e 4° ano)
RA-834,2L,2L,,,9.0,Masculino,2022,Escola Pública,8.135537771280053,8.002,9.109730849,6.26,8.75,9.0,8.5,,,,8.723333333,10.0,,,PEDE2024,11.0,Fase 2 (5° e 6° ano),8.662616667,2013-01-10 00:00:00,8.513646169700001,Aluno-834,Cursando,7.708333333,0.0,,Fase 2 (5° e 6° ano)
RA-784,2M,2M,,,9.0,Feminino,2022,Escola Privada,8.339586333333333,8.002,9.7727272725,5.635,8.75,8.0,9.5,,,,9.4,10.0,,,PEDE2024,11.0,Fase 2 (5° e 6° ano),8.171366667,2013-04-24 00:00:00,8.8857454545,Aluno-784,Cursando,9.375,0.0,,Fase 2 (5° e 6° ano)
RA-1059,2M,2M,,,9.0,Masculino,2023,Escola Pública,,8.002,10.0,6.26,7.5,7.5,7.5,,,,9.23,10.0,,,PEDE2024,11.0,Fase 2 (5° e 6° ano),7.763741667,2013-07-06 00:00:00,8.678450000000002,Aluno-1059,Cursando,9.0625,0.0,,Fase 2 (5° e 6° ano)
RA-612,2M,2M,,,10.0,Feminino,2021,Escola Privada,7.593564610229277,8.002,9.5454545455,6.26,9.75,9.5,10.0,,,,9.4,10.0,,,PEDE2024,12.0,Fase 2 (5° e 6° ano),8.410783333,2012-08-24 00:00:00,9.134040909100001,Aluno-612,Cursando,9.6875,0.0,,Fase 2 (5° e 6° ano)
RA-1060,2M,2M,,,10.0,Masculino,2023,Escola Pública,,9.585,6.0,6.26,3.25,3.5,3.0,,,,6.163333333,10.0,,,PEDE2024,12.0,Fase 2 (5° e 6° ano),7.095741667,2012-11-06 00:00:00,6.448416666600001,Aluno-1060,Cursando,7.8125,0.0,,Fase 2 (5° e 6° ano)
RA-761,2M,2M,,,9.0,Masculino,2022,Escola Pública,8.059871909502263,8.502,8.8636363635,6.26,7.25,8.0,6.5,,,,8.003333333,10.0,,,PEDE2024,11.0,Fase 2 (5° e 6° ano),8.219533333,2013-01-23 00:00:00,8.174593939300001,Aluno-761,Cursando,8.75,0.0,,Fase 2 (5° e 6° ano)
RA-1493,2M,2M,,,10.0,Masculino,2024,Escola Pública,,8.502,7.8468899525,7.51,4.0,3.5,4.5,,,,5.946666667,5.0,,,PEDE2024,12.0,Fase 3 (7° e 8° ano),,2012-03-12 00:00:00,6.378661323900001,Aluno-1493,Cursando,7.1875,-1.0,,Fase 3 (7° e 8° ano)
RA-665,2M,2M,,,10.0,Feminino,2022,Escola Pública,6.9960036835016846,8.334,5.068181818,5.63,4.75,3.0,6.5,,,,5.443333333,5.0,,,PEDE2024,12.0,Fase 3 (7° e 8° ano),6.185658333,2011-12-07 00:00:00,5.698703030200001,Aluno-665,Cursando,7.5,-1.0,,Fase 3 (7° e 8° ano)
RA-1115,2M,2M,,,10.0,Feminino,2023,Escola Pública,,8.002,4.2676767675,7.51,6.25,6.5,6.0,,,,5.826666667,10.0,,,PEDE2024,12.0,Fase 2 (5° e 6° ano),6.474,2012-10-10 00:00:00,6.570068686900001,Aluno-1115,Cursando,7.5,0.0,,Fase 2 (5° e 6° ano)
RA-1061,2M,2M,,,9.0,Masculino,2023,Escola Pública,,8.502,10.0,6.26,8.5,7.0,10.0,,,,8.73,10.0,,,PEDE2024,11.0,Fase 2 (5° e 6° ano),8.196533333,2013-07-25 00:00:00,8.76595,Aluno-1061,Cursando,8.4375,0.0,,Fase 2 (5° e 6° ano)
RA-1494,2M,2M,,,9.0,Feminino,2024,Escola Pública,,0.0,6.7794117645,7.51,4.25,8.5,0.0,,,,5.84,10.0,,,PEDE2024,11.0,Fase 2 (5° e 6° ano),,2013-03-06 00:00:00,5.8748823529,Aluno-1494,Cursando,7.5,0.0,,Fase 2 (5° e 6° ano)
RA-1495,2M,2M,,,9.0,Feminino,2021,Escola Pública,,9.002,8.318181818,7.51,8.25,8.5,8.0,,,,8.223333333,10.0,,,PEDE2024,11.0,Fase 2 (5° e 6° ano),,2013-09-19 00:00:00,8.4845030302,Aluno-1495,Cursando,8.75,0.0,,Fase 2 (5° e 6° ano)
RA-606,2M,2M,,,9.0,Masculino,2022,Escola Pública,6.126856186741364,8.502,7.6136363634999995,6.885,3.25,3.5,3.0,,,,5.606666667,10.0,,,PEDE2024,11.0,Fase 2 (5° e 6° ano),7.402491667,2012-12-18 00:00:00,6.645260606100001,Aluno-606,Cursando,8.125,0.0,,Fase 2 (5° e 6° ano)
RA-594,2M,2M,,,10.0,Masculino,2022,Escola Pública,7.392173272727273,6.918,5.75,6.26,7.0,6.5,7.5,,,,6.053333333,10.0,,,PEDE2024,12.0,Fase 2 (5° e 6° ano),6.702033333,2012-08-28 00:00:00,6.890966666600001,Aluno-594,Cursando,8.125,0.0,,Fase 2 (5° e 6° ano)
RA-1496,2M,2M,,,10.0,Feminino,2024,Escola Pública,,9.002,5.714285714500001,7.51,4.25,2.5,6.0,,,,6.773333333,10.0,,,PEDE2024,12.0,Fase 2 (5° e 6° ano),,2012-09-21 00:00:00,6.7799738095,Aluno-1496,Cursando,7.8125,0.0,,Fase 2 (5° e 6° ano)
RA-1497,2M,2M,,,10.0,Feminino,2024,Escola Pública,,0.0,5.0227272725,7.51,2.0,4.0,0.0,,,,6.996666667,10.0,,,PEDE2024,12.0,Fase 2 (5° e 6° ano),,2012-05-18 00:00:00,5.2423787879,Aluno-1497,Cursando,6.875,0.0,,Fase 2 (5° e 6° ano)
RA-1498,2M,2M,,,11.0,Feminino,2024,Escola Pública,,8.502,7.840909091,7.51,7.0,5.0,9.0,,,,6.33,5.0,,,PEDE2024,13.0,Fase 3 (7° e 8° ano),,2011-08-15 00:00:00,7.147881818200001,Aluno-1498,Cursando,8.125,-1.0,,Fase 3 (7° e 8° ano)
RA-1499,2N,2N,,,10.0,Feminino,2024,Escola Pública,,8.418,9.25,6.885,6.5,6.0,7.0,,,,7.11,10.0,,,PEDE2024,12.0,Fase 2 (5° e 6° ano),,2012-11-03 00:00:00,7.914800000000001,Aluno-1499,Cursando,8.125,0.0,,Fase 2 (5° e 6° ano)
RA-788,2N,2N,,,8.0,Masculino,2021,Escola Privada,8.264312621417798,8.418,9.519450801,6.26,5.75,4.0,7.5,,,,7.783333333,10.0,,,PEDE2024,10.0,Fase 2 (5° e 6° ano),7.806091667,2014-03-11 00:00:00,7.9221068268,Aluno-788,Cursando,8.4375,0.0,,Fase 2 (5° e 6° ano)
RA-1500,2N,2N,,,9.0,Masculino,2024,Escola Pública,,9.502,8.3333333335,6.885,3.5,2.0,5.0,,,,7.556666667,10.0,,,PEDE2024,11.0,Fase 2 (5° e 6° ano),,2013-04-22 00:00:00,7.360450000100002,Aluno-1500,Cursando,8.4375,0.0,,Fase 2 (5° e 6° ano)
RA-777,2N,2N,,,8.0,Feminino,2022,Escola Pública,7.096346507013722,8.002,8.7757437075,7.51,4.5,3.5,5.5,,,,7.723333333,10.0,,,PEDE2024,10.0,Fase 2 (5° e 6° ano),7.468125,2014-05-07 00:00:00,7.563515408100001,Aluno-777,Cursando,8.125,0.0,,Fase 2 (5° e 6° ano)
RA-1063,2N,2N,,,10.0,Masculino,2023,Escola Pública,,5.25,9.75,7.51,7.75,9.0,6.5,,,,6.11,5.0,,,PEDE2024,12.0,Fase 3 (7° e 8° ano),7.490825,2012-02-04 00:00:00,7.279250000000001,Aluno-1063,Cursando,7.8125,-1.0,,Fase 3 (7° e 8° ano)
RA-664,2N,2N,,,10.0,Feminino,2022,Escola Pública,7.276853518518519,9.002,6.7734553775,7.51,5.75,3.0,8.5,,,,7.666666667,10.0,,,PEDE2024,12.0,Fase 2 (5° e 6° ano),8.0872,2012-08-29 00:00:00,7.5017244089,Aluno-664,Cursando,8.125,0.0,,Fase 2 (5° e 6° ano)
RA-1501,2N,2N,,,9.0,Feminino,2024,Escola Pública,,9.502,10.0,7.51,5.0,4.5,5.5,,,,7.5,10.0,,,PEDE2024,11.0,Fase 2 (5° e 6° ano),,2013-05-04 00:00:00,8.04495,Aluno-1501,Cursando,8.4375,0.0,,Fase 2 (5° e 6° ano)
RA-764,2N,2N,,,8.0,Masculino,2022,Escola Privada,8.004340111446288,8.002,7.8804347825,7.51,6.0,3.0,9.0,,,,8.336666667,10.0,,,PEDE2024,10.0,Fase 2 (5° e 6° ano),7.682125,2014-01-04 00:00:00,7.838370289900001,Aluno-764,Cursando,8.4375,0.0,,Fase 2 (5° e 6° ano)
RA-1064,2N,2N,,,9.0,Masculino,2023,Escola Pública,,9.502,9.7368421055,7.51,8.5,8.0,9.0,,,,8.783333333,10.0,,,PEDE2024,11.0,Fase 2 (5° e 6° ano),8.4777,2013-08-31 00:00:00,8.9802350877,Aluno-1064,Cursando,8.75,0.0,,Fase 2 (5° e 6° ano)
RA-1065,2N,2N,,,9.0,Feminino,2023,Escola Pública,,9.502,8.8152173915,6.26,9.25,9.0,9.5,,,,8.84,10.0,,,PEDE2024,11.0,Fase 2 (5° e 6° ano),8.03395,2013-07-02 00:00:00,8.8634934783,Aluno-1065,Cursando,9.0625,0.0,,Fase 2 (5° e 6° ano)
RA-1502,2N,2N,,,10.0,Feminino,2024,Escola Pública,,8.002,7.628205128,7.51,5.25,3.5,7.0,,,,7.39,5.0,,,PEDE2024,12.0,Fase 3 (7° e 8° ano),,2012-06-23 00:00:00,6.886091025600001,Aluno-1502,Cursando,7.8125,-1.0,,Fase 3 (7° e 8° ano)
RA-781,2N,2N,,,9.0,Feminino,2021,Escola Pública,7.785693147804151,8.002,9.75,7.51,7.25,5.0,9.5,,,,8.506666667,10.0,,,PEDE2024,11.0,Fase 2 (5° e 6° ano),8.209283333,2013-09-19 00:00:00,8.496283333400001,Aluno-781,Cursando,8.4375,0.0,,Fase 2 (5° e 6° ano)
RA-608,2N,2N,,,9.0,Masculino,2022,Escola Pública,7.216203925925925,9.002,3.054347826,6.885,4.25,5.0,3.5,,,,5.053333333,10.0,,,PEDE2024,11.0,Fase 2 (5° e 6° ano),7.401741667,2012-12-20 00:00:00,5.778986231800001,Aluno-608,Cursando,7.1875,0.0,,Fase 2 (5° e 6° ano)
RA-796,2P,2P,,,10.0,Feminino,2022,Escola Pública,7.232068817813765,8.502,8.2212885155,7.51,5.25,3.0,7.5,,,,7.326666667,5.0,,,PEDE2024,12.0,Fase 3 (7° e 8° ano),7.462866667,2012-06-25 00:00:00,7.052457703200001,Aluno-796,Cursando,7.916666667,-1.0,,Fase 3 (7° e 8° ano)
RA-797,2P,2P,,,10.0,Masculino,2021,Escola Pública,7.216575886639676,9.168,4.840909091,7.51,7.25,8.0,6.5,,,,6.723333333,5.0,,,PEDE2024,12.0,Fase 3 (7° e 8° ano),7.373033333,2012-01-24 00:00:00,6.597315151500001,Aluno-797,Cursando,6.666666667,-1.0,,Fase 3 (7° e 8° ano)
RA-636,2P,2P,,,10.0,Masculino,2022,Escola Pública,7.189287269841271,8.002,4.9043062200000005,7.51,5.25,4.0,6.5,,,,5.553333333,10.0,,,PEDE2024,12.0,Fase 2 (5° e 6° ano),6.836666667,2012-09-28 00:00:00,6.3802279106,Aluno-636,Cursando,6.875,0.0,,Fase 2 (5° e 6° ano)
RA-1140,2P,2P,,,10.0,Feminino,2023,Escola Pública,,6.834,6.112440191499999,7.51,7.0,4.5,9.5,,,,7.39,10.0,,,PEDE2024,12.0,Fase 2 (5° e 6° ano),7.703533333,2012-08-28 00:00:00,7.3473880383,Aluno-1140,Cursando,8.125,0.0,,Fase 2 (5° e 6° ano)
RA-1503,2P,2P,,,11.0,Feminino,2024,Escola Pública,,7.502,10.0,7.51,2.75,3.0,2.5,,,,7.723333333,5.0,,,PEDE2024,13.0,Fase 3 (7° e 8° ano),,2011-05-25 00:00:00,6.991699999900001,Aluno-1503,Cursando,8.958333333,-1.0,,Fase 3 (7° e 8° ano)
RA-814,2P,2P,,,9.0,Masculino,2022,Escola Pública,7.592405198653199,7.418,9.090909091,7.51,7.5,8.0,7.0,,,,7.053333333,10.0,,,PEDE2024,11.0,Fase 2 (5° e 6° ano),8.367866667,2013-05-29 00:00:00,7.971648484800001,Aluno-814,Cursando,7.5,0.0,,Fase 2 (5° e 6° ano)
RA-637,2P,2P,,,10.0,Feminino,2021,Escola Pública,7.0386924761904766,7.502,6.2272727275,7.51,7.75,6.5,9.0,,,,7.776666667,10.0,,,PEDE2024,12.0,Fase 2 (5° e 6° ano),8.109533333,2012-09-22 00:00:00,7.6853212122,Aluno-637,Cursando,8.333333333,0.0,,Fase 2 (5° e 6° ano)
RA-652,2P,2P,,,9.0,Feminino,2022,Escola Pública,8.150927925925927,8.002,6.931818182000001,7.51,5.5,4.5,6.5,,,,7.663333333,10.0,,,PEDE2024,11.0,Fase 2 (5° e 6° ano),7.871033333,2013-06-02 00:00:00,7.361896969700001,Aluno-652,Cursando,7.916666667,0.0,,Fase 2 (5° e 6° ano)
RA-816,2P,2P,,,9.0,Feminino,2022,Escola Privada,8.512849483130905,7.002,9.7727272725,7.51,9.25,8.5,10.0,,,,8.786666667,10.0,,,PEDE2024,11.0,Fase 2 (5° e 6° ano),8.5572,2013-05-04 00:00:00,8.929745454599999,Aluno-816,Cursando,9.166666667,0.0,,Fase 2 (5° e 6° ano)
RA-1504,2P,2P,,,10.0,Feminino,2024,Escola Pública,,7.5,4.6136363634999995,5.63,6.75,5.0,8.5,,,,6.94,5.0,,,PEDE2024,12.0,Fase 3 (7° e 8° ano),,2012-06-26 00:00:00,6.057060605999999,Aluno-1504,Cursando,5.833333333,-1.0,,Fase 3 (7° e 8° ano)
RA-638,2P,2P,,,9.0,Feminino,2021,Escola Pública,7.058532857142858,8.502,5.7272727275,7.51,5.0,4.0,6.0,,,,5.936666667,10.0,,,PEDE2024,11.0,Fase 2 (5° e 6° ano),7.754866667,2013-01-05 00:00:00,6.7464878789,Aluno-638,Cursando,8.125,0.0,,Fase 2 (5° e 6° ano)
RA-1505,2P,2P,,,11.0,Masculino,2024,Escola Pública,,9.502,7.5252525255,7.51,3.75,3.0,4.5,,,,6.943333333,5.0,,,PEDE2024,13.0,Fase 3 (7° e 8° ano),,2011-07-08 00:00:00,6.7199171717,Aluno-1505,Cursando,8.75,-1.0,,Fase 3 (7° e 8° ano)
RA-643,2P,2P,,,10.0,Masculino,2022,Escola Pública,6.763162264550265,9.002,6.8660287085,7.51,4.5,3.0,6.0,,,,5.826666667,5.0,,,PEDE2024,12.0,Fase 3 (7° e 8° ano),7.389033333,2012-04-04 00:00:00,6.402239075100001,Aluno-643,Cursando,8.125,-1.0,,Fase 3 (7° e 8° ano)
RA-645,2P,2P,,,10.0,Feminino,2022,Escola Pública,6.085650148148147,7.418,8.3863636365,7.51,5.25,3.0,7.5,,,,7.556666667,10.0,,,PEDE2024,12.0,Fase 2 (5° e 6° ano),7.613033333,2012-10-25 00:00:00,7.502239394,Aluno-645,Cursando,7.708333333,0.0,,Fase 2 (5° e 6° ano)
RA-1068,2R,2R,,,9.0,Masculino,2023,Escola Pública,,9.502,9.068181818,7.51,9.5,9.0,10.0,,,,8.73,10.0,,,PEDE2024,11.0,Fase 2 (5° e 6° ano),8.472533333,2013-01-03 00:00:00,9.0150030303,Aluno-1068,Cursando,8.541666667,0.0,,Fase 2 (5° e 6° ano)
RA-798,2R,2R,,,10.0,Masculino,2022,Escola Pública,7.0492678609986505,6.834,3.5064935065,7.51,4.75,4.0,5.5,,,,2.943333333,5.0,,,PEDE2024,12.0,Fase 3 (7° e 8° ano),7.018033333,2012-01-03 00:00:00,4.6743653679,Aluno-798,Cursando,5.0,-1.0,,Fase 3 (7° e 8° ano)
RA-799,2R,2R,,,9.0,Feminino,2022,Escola Pública,7.676131896086369,7.918,9.090909091,7.51,5.25,5.0,5.5,,,,7.5,10.0,,,PEDE2024,11.0,Fase 2 (5° e 6° ano),8.061533333,2012-12-06 00:00:00,7.702648484900001,Aluno-799,Cursando,7.916666667,0.0,,Fase 2 (5° e 6° ano)
RA-1506,2R,2R,,,9.0,Feminino,2024,Escola Pública,,8.002,8.3874458875,7.51,3.5,0.0,7.0,,,,7.886666667,10.0,,,PEDE2024,11.0,Fase 2 (5° e 6° ano),,2013-08-01 00:00:00,7.151855844200001,Aluno-1506,Cursando,6.458333333,0.0,,Fase 2 (5° e 6° ano)
RA-802,2R,2R,,,9.0,Masculino,2021,Escola Pública,7.830788433198381,7.502,7.012987013,7.51,8.75,9.0,8.5,,,,6.723333333,10.0,,,PEDE2024,11.0,Fase 2 (5° e 6° ano),8.126866667,2013-03-20 00:00:00,7.8317974024999994,Aluno-802,Cursando,8.333333333,0.0,,Fase 2 (5° e 6° ano)
RA-1507,2R,2R,,,10.0,Masculino,2024,Escola Pública,,6.918,4.448051948,7.51,5.0,5.0,5.0,,,,3.776666667,5.0,,,PEDE2024,12.0,Fase 3 (7° e 8° ano),,2012-04-11 00:00:00,5.046077056300001,Aluno-1507,Cursando,4.583333333,-1.0,,Fase 3 (7° e 8° ano)
RA-1071,2R,2R,,,10.0,Masculino,2023,Escola Pública,,8.002,4.188311688500001,7.51,4.5,4.0,5.0,,,,2.996666667,5.0,,,PEDE2024,12.0,Fase 3 (7° e 8° ano),6.414033333,2012-04-25 00:00:00,4.8048623378,Aluno-1071,Cursando,4.166666667,-1.0,,Fase 3 (7° e 8° ano)
RA-1508,2R,2R,,,8.0,Feminino,2024,Escola Pública,,7.502,7.2294372295,7.51,9.25,10.0,8.5,,,,8.166666667,10.0,,,PEDE2024,10.0,Fase 2 (5° e 6° ano),,2013-12-17 00:00:00,8.1804207793,Aluno-1508,Cursando,7.5,0.0,,Fase 2 (5° e 6° ano)
RA-1509,2R,2R,,,9.0,Masculino,2024,Escola Pública,,8.502,6.5151515155,7.51,7.5,7.0,8.0,,,,7.446666667,10.0,,,PEDE2024,11.0,Fase 2 (5° e 6° ano),,2013-05-26 00:00:00,7.560230303200001,Aluno-1509,Cursando,6.666666667,0.0,,Fase 2 (5° e 6° ano)
RA-1510,2R,2R,,,9.0,Feminino,2024,Escola Pública,,10.002,9.7727272725,7.51,10.0,10.0,10.0,,,,9.003333333,10.0,,,PEDE2024,11.0,Fase 2 (5° e 6° ano),,2013-02-10 00:00:00,9.464745454400001,Aluno-1510,Cursando,9.583333333,0.0,,Fase 2 (5° e 6° ano)
RA-785,2U,2U,,,9.0,Feminino,2022,Escola Pública,7.6422905052790355,9.502,10.0,7.51,9.0,8.0,10.0,,,,8.893333333,10.0,,,PEDE2024,11.0,Fase 2 (5° e 6° ano),8.137866667,2013-07-19 00:00:00,9.1548666666,Aluno-785,Cursando,8.75,0.0,,Fase 2 (5° e 6° ano)
RA-1511,2U,2U,,,9.0,Feminino,2024,Escola Pública,,10.002,9.3271221535,7.51,8.75,8.0,9.5,,,,8.556666667,10.0,,,PEDE2024,11.0,Fase 2 (5° e 6° ano),,2013-10-03 00:00:00,8.9217077641,Aluno-1511,Cursando,8.4375,0.0,,Fase 2 (5° e 6° ano)
RA-752,2U,2U,,,10.0,Feminino,2022,Escola Pública,8.196890131054133,9.502,7.525879916999999,7.51,5.75,7.0,4.5,,,,5.613333333,5.0,,,PEDE2024,12.0,Fase 3 (7° e 8° ano),8.073825,2011-11-28 00:00:00,6.57279265,Aluno-752,Cursando,5.9375,-1.0,,Fase 3 (7° e 8° ano)
RA-790,2U,2U,,,11.0,Masculino,2022,Escola Pública,7.50432758974359,7.502,6.811594203,7.51,6.75,4.0,9.5,,,,6.883333333,5.0,,,PEDE2024,13.0,Fase 3 (7° e 8° ano),6.707666667,2011-10-08 00:00:00,6.8089355072,Aluno-790,Cursando,7.1875,-1.0,,Fase 3 (7° e 8° ano)
RA-590,2U,2U,,,10.0,Feminino,2021,Escola Privada,7.4346362807017545,8.002,8.457556936,6.26,4.0,8.0,0.0,,,,7.723333333,5.0,,,PEDE2024,12.0,Fase 3 (7° e 8° ano),7.647666667,2012-05-29 00:00:00,6.712378053800001,Aluno-590,Cursando,7.5,-1.0,,Fase 3 (7° e 8° ano)
RA-1512,2U,2U,,,8.0,Feminino,2024,Escola Pública,,9.502,10.0,7.51,5.5,7.0,4.0,,,,7.61,10.0,,,PEDE2024,10.0,Fase 2 (5° e 6° ano),,2014-06-09 00:00:00,8.10445,Aluno-1512,Cursando,7.8125,0.0,,Fase 2 (5° e 6° ano)
RA-472,2U,2U,,,12.0,Feminino,2022,Escola Pública,5.9300813955984975,7.502,7.48447205,7.51,6.25,4.0,8.5,,,,6.333333333,5.0,,,PEDE2024,14.0,Fase 3 (7° e 8° ano),6.6858,2010-09-08 00:00:00,6.6397610766,Aluno-472,Cursando,6.25,-1.0,,Fase 3 (7° e 8° ano)
RA-628,2U,2U,,,11.0,Masculino,2022,Escola Pública,7.576531180695848,9.002,10.0,7.51,9.0,8.0,10.0,,,,7.833333333,5.0,,,PEDE2024,13.0,Fase 3 (7° e 8° ano),8.370325,2011-10-22 00:00:00,8.2366166666,Aluno-628,Cursando,7.1875,-1.0,,Fase 3 (7° e 8° ano)
RA-1513,2U,2U,,,10.0,Feminino,2024,Escola Pública,,8.502,7.5252525255,7.51,3.75,4.0,3.5,,,,7.223333333,5.0,,,PEDE2024,12.0,Fase 3 (7° e 8° ano),,2012-06-13 00:00:00,6.5509171717,Aluno-1513,Cursando,7.5,-1.0,,Fase 3 (7° e 8° ano)
RA-1514,2U,2U,,,10.0,Feminino,2024,Escola Pública,,9.002,7.979797980000001,7.51,5.5,5.0,6.0,,,,7.273333333,10.0,,,PEDE2024,12.0,Fase 2 (5° e 6° ano),,2012-10-26 00:00:00,7.520576262600001,Aluno-1514,Cursando,7.1875,0.0,,Fase 2 (5° e 6° ano)
RA-629,2U,2U,,,9.0,Feminino,2022,Escola Pública,8.109723333333333,10.002,9.523809524,7.51,6.0,6.0,6.0,,,,7.276666667,10.0,,,PEDE2024,11.0,Fase 2 (5° e 6° ano),8.013866667,2013-03-21 00:00:00,8.061295238200001,Aluno-629,Cursando,7.5,0.0,,Fase 2 (5° e 6° ano)
RA-832,2U,2U,,,9.0,Masculino,2022,Escola Pública,8.178844113710202,9.002,8.695652174,7.51,8.0,7.0,9.0,,,,7.5,10.0,,,PEDE2024,11.0,Fase 2 (5° e 6° ano),8.2697,2013-07-21 00:00:00,8.2403304348,Aluno-832,Cursando,7.5,0.0,,Fase 2 (5° e 6° ano)
RA-1515,2U,2U,,,10.0,Feminino,2024,Escola Pública,,6.418,6.6666666665,6.255,3.5,6.0,1.0,,,,6.72,5.0,,,PEDE2024,12.0,Fase 3 (7° e 8° ano),,2012-04-20 00:00:00,5.832133333300001,Aluno-1515,Cursando,6.875,-1.0,,Fase 3 (7° e 8° ano)
RA-833,2U,2U,,,9.0,Masculino,2022,Escola Pública,7.790571508771929,9.002,9.3271221535,7.51,8.0,9.0,7.0,,,,7.946666667,10.0,,,PEDE2024,11.0,Fase 2 (5° e 6° ano),7.81295,2013-10-01 00:00:00,8.5184577641,Aluno-833,Cursando,8.125,0.0,,Fase 2 (5° e 6° ano)
RA-819,2U,2U,,,8.0,Masculino,2022,Escola Pública,7.740741074074075,10.002,7.784679089,7.51,9.0,8.0,10.0,,,,8.503333333,10.0,,,PEDE2024,10.0,Fase 1 (3° e 4° ano),7.944833333,2014-05-24 00:00:00,8.652552484400001,Aluno-819,Cursando,8.4375,1.0,,Fase 1 (3° e 4° ano)
RA-1073,3A,3A,,,11.0,Feminino,2022,Escola Pública,,9.168,6.370972886666667,7.5,6.5,6.5,5.0,8.0,,,5.7875,10.0,,,PEDE2024,13.0,Fase 3 (7° e 8° ano),6.384333333,2011-06-02 00:00:00,7.0859945773333335,Aluno-1073,Cursando,6.875,0.0,,Fase 3 (7° e 8° ano)
RA-494,3A,3A,,,11.0,Feminino,2022,Escola Privada,6.407077164021164,7.5,7.329323308333333,8.755,6.333333333333333,6.0,5.5,7.5,,,8.915,10.0,,,PEDE2024,13.0,Fase 3 (7° e 8° ano),7.116633333,2011-04-20 00:00:00,7.922281328333334,Aluno-494,Cursando,7.8125,0.0,,Fase 3 (7° e 8° ano)
RA-484,3A,3A,,,11.0,Masculino,2022,Escola Pública,6.709725111111111,8.334,3.9141382866666667,2.51,0.0,0.0,0.0,0.0,,,3.1225,10.0,,,PEDE2024,13.0,Fase 3 (7° e 8° ano),5.515466667,2011-07-13 00:00:00,3.8354776573333336,Aluno-484,Cursando,3.4375,0.0,,Fase 3 (7° e 8° ano)
RA-496,3A,3A,,,11.0,Masculino,2021,Escola Privada,6.683335555555555,10.002,5.315995871999999,6.255,5.666666666666667,5.0,4.5,7.5,,,6.1625,10.0,,,PEDE2024,13.0,Fase 3 (7° e 8° ano),6.603666667,2011-04-02 00:00:00,6.726607507733334,Aluno-496,Cursando,6.71875,0.0,,Fase 3 (7° e 8° ano)
RA-1516,3A,3A,,,11.0,Feminino,2024,Escola Privada,,9.585,5.404288499000001,9.38,4.666666666666667,0.0,5.0,9.0,,,7.5475,10.0,,,PEDE2024,13.0,Fase 3 (7° e 8° ano),,2011-04-01 00:00:00,7.217066033133334,Aluno-1516,Cursando,7.96875,3.0,,Fase 3 (7° e 8° ano)
RA-1143,3A,3A,,,14.0,Feminino,2021,Escola Pública,,9.585,5.201336675,9.38,3.1666666666666665,3.0,6.5,0.0,,,6.79,2.5,,,PEDE2024,16.0,Fase 6 (2° EM),6.445933333,2008-04-30 00:00:00,5.881225668333334,Aluno-1143,Cursando,7.03125,-3.0,,Fase 6 (2° EM)
RA-1517,3A,3A,,,13.0,Masculino,2024,Escola Pública,,9.168,4.305555555666667,9.38,4.666666666666667,5.0,4.5,4.5,,,6.7075,5.0,,,PEDE2024,15.0,Fase 4 (9° ano),,2009-07-31 00:00:00,6.240744444466667,Aluno-1517,Cursando,7.5,-1.0,,Fase 4 (9° ano)
RA-1518,3A,3A,,,13.0,Feminino,2022,Escola Pública,,7.084,5.714285714333333,9.38,1.75,0.0,3.5,,,,6.5825,5.0,,,PEDE2024,15.0,Fase 4 (9° ano),,2009-06-20 00:00:00,5.721382142866666,Aluno-1518,Cursando,7.65625,-1.0,,Fase 4 (9° ano)
RA-227,3A,3A,,,11.0,Masculino,2022,Escola Pública,6.470788936720144,9.585,8.097577276666668,9.38,6.5,4.0,6.0,9.5,,,7.54,10.0,,,PEDE2024,13.0,Fase 3 (7° e 8° ano),7.722125,2010-12-10 00:00:00,8.074015455333335,Aluno-227,Cursando,7.5,0.0,,Fase 3 (7° e 8° ano)
RA-487,3A,3A,,,10.0,Feminino,2021,Escola Privada,8.416724112554114,9.168,9.441269841333334,9.38,9.666666666666666,10.0,9.0,10.0,,,9.1725,10.0,,,PEDE2024,12.0,Fase 3 (7° e 8° ano),8.988866667,2012-01-13 00:00:00,9.4171373016,Aluno-487,Cursando,9.0625,0.0,,Fase 3 (7° e 8° ano)
RA-1076,3A,3A,,,11.0,Feminino,2021,Escola Pública,,8.334,7.777033492666668,8.125,6.333333333333333,5.5,6.5,7.0,,,6.5425,10.0,,,PEDE2024,13.0,Fase 3 (7° e 8° ano),7.901033333,2011-08-11 00:00:00,7.479598365200001,Aluno-1076,Cursando,7.03125,0.0,,Fase 3 (7° e 8° ano)
RA-1084,3A,3A,,,10.0,Feminino,2023,Escola Pública,,8.751,7.705263158,5.63,3.6666666666666665,1.0,6.0,4.0,,,7.4575,10.0,,,PEDE2024,12.0,Fase 3 (7° e 8° ano),7.9948,2012-06-13 00:00:00,6.9071109649333335,Aluno-1084,Cursando,7.03125,0.0,,Fase 3 (7° e 8° ano)
RA-1519,3A,3A,,,13.0,Masculino,2024,Outros,,9.585,5.560902255666666,8.755,4.833333333333333,0.0,6.5,8.0,,,7.5025,10.0,,,PEDE2024,15.0,Fase 3 (7° e 8° ano),,2009-09-09 00:00:00,7.210222117800001,Aluno-1519,Cursando,7.96875,3.0,,Fase 3 (7° e 8° ano)
RA-490,3A,3A,,,10.0,Feminino,2022,Escola Privada,7.5764812987012995,9.168,5.5110047846666665,8.755,6.166666666666667,5.5,6.0,7.0,,,7.295,10.0,,,PEDE2024,12.0,Fase 2 (5° e 6° ano),7.429466667,2012-04-08 00:00:00,7.368084290266667,Aluno-490,Cursando,7.8125,1.0,,Fase 2 (5° e 6° ano)
RA-346,3A,3A,,,10.0,Masculino,2022,Escola Pública,8.143057777777779,10.002,9.149206349333333,2.51,6.166666666666667,6.0,4.5,8.0,,,8.2525,10.0,,,PEDE2024,12.0,Fase 3 (7° e 8° ano),7.305541667,2012-03-12 00:00:00,7.761749603200001,Aluno-346,Cursando,7.96875,0.0,,Fase 3 (7° e 8° ano)
RA-546,3B,3B,,,11.0,Feminino,2021,Escola Pública,6.770192769423559,5.832,3.7838383836666662,8.135,4.666666666666667,0.0,4.0,10.0,,,5.5,10.0,,,PEDE2024,13.0,Fase 3 (7° e 8° ano),6.031666667,2011-06-04 00:00:00,5.702426010066667,Aluno-546,Cursando,5.15625,0.0,,Fase 3 (7° e 8° ano)
RA-1087,3B,3B,,,11.0,Feminino,2023,Escola Pública,,7.917,8.393265993333333,8.755,2.6666666666666665,2.0,5.0,1.0,,,6.58,10.0,,,PEDE2024,13.0,Fase 3 (7° e 8° ano),7.2067,2011-03-15 00:00:00,6.913936532,Aluno-1087,Cursando,7.1875,0.0,,Fase 3 (7° e 8° ano)
RA-493,3B,3B,,,9.0,Feminino,2021,Escola Pública,8.306175283950617,10.002,8.933333333333334,10.0,3.1666666666666665,3.0,4.0,2.5,,,6.705,10.0,,,PEDE2024,11.0,Fase 2 (5° e 6° ano),7.934366667,2013-04-19 00:00:00,7.4643250000000005,Aluno-493,Cursando,7.03125,1.0,,Fase 2 (5° e 6° ano)
RA-1520,3B,3B,,,12.0,Feminino,2024,Escola Pública,,8.334,9.060606060666666,8.75,3.75,4.0,3.5,,,,7.3325,5.0,,,PEDE2024,14.0,Fase 4 (9° ano),,2010-06-23 00:00:00,7.0026462121333335,Aluno-1520,Cursando,7.65625,-1.0,,Fase 4 (9° ano)
RA-1072,3B,3B,,,10.0,Masculino,2023,Escola Pública,,8.751,5.627886710333333,8.755,8.166666666666666,8.0,7.0,9.5,,,7.545,10.0,,,PEDE2024,12.0,Fase 3 (7° e 8° ano),8.0152,2011-12-28 00:00:00,7.8153856754,Aluno-1072,Cursando,7.96875,0.0,,Fase 3 (7° e 8° ano)
RA-1521,3B,3B,,,12.0,Feminino,2024,Escola Pública,,7.5,6.157902555,2.51,3.1666666666666665,2.0,5.5,2.0,,,5.4525,5.0,,,PEDE2024,14.0,Fase 4 (9° ano),,2010-01-24 00:00:00,5.065788844333333,Aluno-1521,Cursando,6.09375,-1.0,,Fase 4 (9° ano)
RA-536,3B,3B,,,9.0,Feminino,2021,Escola Pública,7.105690655172413,8.334,9.109090909,8.135,5.5,6.5,4.5,5.5,,,7.415,10.0,,,PEDE2024,11.0,Fase 2 (5° e 6° ano),7.759533333,2012-11-27 00:00:00,7.7704681818,Aluno-536,Cursando,7.1875,1.0,,Fase 2 (5° e 6° ano)
RA-1079,3B,3B,,,11.0,Masculino,2023,Escola Pública,,7.5,4.516498316333333,2.51,6.333333333333333,5.0,7.5,6.5,,,4.1625,10.0,,,PEDE2024,13.0,Fase 3 (7° e 8° ano),6.916533333,2010-12-02 00:00:00,5.4253413299333335,Aluno-1079,Cursando,4.21875,0.0,,Fase 3 (7° e 8° ano)
RA-331,3B,3B,,,12.0,Feminino,2021,Escola Pública,6.636118019594441,8.751,7.735353535333334,8.755,3.5,4.0,3.5,3.0,,,5.62,5.0,,,PEDE2024,14.0,Fase 4 (9° ano),7.039791667,2010-04-22 00:00:00,6.231045707066668,Aluno-331,Cursando,6.09375,-1.0,,Fase 4 (9° ano)
RA-1522,3B,3B,,,11.0,Masculino,2024,Escola Pública,,8.751,10.0,9.38,7.0,10.0,4.0,,,,7.1275,10.0,,,PEDE2024,13.0,Fase 3 (7° e 8° ano),,2011-01-19 00:00:00,8.3261,Aluno-1522,Cursando,6.875,0.0,,Fase 3 (7° e 8° ano)
RA-1096,3B,3B,,,9.0,Feminino,2023,Escola Pública,,9.168,9.866666666666667,8.755,8.5,8.5,7.0,10.0,,,9.09,10.0,,,PEDE2024,11.0,Fase 2 (5° e 6° ano),8.615533333,2012-12-05 00:00:00,9.189883333333334,Aluno-1096,Cursando,9.0625,1.0,,Fase 2 (5° e 6° ano)
RA-513,3B,3B,,,9.0,Masculino,2021,Escola Privada,8.228772285714285,10.002,8.831746031666666,8.135,7.666666666666667,9.0,5.5,8.5,,,8.545,10.0,,,PEDE2024,11.0,Fase 2 (5° e 6° ano),8.297866667,2013-01-17 00:00:00,8.728632539666668,Aluno-513,Cursando,9.0625,1.0,,Fase 2 (5° e 6° ano)
RA-531,3B,3B,,,10.0,Masculino,2022,Escola Pública,8.057199636363638,9.168,9.803921568666667,4.38,6.666666666666667,6.5,4.5,9.0,,,7.335,10.0,,,PEDE2024,12.0,Fase 3 (7° e 8° ano),8.3252,2012-06-19 00:00:00,7.9127926470666665,Aluno-531,Cursando,7.96875,0.0,,Fase 3 (7° e 8° ano)
RA-1523,3B,3B,,,9.0,Masculino,2024,Escola Pública,,6.666,9.283272283333334,8.755,8.166666666666666,8.0,6.5,10.0,,,8.755,10.0,,,PEDE2024,11.0,Fase 2 (5° e 6° ano),,2012-12-04 00:00:00,8.67371279,Aluno-1523,Cursando,8.90625,1.0,,Fase 2 (5° e 6° ano)
RA-1524,3B,3B,,,12.0,Feminino,2024,Escola Pública,,7.917,2.777777777666667,7.51,4.0,4.0,,,,,6.9175,5.0,,,PEDE2024,14.0,Fase 4 (9° ano),,2010-03-13 00:00:00,5.5473805555333335,Aluno-1524,Cursando,7.65625,-1.0,,Fase 4 (9° ano)
RA-1147,3B,3B,,,13.0,Feminino,2023,Escola Pública,,8.751,6.125925926,8.755,3.1666666666666665,2.0,5.0,2.5,,,5.495,5.0,,,PEDE2024,15.0,Fase 4 (9° ano),7.072983333,2009-07-04 00:00:00,5.833118518533334,Aluno-1147,Cursando,6.25,-1.0,,Fase 4 (9° ano)
RA-479,3C,3C,,,10.0,Masculino,2021,Escola Privada,8.464686539682539,9.168,9.866666666666667,2.51,9.666666666666666,10.0,9.0,10.0,,,9.45,10.0,,,PEDE2024,12.0,Fase 2 (5° e 6° ano),8.988866667,2012-08-10 00:00:00,8.901966666666668,Aluno-479,Cursando,9.375,1.0,,Fase 2 (5° e 6° ano)
RA-517,3C,3C,,,12.0,Feminino,2021,Escola Pública,7.604387307346327,7.5,5.266499582333334,2.51,5.0,4.5,4.0,6.5,,,6.11,10.0,,,PEDE2024,14.0,Fase 3 (7° e 8° ano),6.3104,2010-07-25 00:00:00,5.880466583166668,Aluno-517,Cursando,6.041666667,0.0,,Fase 3 (7° e 8° ano)
RA-325,3C,3C,,,10.0,Masculino,2022,Escola Pública,7.619194363636365,9.168,9.866666666666667,7.51,7.0,7.0,5.5,8.5,,,7.553333333,10.0,,,PEDE2024,12.0,Fase 3 (7° e 8° ano),6.243,2012-02-20 00:00:00,8.385133333233336,Aluno-325,Cursando,8.333333333,0.0,,Fase 3 (7° e 8° ano)
RA-1525,3C,3C,,,11.0,Masculino,2024,Escola Pública,,7.917,8.293650793666666,5.63,7.0,6.5,5.5,9.0,,,7.553333333,10.0,,,PEDE2024,13.0,Fase 3 (7° e 8° ano),,2011-01-18 00:00:00,7.778263492033334,Aluno-1525,Cursando,8.541666667,0.0,,Fase 3 (7° e 8° ano)
RA-518,3C,3C,,,10.0,Masculino,2022,Escola Pública,7.660716285714286,8.334,6.8300751879999995,2.51,4.0,7.5,3.5,1.0,,,6.94,10.0,,,PEDE2024,12.0,Fase 3 (7° e 8° ano),7.5762,2012-03-19 00:00:00,6.3467483709,Aluno-518,Cursando,7.083333333,0.0,,Fase 3 (7° e 8° ano)
RA-1146,3C,3C,,,13.0,Feminino,2023,Escola Pública,,10.002,5.017209691,6.88,2.0,2.0,0.0,4.0,,,5.883333333,5.0,,,PEDE2024,15.0,Fase 5 (1° EM),6.689583333,2008-11-20 00:00:00,5.3933086048000005,Aluno-1146,Cursando,6.25,-2.0,,Fase 5 (1° EM)
RA-530,3C,3C,,,10.0,Masculino,2021,Escola Pública,8.33840773949389,8.751,6.468838763666667,9.38,4.5,4.0,6.0,3.5,,,7.496666667,10.0,,,PEDE2024,12.0,Fase 3 (7° e 8° ano),7.653033333,2012-02-25 00:00:00,7.214534419433333,Aluno-530,Cursando,7.083333333,0.0,,Fase 3 (7° e 8° ano)
RA-524,3C,3C,,,11.0,Masculino,2021,Escola Pública,6.946674134932534,7.083,5.111779448666667,2.51,8.666666666666666,8.5,7.5,10.0,,,7.39,10.0,,,PEDE2024,13.0,Fase 3 (7° e 8° ano),7.331133333,2011-09-05 00:00:00,7.026322556366667,Aluno-524,Cursando,8.333333333,0.0,,Fase 3 (7° e 8° ano)
RA-578,3C,3C,,,10.0,Masculino,2021,Escola Privada,8.813892666666668,10.002,10.0,2.51,9.833333333333334,10.0,9.5,10.0,,,9.45,10.0,,,PEDE2024,12.0,Fase 2 (5° e 6° ano),9.013866667,2012-08-13 00:00:00,9.066199999966669,Aluno-578,Cursando,9.583333333,1.0,,Fase 2 (5° e 6° ano)
RA-526,3C,3C,,,12.0,Masculino,2022,Escola Pública,8.079349826086958,9.585,9.382456140333334,8.13,7.333333333333333,8.5,3.5,10.0,,,7.496666667,5.0,,,PEDE2024,14.0,Fase 4 (9° ano),8.0957,2010-03-05 00:00:00,7.843157894833334,Aluno-526,Cursando,7.291666667,-1.0,,Fase 4 (9° ano)
RA-528,3C,3C,,,11.0,Masculino,2021,Escola Pública,5.334539516483517,9.168,5.793483709333334,7.51,6.666666666666667,8.5,4.5,7.0,,,6.936666667,10.0,,,PEDE2024,13.0,Fase 3 (7° e 8° ano),7.6892,2011-08-03 00:00:00,7.276330075300001,Aluno-528,Cursando,7.291666667,0.0,,Fase 3 (7° e 8° ano)
RA-516,3C,3C,,,9.0,Masculino,2021,Escola Privada,8.902781333333333,10.002,10.0,2.51,8.833333333333334,8.0,8.5,10.0,,,7.56,10.0,,,PEDE2024,11.0,Fase 2 (5° e 6° ano),8.6807,2013-06-27 00:00:00,8.384033333366668,Aluno-516,Cursando,8.541666667,1.0,,Fase 2 (5° e 6° ano)
RA-534,3C,3C,,,12.0,Masculino,2021,Escola Pública,7.131280678842398,9.585,6.043441938333333,7.51,5.0,4.0,4.0,7.0,,,7.103333333,10.0,,,PEDE2024,14.0,Fase 3 (7° e 8° ano),5.8385,2010-04-25 00:00:00,7.088855054266667,Aluno-534,Cursando,7.5,0.0,,Fase 3 (7° e 8° ano)
RA-1097,3C,3C,,,13.0,Masculino,2023,Escola Pública,,10.002,4.849791144666667,6.25,3.0,4.5,4.5,0.0,,,5.88,5.0,,,PEDE2024,15.0,Fase 4 (9° ano),6.9547,2009-07-06 00:00:00,5.475324895633334,Aluno-1097,Cursando,6.041666667,-1.0,,Fase 4 (9° ano)
RA-360,3C,3C,,,12.0,Feminino,2021,Escola Pública,7.075193052489235,8.334,5.618045113,5.0,5.833333333333333,4.0,6.0,7.5,,,6.993333333,5.0,,,PEDE2024,14.0,Fase 4 (9° ano),5.790875,2010-04-17 00:00:00,6.293175689166667,Aluno-360,Cursando,7.708333333,-1.0,,Fase 4 (9° ano)
RA-1526,3D,3D,,,11.0,Feminino,2024,Escola Pública,,9.168,10.0,8.75,3.75,2.0,5.5,,,,8.1275,10.0,,,PEDE2024,13.0,Fase 3 (7° e 8° ano),,2011-08-09 00:00:00,7.9798,Aluno-1526,Cursando,8.125,0.0,,Fase 3 (7° e 8° ano)
RA-1077,3D,3D,,,10.0,Masculino,2023,Escola Pública,,0.0,7.703703703666666,6.885,2.0,0.0,6.0,0.0,,,6.37,10.0,,,PEDE2024,12.0,Fase 3 (7° e 8° ano),7.2115,2012-04-03 00:00:00,5.543865740733334,Aluno-1077,Cursando,6.40625,0.0,,Fase 3 (7° e 8° ano)
RA-508,3D,3D,,,10.0,Masculino,2022,Escola Pública,6.575002222222222,7.083,5.567251461999999,7.51,4.666666666666667,0.0,7.0,7.0,,,7.5,10.0,,,PEDE2024,12.0,Fase 2 (5° e 6° ano),7.671633333,2012-10-27 00:00:00,6.771708625733333,Aluno-508,Cursando,7.65625,1.0,,Fase 2 (5° e 6° ano)
RA-363,3D,3D,,,12.0,Masculino,2022,Escola Privada,6.644446000000001,9.585,9.523809524,5.625,5.333333333333333,4.0,3.5,8.5,,,6.955,10.0,,,PEDE2024,14.0,Fase 3 (7° e 8° ano),6.680833333,2010-06-27 00:00:00,7.617803571466666,Aluno-363,Cursando,7.34375,0.0,,Fase 3 (7° e 8° ano)
RA-340,3D,3D,,,11.0,Masculino,2021,Escola Pública,7.720835333333334,7.917,6.585769980666666,7.51,5.166666666666667,6.0,7.0,2.5,,,5.83,10.0,,,PEDE2024,13.0,Fase 3 (7° e 8° ano),7.059666667,2011-02-12 00:00:00,6.715437329466668,Aluno-340,Cursando,6.5625,0.0,,Fase 3 (7° e 8° ano)
RA-1527,3D,3D,,,11.0,Masculino,2024,Escola Pública,,9.168,10.0,7.51,8.0,9.0,7.0,,,,7.835,10.0,,,PEDE2024,13.0,Fase 3 (7° e 8° ano),,2010-12-31 00:00:00,8.631675000000001,Aluno-1527,Cursando,7.96875,0.0,,Fase 3 (7° e 8° ano)
RA-509,3D,3D,,,11.0,Feminino,2021,Escola Pública,7.808336000000001,9.168,6.363636363666667,2.51,6.0,6.0,4.5,7.5,,,7.2475,10.0,,,PEDE2024,13.0,Fase 3 (7° e 8° ano),7.606033333,2010-11-28 00:00:00,6.918152272733334,Aluno-509,Cursando,8.28125,0.0,,Fase 3 (7° e 8° ano)
RA-500,3D,3D,,,10.0,Feminino,2021,Escola Privada,8.231946666666667,9.585,10.0,2.51,6.666666666666667,6.0,6.0,8.0,,,8.3775,10.0,,,PEDE2024,12.0,Fase 3 (7° e 8° ano),8.427533333,2012-06-29 00:00:00,8.077708333333334,Aluno-500,Cursando,8.59375,0.0,,Fase 3 (7° e 8° ano)
RA-1528,3D,3D,,,11.0,Masculino,2024,Escola Pública,,9.168,7.787878788,7.51,5.666666666666667,3.0,6.0,8.0,,,7.335,10.0,,,PEDE2024,13.0,Fase 3 (7° e 8° ano),,2011-01-20 00:00:00,7.622584090933335,Aluno-1528,Cursando,7.96875,0.0,,Fase 3 (7° e 8° ano)
RA-1089,3D,3D,,,10.0,Feminino,2023,Escola Pública,,9.168,7.039682539666667,8.13,6.833333333333333,6.0,6.0,8.5,,,6.995,10.0,,,PEDE2024,12.0,Fase 3 (7° e 8° ano),7.9947,2012-03-08 00:00:00,7.6221531746,Aluno-1089,Cursando,7.1875,0.0,,Fase 3 (7° e 8° ano)
RA-1090,3D,3D,,,12.0,Masculino,2023,Escola Pública,,9.585,7.621832358666666,7.51,6.333333333333333,3.5,7.5,8.0,,,7.4175,10.0,,,PEDE2024,14.0,Fase 3 (7° e 8° ano),7.844033333,2010-07-22 00:00:00,7.7652831384,Aluno-1090,Cursando,7.8125,0.0,,Fase 3 (7° e 8° ano)
RA-503,3D,3D,,,10.0,Masculino,2021,Escola Pública,7.950002,9.585,9.824561403666666,7.51,7.666666666666667,6.0,8.0,9.0,,,7.7925,10.0,,,PEDE2024,12.0,Fase 2 (5° e 6° ano),8.4682,2012-09-08 00:00:00,8.547495614066667,Aluno-503,Cursando,7.8125,1.0,,Fase 2 (5° e 6° ano)
RA-1093,3D,3D,,,10.0,Masculino,2023,Escola Pública,,7.5,7.722222222333333,8.13,8.666666666666666,8.5,8.0,9.5,,,8.8825,10.0,,,PEDE2024,12.0,Fase 3 (7° e 8° ano),8.197533333,2012-03-22 00:00:00,8.5079027778,Aluno-1093,Cursando,8.90625,0.0,,Fase 3 (7° e 8° ano)
RA-1094,3D,3D,,,10.0,Feminino,2023,Escola Pública,,9.168,9.523809523666666,2.51,7.333333333333333,6.0,7.5,8.5,,,8.1675,10.0,,,PEDE2024,12.0,Fase 3 (7° e 8° ano),8.1779,2011-12-25 00:00:00,8.0164785714,Aluno-1094,Cursando,8.4375,0.0,,Fase 3 (7° e 8° ano)
RA-1095,3D,3D,,,12.0,Masculino,2023,Escola Pública,,7.5,7.84502924,7.51,2.3333333333333335,3.0,2.0,2.0,,,5.125,10.0,,,PEDE2024,14.0,Fase 3 (7° e 8° ano),6.238,2010-07-11 00:00:00,6.108547514666667,Aluno-1095,Cursando,5.46875,0.0,,Fase 3 (7° e 8° ano)
RA-1098,3D,3D,,,12.0,Feminino,2023,Escola Pública,,8.751,5.822406257,7.51,3.5,1.0,3.5,6.0,,,6.7475,10.0,,,PEDE2024,14.0,Fase 3 (7° e 8° ano),7.2787,2010-10-22 00:00:00,6.5744562514,Aluno-1098,Cursando,7.34375,0.0,,Fase 3 (7° e 8° ano)
RA-1106,3F,3F,,,11.0,Masculino,2023,Escola Pública,,8.334,5.4312354313333335,7.51,0.0,0.0,0.0,0.0,,,7.5,10.0,,,PEDE2024,13.0,Fase 3 (7° e 8° ano),7.1642,2011-05-19 00:00:00,5.936272086266667,Aluno-1106,Cursando,7.65625,0.0,,Fase 3 (7° e 8° ano)
RA-568,3F,3F,,,14.0,Masculino,2021,Escola Pública,7.305919652173913,7.917,3.2619047620000003,8.13,5.166666666666667,5.0,5.5,5.0,,,5.496,5.0,,,PEDE2024,16.0,Fase 5 (1° EM),6.9647,2008-05-08 00:00:00,5.545864285733334,Aluno-568,Cursando,6.5625,-2.0,,Fase 5 (1° EM)
RA-558,3F,3F,,,14.0,Masculino,2022,Escola Pública,5.538561201058201,9.168,3.7763975156666674,8.13,3.0,2.5,4.0,2.5,,,4.268,5.0,,,PEDE2024,16.0,Fase 5 (1° EM),6.615333333,2008-09-02 00:00:00,5.048054503133334,Aluno-558,Cursando,6.09375,-2.0,,Fase 5 (1° EM)
RA-559,3F,3F,,,11.0,Masculino,2021,Escola Pública,7.633511273307791,10.002,5.705128205,8.13,3.1666666666666665,1.0,2.5,6.0,,,4.728,10.0,,,PEDE2024,13.0,Fase 3 (7° e 8° ano),7.947366667,2011-04-08 00:00:00,6.158158974333333,Aluno-559,Cursando,6.25,0.0,,Fase 3 (7° e 8° ano)
RA-1529,3F,3F,,,12.0,Feminino,2024,Escola Pública,,6.666,7.435897436,7.51,5.5,6.0,5.5,5.0,,,6.964,5.0,,,PEDE2024,14.0,Fase 4 (9° ano),,2010-04-01 00:00:00,6.710079487200001,Aluno-1529,Cursando,8.125,-1.0,,Fase 4 (9° ano)
RA-1111,3F,3F,,,10.0,Feminino,2023,Escola Pública,,6.249,4.600414078666667,7.5,5.0,5.0,4.0,6.0,,,5.824,10.0,,,PEDE2024,12.0,Fase 2 (5° e 6° ano),6.559166667,2012-07-09 00:00:00,6.116032815733334,Aluno-1111,Cursando,6.5625,1.0,,Fase 2 (5° e 6° ano)
RA-1108,3F,3F,,,11.0,Masculino,2023,Escola Pública,,9.168,3.7546583853333337,8.13,3.6666666666666665,3.5,3.5,4.0,,,5.422,10.0,,,PEDE2024,13.0,Fase 3 (7° e 8° ano),6.310833333,2010-12-16 00:00:00,6.017215010400001,Aluno-1108,Cursando,7.1875,0.0,,Fase 3 (7° e 8° ano)
RA-542,3F,3F,,,11.0,Feminino,2021,Escola Pública,7.221179827586207,8.751,6.481366459666667,8.13,3.9333333333333336,1.5,5.0,5.3,,,6.232,10.0,,,PEDE2024,13.0,Fase 3 (7° e 8° ano),7.816533333,2011-09-20 00:00:00,6.7205649586,Aluno-542,Cursando,7.03125,0.0,,Fase 3 (7° e 8° ano)
RA-543,3F,3F,,,10.0,Feminino,2022,Escola Pública,7.050000666666667,8.751,9.616977225666666,2.51,6.833333333333333,7.0,6.5,7.0,,,8.7,10.0,,,PEDE2024,12.0,Fase 2 (5° e 6° ano),7.971833333,2012-08-31 00:00:00,8.0467871118,Aluno-543,Cursando,8.90625,1.0,,Fase 2 (5° e 6° ano)
RA-1530,3F,3F,,,11.0,Masculino,2024,Escola Pública,,0.0,2.5238095237666665,8.13,2.8333333333333335,1.5,7.0,0.0,,,5.258,10.0,,,PEDE2024,13.0,Fase 3 (7° e 8° ano),,2011-08-07 00:00:00,4.6391535714200005,Aluno-1530,Cursando,7.03125,0.0,,Fase 3 (7° e 8° ano)
RA-555,3F,3F,,,12.0,Masculino,2021,Escola Pública,5.949454421052632,10.002,2.7505175983333334,6.885,4.333333333333333,5.0,4.0,4.0,,,5.03,5.0,,,PEDE2024,14.0,Fase 4 (9° ano),5.898133333,2010-05-11 00:00:00,5.111470186333333,Aluno-555,Cursando,5.0,-1.0,,Fase 4 (9° ano)
RA-1531,3F,3F,,,12.0,Masculino,2024,Escola Pública,,8.751,7.9726867336666665,7.505,5.833333333333333,4.5,8.0,5.0,,,7.14,5.0,,,PEDE2024,14.0,Fase 4 (9° ano),,2010-01-24 00:00:00,7.0491790134,Aluno-1531,Cursando,7.34375,-1.0,,Fase 4 (9° ano)
RA-1099,3G,3G,,,12.0,Feminino,2023,Escola Pública,,8.334,8.133333333333333,10.0,3.8333333333333335,2.5,3.5,5.5,,,6.6225,10.0,,,PEDE2024,14.0,Fase 3 (7° e 8° ano),7.113533333,2010-07-18 00:00:00,7.332483333333334,Aluno-1099,Cursando,7.8125,0.0,,Fase 3 (7° e 8° ano)
RA-1154,3G,3G,,,12.0,Masculino,2023,Escola Pública,,7.917,9.200000000000001,7.51,8.0,7.0,7.0,10.0,,,6.745,5.0,,,PEDE2024,14.0,Fase 4 (9° ano),7.701125,2010-05-23 00:00:00,7.5660750000000005,Aluno-1154,Cursando,7.34375,-1.0,,Fase 4 (9° ano)
RA-1100,3G,3G,,,10.0,Masculino,2023,Escola Pública,,7.5,7.1000000000000005,7.51,4.666666666666667,4.0,4.0,6.0,,,5.6175,10.0,,,PEDE2024,12.0,Fase 2 (5° e 6° ano),8.261033333,2012-08-10 00:00:00,6.649708333333334,Aluno-1100,Cursando,6.71875,1.0,,Fase 2 (5° e 6° ano)
RA-381,3G,3G,,,13.0,Masculino,2021,Escola Pública,6.454070897064289,8.334,6.133333333333333,7.51,3.6666666666666665,2.5,4.5,4.0,,,6.1225,5.0,,,PEDE2024,15.0,Fase 5 (1° EM),5.758041667,2009-03-02 00:00:00,5.940775,Aluno-381,Cursando,6.71875,-2.0,,Fase 5 (1° EM)
RA-364,3G,3G,,,11.0,Masculino,2021,Escola Pública,8.750002666666667,8.751,9.526143791,7.51,7.5,8.0,5.0,9.5,,,7.2075,10.0,,,PEDE2024,13.0,Fase 3 (7° e 8° ano),7.734891667,2011-10-02 00:00:00,8.2697037582,Aluno-364,Cursando,7.96875,0.0,,Fase 3 (7° e 8° ano)
RA-539,3G,3G,,,11.0,Feminino,2022,Escola Privada,7.6649298275862074,10.002,9.233333333333333,7.51,5.833333333333333,5.0,3.5,9.0,,,9.13,10.0,,,PEDE2024,13.0,Fase 3 (7° e 8° ano),7.796866667,2011-09-08 00:00:00,8.465533333333335,Aluno-539,Cursando,8.75,0.0,,Fase 3 (7° e 8° ano)
RA-573,3G,3G,,,11.0,Masculino,2021,Escola Pública,8.261113555555557,9.168,9.5,8.755,5.0,6.0,3.5,5.5,,,6.8275,10.0,,,PEDE2024,13.0,Fase 3 (7° e 8° ano),7.774366667,2011-08-04 00:00:00,7.839050000000001,Aluno-573,Cursando,7.8125,0.0,,Fase 3 (7° e 8° ano)
RA-1107,3G,3G,,,11.0,Feminino,2023,Escola Pública,,8.751,6.2,2.51,2.5,1.0,3.5,3.0,,,6.785,10.0,,,PEDE2024,13.0,Fase 3 (7° e 8° ano),7.9327,2010-12-20 00:00:00,5.9731,Aluno-1107,Cursando,7.5,0.0,,Fase 3 (7° e 8° ano)
RA-368,3G,3G,,,13.0,Masculino,2021,Escola Pública,6.969181527369182,7.917,6.166666666666667,7.51,7.0,4.5,7.0,9.5,,,6.7025,5.0,,,PEDE2024,15.0,Fase 4 (9° ano),5.796458333,2009-10-12 00:00:00,6.782158333333333,Aluno-368,Cursando,7.65625,-1.0,,Fase 4 (9° ano)
RA-387,3G,3G,,,13.0,Masculino,2021,Escola Pública,6.322553780885782,7.5,7.166666666666667,7.51,4.333333333333333,5.0,4.0,4.0,,,5.9975,5.0,,,PEDE2024,15.0,Fase 4 (9° ano),4.794333333,2009-07-20 00:00:00,6.125500000000001,Aluno-387,Cursando,6.25,-1.0,,Fase 4 (9° ano)
RA-556,3G,3G,,,11.0,Feminino,2021,Escola Pública,7.181471298245615,7.083,6.171428571333333,2.51,3.8333333333333335,1.5,4.5,5.5,,,6.1625,10.0,,,PEDE2024,13.0,Fase 3 (7° e 8° ano),7.7482,2011-05-02 00:00:00,5.833377380933333,Aluno-556,Cursando,6.40625,0.0,,Fase 3 (7° e 8° ano)
RA-389,3G,3G,,,11.0,Masculino,2021,Escola Pública,7.184480244200245,9.585,6.674358974333333,8.76,5.166666666666667,6.5,4.0,5.0,,,6.745,10.0,,,PEDE2024,13.0,Fase 3 (7° e 8° ano),6.687,2011-01-12 00:00:00,7.2079551282,Aluno-389,Cursando,6.5625,0.0,,Fase 3 (7° e 8° ano)
RA-390,3G,3G,,,11.0,Feminino,2022,Escola Pública,6.775947831501832,7.5,6.080701754333333,8.755,4.166666666666667,3.0,2.5,7.0,,,6.08,10.0,,,PEDE2024,13.0,Fase 3 (7° e 8° ano),6.905741667,2010-11-10 00:00:00,6.5472236842000004,Aluno-390,Cursando,6.5625,0.0,,Fase 3 (7° e 8° ano)
RA-376,3G,3G,,,12.0,Feminino,2021,Escola Pública,6.9573737948717955,10.002,8.287284610666667,2.51,2.8333333333333335,2.0,5.0,1.5,,,6.325,5.0,,,PEDE2024,14.0,Fase 4 (9° ano),7.1392,2010-01-08 00:00:00,5.896573588800001,Aluno-376,Cursando,6.5625,-1.0,,Fase 4 (9° ano)
RA-584,3G,3G,,,10.0,Feminino,2021,Escola Pública,6.7142532077294685,8.751,5.636363636333333,8.755,4.333333333333333,2.0,5.0,6.0,,,6.37,10.0,,,PEDE2024,12.0,Fase 3 (7° e 8° ano),7.697533333,2012-03-13 00:00:00,6.752914393933334,Aluno-584,Cursando,7.34375,0.0,,Fase 3 (7° e 8° ano)
RA-535,3H,3H,,,10.0,Feminino,2021,Escola Pública,6.953190321839081,9.168,7.161904762,8.135,6.0,7.0,5.5,5.5,,,7.5,10.0,,,PEDE2024,12.0,Fase 3 (7° e 8° ano),8.0027,2012-02-09 00:00:00,7.659555952400001,Aluno-535,Cursando,7.96875,0.0,,Fase 3 (7° e 8° ano)
RA-547,3H,3H,,,11.0,Feminino,2021,Escola Pública,7.744553615384616,8.751,7.030620028333334,8.135,6.833333333333333,9.0,4.5,7.0,,,5.932,10.0,,,PEDE2024,13.0,Fase 3 (7° e 8° ano),6.467,2011-06-24 00:00:00,7.2102906723333335,Aluno-547,Cursando,5.625,0.0,,Fase 3 (7° e 8° ano)
RA-557,3H,3H,,,10.0,Masculino,2021,Escola Privada,8.334031111111113,10.002,8.756265663999999,7.51,9.666666666666666,10.0,9.0,10.0,,,9.576,10.0,,,PEDE2024,12.0,Fase 3 (7° e 8° ano),8.7717,2012-01-12 00:00:00,9.350986466133334,Aluno-557,Cursando,10.0,0.0,,Fase 3 (7° e 8° ano)
RA-548,3H,3H,,,11.0,Masculino,2021,Escola Pública,7.292060604010025,9.168,7.600427350666667,7.51,6.666666666666667,9.0,5.0,6.0,,,5.626,10.0,,,PEDE2024,13.0,Fase 3 (7° e 8° ano),7.4322,2010-11-15 00:00:00,7.240168803466668,Aluno-548,Cursando,5.9375,0.0,,Fase 3 (7° e 8° ano)
RA-1102,3H,3H,,,10.0,Masculino,2023,Escola Pública,,8.751,9.390476190333333,8.13,9.333333333333334,10.0,8.0,10.0,,,7.07,10.0,,,PEDE2024,12.0,Fase 2 (5° e 6° ano),8.123033333,2012-10-06 00:00:00,8.440611904733334,Aluno-1102,Cursando,5.9375,1.0,,Fase 2 (5° e 6° ano)
RA-1532,3H,3H,,,13.0,Masculino,2024,Escola Pública,,0.0,3.9057239053333332,7.51,2.0,0.0,6.0,0.0,,,6.832,5.0,,,PEDE2024,15.0,Fase 4 (9° ano),,2009-09-22 00:00:00,4.548544781066667,Aluno-1532,Cursando,7.5,-1.0,,Fase 4 (9° ano)
RA-538,3H,3H,,,12.0,Masculino,2022,Escola Pública,6.309259592592594,8.751,7.668803418666666,7.51,6.166666666666667,10.0,4.5,4.0,,,5.292,5.0,,,PEDE2024,14.0,Fase 4 (9° ano),6.413466667,2009-11-23 00:00:00,6.514094017066666,Aluno-538,Cursando,5.625,-1.0,,Fase 4 (9° ano)
RA-365,3H,3H,,,9.0,Feminino,2022,Escola Pública,8.062502666666667,9.585,10.0,7.51,6.666666666666667,8.0,7.0,5.0,,,8.202,10.0,,,PEDE2024,11.0,Fase 2 (5° e 6° ano),8.6587,2012-11-19 00:00:00,8.526983333333334,Aluno-365,Cursando,8.4375,1.0,,Fase 2 (5° e 6° ano)
RA-563,3H,3H,,,10.0,Feminino,2021,Escola Pública,8.219535581098341,9.168,9.461904762000001,8.135,8.333333333333334,10.0,9.0,6.0,,,7.468,10.0,,,PEDE2024,12.0,Fase 3 (7° e 8° ano),7.684133333,2011-11-29 00:00:00,8.595447619066668,Aluno-563,Cursando,8.125,0.0,,Fase 3 (7° e 8° ano)
RA-1157,3H,3H,,,13.0,Masculino,2023,Escola Pública,,9.585,9.082539682666665,7.51,7.0,8.0,6.0,7.0,,,8.466,5.0,,,PEDE2024,15.0,Fase 4 (9° ano),7.086633333,2009-08-24 00:00:00,7.916082936533334,Aluno-1157,Cursando,7.96875,-1.0,,Fase 4 (9° ano)
RA-258,3H,3H,,,11.0,Feminino,2021,Escola Pública,6.925909119658121,7.084,6.944444444333333,7.51,2.5,,5.0,0.0,,,6.732,10.0,,,PEDE2024,13.0,Fase 3 (7° e 8° ano),,2010-11-26 00:00:00,6.429063888866667,Aluno-258,Cursando,7.34375,0.0,,Fase 3 (7° e 8° ano)
RA-369,3H,3H,,,11.0,Masculino,2022,Escola Pública,6.973149037037037,8.751,4.908119658333334,7.51,1.6666666666666667,0.0,0.0,5.0,,,5.428,10.0,,,PEDE2024,13.0,Fase 3 (7° e 8° ano),6.0197,2011-03-10 00:00:00,5.667282265,Aluno-369,Cursando,6.40625,0.0,,Fase 3 (7° e 8° ano)
RA-375,3H,3H,,,11.0,Masculino,2021,Escola Pública,7.830771230769231,9.585,9.443589743666667,7.51,6.833333333333333,9.0,5.5,6.0,,,6.432,10.0,,,PEDE2024,13.0,Fase 3 (7° e 8° ano),7.070833333,2011-06-21 00:00:00,7.970034615400001,Aluno-375,Cursando,7.1875,0.0,,Fase 3 (7° e 8° ano)
RA-1533,3I,3I,,,12.0,Feminino,2024,Escola Pública,,9.168,9.710144927666667,8.135,9.5,10.0,8.5,10.0,,,8.3375,10.0,,,PEDE2024,14.0,Fase 3 (7° e 8° ano),,2010-11-01 00:00:00,9.089828985533336,Aluno-1533,Cursando,8.5,0.0,,Fase 3 (7° e 8° ano)
RA-1534,3I,3I,,,11.0,Feminino,2024,Escola Pública,,7.917,9.666666666666666,8.135,1.1666666666666667,2.0,1.5,0.0,,,8.0825,10.0,,,PEDE2024,13.0,Fase 3 (7° e 8° ano),,2010-12-28 00:00:00,7.188366666666667,Aluno-1534,Cursando,8.0,0.0,,Fase 3 (7° e 8° ano)
RA-1160,3I,3I,,,12.0,Masculino,2023,Escola Pública,,8.751,8.201288245,7.51,3.1666666666666665,5.5,2.0,2.0,,,6.2475,5.0,,,PEDE2024,14.0,Fase 4 (9° ano),6.636166667,2010-04-01 00:00:00,6.274190982333334,Aluno-1160,Cursando,6.25,-1.0,,Fase 4 (9° ano)
RA-562,3I,3I,,,11.0,Feminino,2021,Escola Pública,7.854693065681446,8.334,9.833333333333334,8.135,7.833333333333333,7.5,7.5,8.5,,,7.25,10.0,,,PEDE2024,13.0,Fase 3 (7° e 8° ano),6.824833333,2011-07-27 00:00:00,8.392733333333334,Aluno-562,Cursando,7.625,0.0,,Fase 3 (7° e 8° ano)
RA-1112,3I,3I,,,11.0,Masculino,2023,Escola Pública,,9.585,9.02791197,8.135,4.0,4.0,4.0,4.0,,,4.705,10.0,,,PEDE2024,13.0,Fase 3 (7° e 8° ano),7.088866667,2011-06-28 00:00:00,6.8560823939999995,Aluno-1112,Cursando,5.375,0.0,,Fase 3 (7° e 8° ano)
RA-1535,3I,3I,,,11.0,Feminino,2024,Escola Pública,,8.751,5.103121516333333,7.51,5.833333333333333,7.5,5.5,4.5,,,7.9175,10.0,,,PEDE2024,13.0,Fase 3 (7° e 8° ano),,2011-09-08 00:00:00,7.109390969933334,Aluno-1535,Cursando,7.125,0.0,,Fase 3 (7° e 8° ano)
RA-1536,3I,3I,,,13.0,Feminino,2024,Escola Pública,,9.168,8.722222222333334,8.135,7.0,10.0,3.5,7.5,,,7.4575,5.0,,,PEDE2024,15.0,Fase 4 (9° ano),,2009-10-24 00:00:00,7.653744444466668,Aluno-1536,Cursando,7.875,-1.0,,Fase 4 (9° ano)
RA-357,3I,3I,,,12.0,Masculino,2022,Escola Pública,7.835649925925926,8.751,9.028180354333333,8.135,7.666666666666667,8.5,7.0,7.5,,,7.0825,5.0,,,PEDE2024,14.0,Fase 4 (9° ano),8.2832,2010-05-30 00:00:00,7.731569404200001,Aluno-357,Cursando,7.875,-1.0,,Fase 4 (9° ano)
RA-583,3I,3I,,,12.0,Feminino,2021,Escola Pública,7.455557555555556,7.917,8.904455179666668,8.135,5.0,6.5,4.5,4.0,,,6.87,10.0,,,PEDE2024,14.0,Fase 3 (7° e 8° ano),7.838866667,2010-10-12 00:00:00,7.447591035933334,Aluno-583,Cursando,6.875,0.0,,Fase 3 (7° e 8° ano)
RA-1537,3I,3I,,,12.0,Feminino,2024,Escola Pública,,9.168,8.33064949,8.135,8.666666666666666,10.0,6.0,10.0,,,8.67,5.0,,,PEDE2024,14.0,Fase 4 (9° ano),,2010-06-22 00:00:00,8.176263231333333,Aluno-1537,Cursando,8.125,-1.0,,Fase 4 (9° ano)
RA-599,3K,3K,,,10.0,Masculino,2022,Escola Pública,8.199571556935819,10.002,8.607843137333333,9.375,7.666666666666667,8.0,7.0,8.0,,,7.28,10.0,,,PEDE2024,12.0,Fase 2 (5° e 6° ano),8.532866667,2012-10-31 00:00:00,8.3569352941,Aluno-599,Cursando,7.083333333,1.0,,Fase 2 (5° e 6° ano)
RA-651,3K,3K,,,10.0,Feminino,2022,Escola Pública,7.866088525252525,9.168,10.0,7.51,7.5,10.0,6.0,6.5,,,8.336666667,10.0,,,PEDE2024,12.0,Fase 2 (5° e 6° ano),7.332,2012-10-08 00:00:00,8.689300000100001,Aluno-651,Cursando,8.541666667,1.0,,Fase 2 (5° e 6° ano)
RA-1131,3K,3K,,,11.0,Feminino,2023,Escola Privada,,8.334,9.277777777666666,6.255,8.333333333333334,8.0,7.0,10.0,,,7.893333333,10.0,,,PEDE2024,13.0,Fase 3 (7° e 8° ano),8.316133333,2011-04-19 00:00:00,8.2889555555,Aluno-1131,Cursando,7.291666667,0.0,,Fase 3 (7° e 8° ano)
RA-403,3K,3K,,,12.0,Masculino,2021,Escola Pública,7.454659477025898,8.751,7.361111111,7.51,7.666666666666667,6.0,8.0,9.0,,,7.613333333,10.0,,,PEDE2024,14.0,Fase 3 (7° e 8° ano),7.716366667,2010-07-02 00:00:00,8.008488888833334,Aluno-403,Cursando,8.541666667,0.0,,Fase 3 (7° e 8° ano)
RA-1538,3K,3K,,,11.0,Masculino,2021,Escola Pública,,9.168,7.935185184999999,8.13,7.166666666666667,7.5,6.0,8.0,,,7.106666667,10.0,,,PEDE2024,13.0,Fase 2 (5° e 6° ano),,2010-11-29 00:00:00,7.9631703704333345,Aluno-1538,Cursando,7.916666667,1.0,,Fase 2 (5° e 6° ano)
RA-469,3K,3K,,,11.0,Feminino,2022,Escola Pública,7.624482920314255,9.168,9.498366013,7.51,5.0,6.0,4.0,5.0,,,6.94,10.0,,,PEDE2024,13.0,Fase 3 (7° e 8° ano),7.482533333,2011-10-07 00:00:00,7.684639869300001,Aluno-469,Cursando,7.291666667,0.0,,Fase 3 (7° e 8° ano)
RA-1121,3K,3K,,,10.0,Masculino,2023,Escola Pública,,9.585,10.0,7.51,6.666666666666667,9.0,5.0,6.0,,,8.28,10.0,,,PEDE2024,12.0,Fase 3 (7° e 8° ano),8.049,2012-01-08 00:00:00,8.407166666633334,Aluno-1121,Cursando,7.083333333,0.0,,Fase 3 (7° e 8° ano)
RA-1122,3K,3K,,,10.0,Masculino,2023,Escola Pública,,8.751,9.861111111,7.51,5.333333333333333,5.0,4.5,6.5,,,7.22,10.0,,,PEDE2024,12.0,Fase 2 (5° e 6° ano),7.3715,2012-09-30 00:00:00,7.817322222166666,Aluno-1122,Cursando,7.083333333,1.0,,Fase 2 (5° e 6° ano)
RA-422,3K,3K,,,12.0,Masculino,2022,Escola Pública,6.745835333333334,7.5,6.157407407333333,7.51,2.8333333333333335,3.0,4.5,1.0,,,5.5,5.0,,,PEDE2024,14.0,Fase 4 (9° ano),5.57,2010-01-10 00:00:00,5.544981481433334,Aluno-422,Cursando,6.458333333,-1.0,,Fase 4 (9° ano)
RA-1117,3K,3K,,,10.0,Feminino,2023,Escola Pública,,8.751,8.314814814666667,7.51,5.666666666666667,5.0,5.0,7.0,,,6.833333333,10.0,,,PEDE2024,12.0,Fase 2 (5° e 6° ano),8.382366667,2012-10-04 00:00:00,7.601562962866668,Aluno-1117,Cursando,8.125,1.0,,Fase 2 (5° e 6° ano)
RA-1539,3K,3K,,,11.0,Feminino,2024,Escola Pública,,6.667,9.027777777666666,6.885,6.833333333333333,6.0,7.0,7.5,,,7.056666667,10.0,,,PEDE2024,13.0,Fase 3 (7° e 8° ano),,2011-10-28 00:00:00,7.709588888900001,Aluno-1539,Cursando,7.708333333,0.0,,Fase 3 (7° e 8° ano)
RA-618,3K,3K,,,13.0,Masculino,2021,Escola Pública,7.180380522045855,10.002,8.324074074,6.88,4.166666666666667,5.0,4.5,3.0,,,6.826666667,5.0,,,PEDE2024,15.0,Fase 5 (1° EM),6.4745,2009-02-06 00:00:00,6.718348148233334,Aluno-618,Cursando,6.666666667,-2.0,,Fase 5 (1° EM)
RA-669,3K,3K,,,10.0,Masculino,2022,Escola Pública,7.475002333333333,7.5,4.851851851666666,7.51,5.333333333333333,5.0,6.0,5.0,,,6.883333333,10.0,,,PEDE2024,12.0,Fase 3 (7° e 8° ano),7.345033333,2011-11-20 00:00:00,6.6438703703,Aluno-669,Cursando,7.291666667,0.0,,Fase 3 (7° e 8° ano)
RA-408,3K,3K,,,12.0,Feminino,2022,Escola Pública,6.725002000000001,7.5,4.981481481666667,7.51,4.833333333333333,3.0,5.5,6.0,,,6.776666667,10.0,,,PEDE2024,14.0,Fase 3 (7° e 8° ano),7.242133333,2010-08-29 00:00:00,6.5276296297,Aluno-408,Cursando,7.083333333,0.0,,Fase 3 (7° e 8° ano)
RA-610,3K,3K,,,9.0,Feminino,2022,Escola Pública,8.180094592592592,9.585,9.694444444333334,3.76,6.333333333333333,8.0,5.0,6.0,,,8.336666667,10.0,,,PEDE2024,11.0,Fase 2 (5° e 6° ano),8.2857,2013-01-05 00:00:00,7.894888888933334,Aluno-610,Cursando,6.875,1.0,,Fase 2 (5° e 6° ano)
RA-409,3K,3K,,,11.0,Feminino,2022,Escola Pública,8.150001333333332,9.585,9.231481481333333,7.51,7.166666666666667,7.0,7.5,7.0,,,7.223333333,10.0,,,PEDE2024,13.0,Fase 3 (7° e 8° ano),7.621466667,2011-07-04 00:00:00,8.225462962900002,Aluno-409,Cursando,7.916666667,0.0,,Fase 3 (7° e 8° ano)
RA-464,3L,3L,,,13.0,Feminino,2022,Escola Pública,6.745479946323136,9.168,7.851461988333334,8.76,4.333333333333333,3.0,3.5,6.5,,,7.1175,5.0,,,PEDE2024,15.0,Fase 4 (9° ano),6.081675,2009-09-12 00:00:00,6.872009064333334,Aluno-464,Cursando,7.1875,-1.0,,Fase 4 (9° ano)
RA-1165,3L,3L,,,11.0,Feminino,2023,Escola Pública,,8.751,6.829721362333333,8.135,8.0,9.0,7.5,7.5,,,7.83,10.0,,,PEDE2024,13.0,Fase 3 (7° e 8° ano),7.880716667,2011-06-17 00:00:00,7.908044272466667,Aluno-1165,Cursando,6.875,0.0,,Fase 3 (7° e 8° ano)
RA-466,3L,3L,,,13.0,Masculino,2022,Escola Pública,6.825507272727274,8.751,7.223245614,8.76,4.0,3.0,6.5,2.5,,,7.665,5.0,,,PEDE2024,15.0,Fase 4 (9° ano),6.595533333,2009-10-22 00:00:00,6.778749122800001,Aluno-466,Cursando,7.5,-1.0,,Fase 4 (9° ano)
RA-414,3L,3L,,,12.0,Feminino,2021,Escola Pública,7.284286390189521,7.917,8.429629629666666,7.51,6.0,9.0,3.0,6.0,,,5.67,10.0,,,PEDE2024,14.0,Fase 3 (7° e 8° ano),7.25025,2010-10-24 00:00:00,7.187625925933334,Aluno-414,Cursando,6.25,0.0,,Fase 3 (7° e 8° ano)
RA-401,3L,3L,,,12.0,Feminino,2021,Escola Pública,6.64462715942029,6.666,6.839473684333334,6.885,4.833333333333333,7.0,5.0,2.5,,,6.915,10.0,,,PEDE2024,14.0,Fase 3 (7° e 8° ano),6.363666667,2010-10-28 00:00:00,6.728911403533334,Aluno-401,Cursando,6.5625,0.0,,Fase 3 (7° e 8° ano)
RA-1141,3L,3L,,,11.0,Feminino,2023,Escola Pública,,9.585,6.191537667666666,7.51,4.166666666666667,5.0,4.5,3.0,,,6.7825,10.0,,,PEDE2024,13.0,Fase 3 (7° e 8° ano),7.2757,2011-06-27 00:00:00,6.793890866866667,Aluno-1141,Cursando,6.5625,0.0,,Fase 3 (7° e 8° ano)
RA-592,3L,3L,,,10.0,Feminino,2021,Escola Privada,7.381391333333333,7.917,6.108152734666667,2.51,7.833333333333333,7.0,8.0,8.5,,,7.625,10.0,,,PEDE2024,12.0,Fase 2 (5° e 6° ano),7.935466667,2012-09-21 00:00:00,7.121622213600001,Aluno-592,Cursando,7.65625,1.0,,Fase 2 (5° e 6° ano)
RA-474,3L,3L,,,13.0,Masculino,2021,Escola Pública,6.445832675903806,9.168,5.818518518666667,7.51,3.0,4.0,3.0,2.0,,,6.8725,5.0,,,PEDE2024,15.0,Fase 4 (9° ano),5.283583333,2009-08-19 00:00:00,6.024753703733333,Aluno-474,Cursando,7.1875,-1.0,,Fase 4 (9° ano)
RA-602,3L,3L,,,11.0,Masculino,2021,Escola Pública,8.040676603174603,9.585,9.670588235333334,7.51,7.333333333333333,9.0,5.0,8.0,,,8.545,10.0,,,PEDE2024,13.0,Fase 3 (7° e 8° ano),8.5592,2011-02-25 00:00:00,8.647409313733334,Aluno-602,Cursando,8.28125,0.0,,Fase 3 (7° e 8° ano)
RA-666,3L,3L,,,10.0,Masculino,2022,Escola Pública,7.928601818181819,10.002,7.881527348,7.51,7.166666666666667,10.0,5.5,6.0,,,8.375,10.0,,,PEDE2024,12.0,Fase 3 (7° e 8° ano),8.720366667,2012-05-09 00:00:00,8.185838802933334,Aluno-666,Cursando,7.5,0.0,,Fase 3 (7° e 8° ano)
RA-604,3L,3L,,,10.0,Feminino,2021,Escola Pública,8.018089853232116,8.334,7.5029927763333335,8.13,7.0,8.0,5.5,7.5,,,6.21,10.0,,,PEDE2024,12.0,Fase 2 (5° e 6° ano),8.548033333,2012-10-05 00:00:00,7.429623555266667,Aluno-604,Cursando,6.40625,1.0,,Fase 2 (5° e 6° ano)
RA-476,3L,3L,,,12.0,Feminino,2021,Escola Pública,6.930756190476192,7.917,6.5964912280000005,7.51,4.5,7.0,4.0,2.5,,,6.745,10.0,,,PEDE2024,14.0,Fase 3 (7° e 8° ano),6.492408333,2010-07-23 00:00:00,6.7359982456,Aluno-476,Cursando,6.25,0.0,,Fase 3 (7° e 8° ano)
RA-423,3L,3L,,,12.0,Feminino,2022,Escola Pública,6.646760592592592,5.833,6.501135191,8.13,4.333333333333333,6.0,3.5,3.5,,,6.8275,10.0,,,PEDE2024,14.0,Fase 3 (7° e 8° ano),6.607533333,2010-09-22 00:00:00,6.616193704866666,Aluno-423,Cursando,6.875,0.0,,Fase 3 (7° e 8° ano)
RA-631,3L,3L,,,12.0,Masculino,2022,Escola Pública,6.927631024851692,8.334,7.2122004356666665,8.75,4.166666666666667,7.0,3.5,2.0,,,6.245,10.0,,,PEDE2024,14.0,Fase 3 (7° e 8° ano),5.954666667,2010-08-28 00:00:00,6.795673420466667,Aluno-631,Cursando,5.625,0.0,,Fase 3 (7° e 8° ano)
RA-658,3M,3M,,,10.0,Feminino,2022,Escola Pública,7.406743477025898,8.751,10.0,8.135,3.6666666666666665,5.5,2.5,3.0,,,6.738,10.0,,,PEDE2024,12.0,Fase 2 (5° e 6° ano),8.438533333,2012-10-27 00:00:00,7.507033333333333,Aluno-658,Cursando,7.375,1.0,,Fase 2 (5° e 6° ano)
RA-1540,3M,3M,,,12.0,Feminino,2024,Escola Pública,,8.334,5.0,7.51,2.6666666666666665,2.0,2.0,4.0,,,6.83,5.0,,,PEDE2024,14.0,Fase 4 (9° ano),,2010-05-27 00:00:00,5.696233333333334,Aluno-1540,Cursando,7.125,-1.0,,Fase 4 (9° ano)
RA-1541,3M,3M,,,11.0,Masculino,2024,Escola Pública,,9.168,8.633333333333333,6.88,8.166666666666666,9.0,7.0,8.5,,,7.736,10.0,,,PEDE2024,13.0,Fase 3 (7° e 8° ano),,2011-07-21 00:00:00,8.337,Aluno-1541,Cursando,8.25,0.0,,Fase 3 (7° e 8° ano)
RA-1114,3M,3M,,,10.0,Feminino,2023,Escola Pública,,8.751,9.533333333333333,2.51,5.0,5.0,3.0,7.0,,,7.836,10.0,,,PEDE2024,12.0,Fase 3 (7° e 8° ano),7.5667,2011-11-14 00:00:00,7.437466666666667,Aluno-1114,Cursando,8.375,0.0,,Fase 3 (7° e 8° ano)
RA-662,3M,3M,,,11.0,Feminino,2022,Escola Pública,7.044440865959365,7.917,7.6107226106666666,7.51,4.166666666666667,4.5,5.0,3.0,,,7.234,10.0,,,PEDE2024,13.0,Fase 3 (7° e 8° ano),6.733566667,2011-09-30 00:00:00,7.1074778554666675,Aluno-662,Cursando,7.625,0.0,,Fase 3 (7° e 8° ano)
RA-760,3M,3M,,,11.0,Masculino,2021,Escola Pública,8.172164185520362,9.168,7.090909091,7.51,5.0,2.5,3.5,9.0,,,6.158,10.0,,,PEDE2024,13.0,Fase 3 (7° e 8° ano),6.548333333,2011-01-11 00:00:00,6.942581818200001,Aluno-760,Cursando,6.25,0.0,,Fase 3 (7° e 8° ano)
RA-1542,3M,3M,,,14.0,Feminino,2024,Escola Pública,,7.501,6.304873294333333,8.135,3.1666666666666665,1.0,3.5,5.0,,,6.966,5.0,,,PEDE2024,16.0,Fase 5 (1° EM),,2008-09-18 00:00:00,6.0886079922,Aluno-1542,Cursando,7.375,-2.0,,Fase 5 (1° EM)
RA-404,3M,3M,,,12.0,Feminino,2021,Escola Pública,6.658016026362202,8.334,6.286274509666666,2.51,5.666666666666667,6.0,5.0,6.0,,,6.998,10.0,,,PEDE2024,14.0,Fase 3 (7° e 8° ano),6.7093,2010-09-10 00:00:00,6.624588235266668,Aluno-404,Cursando,7.5,0.0,,Fase 3 (7° e 8° ano)
RA-1119,3M,3M,,,12.0,Feminino,2023,Escola Pública,,9.585,8.716666666666667,7.51,5.666666666666667,6.0,3.5,7.5,,,7.698,5.0,,,PEDE2024,14.0,Fase 4 (9° ano),7.192,2010-04-29 00:00:00,7.388266666666667,Aluno-1119,Cursando,7.625,-1.0,,Fase 4 (9° ano)
RA-1116,3M,3M,,,13.0,Masculino,2023,Escola Pública,,0.0,3.3555555556666667,6.26,2.3333333333333335,1.0,3.0,3.0,,,5.066,5.0,,,PEDE2024,15.0,Fase 4 (9° ano),6.956533333,2009-10-27 00:00:00,3.7894777778,Aluno-1116,Cursando,5.125,-1.0,,Fase 4 (9° ano)
RA-667,3M,3M,,,11.0,Masculino,2021,Escola Pública,5.84372876673568,9.168,7.038986354666666,7.51,4.666666666666667,5.5,4.5,4.0,,,6.966,10.0,,,PEDE2024,13.0,Fase 3 (7° e 8° ano),6.774866667,2011-04-22 00:00:00,7.177130604266668,Aluno-667,Cursando,7.75,0.0,,Fase 3 (7° e 8° ano)
RA-605,3M,3M,,,11.0,Feminino,2021,Escola Pública,7.276307053600185,7.5,6.194444444333333,6.885,2.6666666666666665,1.5,3.5,3.0,,,5.534,10.0,,,PEDE2024,13.0,Fase 3 (7° e 8° ano),7.709366667,2010-11-29 00:00:00,6.0175222222,Aluno-605,Cursando,7.0,0.0,,Fase 3 (7° e 8° ano)
RA-1543,3M,3M,,,12.0,Masculino,2024,Escola Pública,,7.5,8.076923077,7.51,5.0,6.0,4.0,,,,7.066,5.0,,,PEDE2024,14.0,Fase 4 (9° ano),,2010-02-08 00:00:00,6.754584615400001,Aluno-1543,Cursando,7.25,-1.0,,Fase 4 (9° ano)
RA-1118,3M,3M,,,12.0,Feminino,2023,Escola Pública,,7.084,7.846439628666666,9.38,3.8333333333333335,3.0,4.5,4.0,,,6.866,10.0,,,PEDE2024,14.0,Fase 3 (7° e 8° ano),7.163833333,2010-11-04 00:00:00,7.0305545924,Aluno-1118,Cursando,6.75,0.0,,Fase 3 (7° e 8° ano)
RA-1544,3M,3M,,,12.0,Feminino,2024,Escola Pública,,8.334,8.674509804,6.885,5.833333333333333,5.5,5.5,6.5,,,6.598,5.0,,,PEDE2024,14.0,Fase 4 (9° ano),,2010-04-26 00:00:00,6.905568627466667,Aluno-1544,Cursando,6.625,-1.0,,Fase 4 (9° ano)
RA-1545,3N,3N,,,10.0,Feminino,2024,Escola Pública,,7.501,6.210826211,8.13,8.166666666666666,8.0,6.5,10.0,,,6.165,10.0,,,PEDE2024,12.0,Fase 3 (7° e 8° ano),,2012-01-13 00:00:00,7.296598575533334,Aluno-1545,Cursando,6.25,0.0,,Fase 3 (7° e 8° ano)
RA-1127,3N,3N,,,10.0,Feminino,2023,Escola Pública,,9.168,10.0,7.51,5.833333333333333,8.5,4.5,4.5,,,7.67,10.0,,,PEDE2024,12.0,Fase 3 (7° e 8° ano),8.3167,2012-03-07 00:00:00,8.180966666666668,Aluno-1127,Cursando,8.125,0.0,,Fase 3 (7° e 8° ano)
RA-1129,3N,3N,,,10.0,Masculino,2023,Escola Pública,,9.168,7.137254902,8.13,6.833333333333333,9.0,5.5,6.0,,,5.745,10.0,,,PEDE2024,12.0,Fase 3 (7° e 8° ano),7.309333333,2012-01-31 00:00:00,7.360417647066668,Aluno-1129,Cursando,6.875,0.0,,Fase 3 (7° e 8° ano)
RA-1546,3N,3N,,,12.0,Masculino,2024,Escola Pública,,8.334,6.374643874666667,8.75,4.666666666666667,5.0,3.0,6.0,,,6.17,10.0,,,PEDE2024,14.0,Fase 3 (7° e 8° ano),,2010-06-29 00:00:00,6.900662108266667,Aluno-1546,Cursando,7.5,0.0,,Fase 3 (7° e 8° ano)
RA-1130,3N,3N,,,10.0,Masculino,2023,Escola Pública,,8.751,6.278431372666667,8.13,4.333333333333333,7.5,3.5,2.0,,,5.33,10.0,,,PEDE2024,12.0,Fase 3 (7° e 8° ano),8.0037,2012-03-21 00:00:00,6.563952941199999,Aluno-1130,Cursando,6.875,0.0,,Fase 3 (7° e 8° ano)
RA-1168,3N,3N,,,12.0,Feminino,2023,Escola Pública,,9.585,7.682352941333334,7.51,5.666666666666667,8.5,3.5,5.0,,,6.33,5.0,,,PEDE2024,14.0,Fase 4 (9° ano),5.886625,2010-03-26 00:00:00,6.864053921600001,Aluno-1168,Cursando,7.1875,-1.0,,Fase 4 (9° ano)
RA-613,3N,3N,,,13.0,Masculino,2021,Escola Pública,8.12134394356261,8.334,9.566666666666666,7.51,7.333333333333333,8.0,6.0,8.0,,,6.25,5.0,,,PEDE2024,15.0,Fase 4 (9° ano),6.864508333,2009-10-25 00:00:00,7.4019,Aluno-613,Cursando,6.875,-1.0,,Fase 4 (9° ano)
RA-433,3N,3N,,,12.0,Masculino,2022,Escola Pública,5.557438118548119,7.918,8.380952381,8.13,4.833333333333333,6.5,4.0,4.0,,,6.415,10.0,,,PEDE2024,14.0,Fase 3 (7° e 8° ano),6.5982,2010-10-10 00:00:00,7.218157142866668,Aluno-433,Cursando,6.875,0.0,,Fase 3 (7° e 8° ano)
RA-1547,3N,3N,,,12.0,Feminino,2024,Escola Pública,,7.917,6.467236467333334,8.13,6.666666666666667,9.5,6.0,4.5,,,6.335,5.0,,,PEDE2024,14.0,Fase 4 (9° ano),,2009-11-20 00:00:00,6.748480626800001,Aluno-1547,Cursando,7.5,-1.0,,Fase 4 (9° ano)
RA-1548,3N,3N,,,11.0,Feminino,2024,Escola Pública,,8.334,5.2421652420000004,7.51,4.833333333333333,9.0,4.5,1.0,,,5.665,10.0,,,PEDE2024,13.0,Fase 3 (7° e 8° ano),,2011-01-25 00:00:00,6.482499715066667,Aluno-1548,Cursando,7.5,0.0,,Fase 3 (7° e 8° ano)
RA-304,3N,3N,,,14.0,Masculino,2021,Escola Pública,6.355207500000001,10.002,7.826890756333333,7.51,7.166666666666667,9.0,5.5,7.0,,,5.825,2.5,,,PEDE2024,16.0,Fase 6 (2° EM),6.241583333,2007-12-02 00:00:00,6.852411484600001,Aluno-304,Cursando,6.875,-3.0,,Fase 6 (2° EM)
RA-1549,3N,3N,,,13.0,Masculino,2024,Escola Pública,,9.585,7.441394335666668,7.51,4.166666666666667,5.5,3.0,4.0,,,6.325,5.0,,,PEDE2024,15.0,Fase 5 (1° EM),,2009-01-31 00:00:00,6.514862200466668,Aluno-1549,Cursando,7.1875,-2.0,,Fase 5 (1° EM)
RA-632,3P,3P,,,10.0,Feminino,2022,Escola Pública,6.995504201058202,7.917,8.999164578333334,6.875,4.166666666666667,0.0,6.0,6.5,,,7.875,10.0,,,PEDE2024,12.0,Fase 3 (7° e 8° ano),7.8768,2012-04-21 00:00:00,7.515491249000001,Aluno-632,Cursando,8.28125,0.0,,Fase 3 (7° e 8° ano)
RA-633,3P,3P,,,11.0,Feminino,2021,Escola Pública,7.475860455026456,4.584,4.707017544,2.51,3.3333333333333335,4.0,6.0,0.0,,,6.1175,10.0,,,PEDE2024,13.0,Fase 3 (7° e 8° ano),6.6552,2011-06-03 00:00:00,5.228470175466667,Aluno-633,Cursando,6.875,0.0,,Fase 3 (7° e 8° ano)
RA-1137,3P,3P,,,9.0,Feminino,2023,Escola Pública,,8.334,7.588638262333333,8.13,3.5,1.0,4.5,5.0,,,7.4575,10.0,,,PEDE2024,11.0,Fase 2 (5° e 6° ano),8.743366667,2013-02-27 00:00:00,7.1837526524666675,Aluno-1137,Cursando,8.28125,1.0,,Fase 2 (5° e 6° ano)
RA-646,3P,3P,,,12.0,Masculino,2021,Escola Pública,8.18081096969697,10.002,9.266666666666667,7.51,6.166666666666667,9.0,4.5,5.0,,,7.7475,5.0,,,PEDE2024,14.0,Fase 4 (9° ano),8.3547,2009-12-19 00:00:00,7.715491666666668,Aluno-646,Cursando,8.28125,-1.0,,Fase 4 (9° ano)
RA-1550,3P,3P,,,13.0,Masculino,2024,Escola Pública,,9.585,5.222222222,7.51,4.333333333333333,5.0,3.0,5.0,,,6.2025,5.0,,,PEDE2024,15.0,Fase 4 (9° ano),,2009-10-21 00:00:00,6.064236111066667,Aluno-1550,Cursando,7.03125,-1.0,,Fase 4 (9° ano)
RA-1139,3P,3P,,,10.0,Masculino,2023,Escola Pública,,8.334,6.152715121333333,7.51,4.666666666666667,5.0,3.0,6.0,,,7.04,10.0,,,PEDE2024,12.0,Fase 2 (5° e 6° ano),7.6647,2012-09-16 00:00:00,6.906276357600001,Aluno-1139,Cursando,7.5,1.0,,Fase 2 (5° e 6° ano)
RA-444,3P,3P,,,12.0,Masculino,2021,Escola Pública,6.664746446689114,8.334,6.377276524666667,2.51,3.6666666666666665,2.0,5.0,4.0,,,5.96,5.0,,,PEDE2024,14.0,Fase 4 (9° ano),5.958791667,2009-12-15 00:00:00,5.410188638266668,Aluno-444,Cursando,6.25,-1.0,,Fase 4 (9° ano)
RA-445,3P,3P,,,12.0,Masculino,2022,Escola Pública,6.923613111111111,7.917,8.715873016,7.51,4.0,3.0,6.0,3.0,,,7.3725,10.0,,,PEDE2024,14.0,Fase 3 (7° e 8° ano),7.9087,2010-07-30 00:00:00,7.3416246032,Aluno-445,Cursando,7.8125,0.0,,Fase 3 (7° e 8° ano)
RA-639,3P,3P,,,10.0,Feminino,2021,Escola Pública,6.613163153439154,7.917,5.278195488666667,2.51,3.8333333333333335,1.0,4.5,6.0,,,6.1625,10.0,,,PEDE2024,12.0,Fase 3 (7° e 8° ano),7.5853,2012-02-24 00:00:00,5.7693807644,Aluno-639,Cursando,6.71875,0.0,,Fase 3 (7° e 8° ano)
RA-1142,3P,3P,,,10.0,Feminino,2023,Escola Pública,,8.334,9.133333333333333,7.51,8.5,10.0,8.0,7.5,,,7.335,10.0,,,PEDE2024,12.0,Fase 3 (7° e 8° ano),9.175033333,2012-05-28 00:00:00,8.390566666666668,Aluno-1142,Cursando,8.125,0.0,,Fase 3 (7° e 8° ano)
RA-1551,3P,3P,,,13.0,Masculino,2024,Escola Pública,,9.585,4.7710437709999995,7.51,3.5,1.0,5.5,4.0,,,6.79,5.0,,,PEDE2024,15.0,Fase 5 (1° EM),,2009-05-04 00:00:00,5.9717087542,Aluno-1551,Cursando,7.5,-2.0,,Fase 5 (1° EM)
RA-458,3P,3P,,,13.0,Masculino,2021,Escola Pública,6.511662330532213,8.751,3.7396825396666666,6.88,4.0,3.0,4.0,5.0,,,6.83,5.0,,,PEDE2024,15.0,Fase 4 (9° ano),6.312083333,2009-09-12 00:00:00,5.680161507933333,Aluno-458,Cursando,7.03125,-1.0,,Fase 4 (9° ano)
RA-1552,3P,3P,,,11.0,Masculino,2024,Escola Pública,,9.585,9.743589743666666,7.51,3.1666666666666665,1.0,4.5,4.0,,,7.165,10.0,,,PEDE2024,13.0,Fase 3 (7° e 8° ano),,2011-02-23 00:00:00,7.443301282066667,Aluno-1552,Cursando,7.1875,0.0,,Fase 3 (7° e 8° ano)
RA-1170,3P,3P,,,13.0,Masculino,2023,Escola Pública,,9.168,5.565079365,8.13,3.5,1.0,2.5,7.0,,,6.7475,5.0,,,PEDE2024,15.0,Fase 5 (1° EM),6.874683333,2009-04-07 00:00:00,6.095440873,Aluno-1170,Cursando,7.03125,-2.0,,Fase 5 (1° EM)
RA-642,3P,3P,,,10.0,Feminino,2021,Escola Pública,7.750398603174604,9.585,9.149206349333333,3.76,4.0,2.0,5.0,5.0,,,6.9975,10.0,,,PEDE2024,12.0,Fase 3 (7° e 8° ano),8.416866667,2012-01-02 00:00:00,7.082591269866667,Aluno-642,Cursando,7.1875,0.0,,Fase 3 (7° e 8° ano)
RA-1553,3R,3R,,,11.0,Masculino,2024,Escola Pública,,8.334,9.003921568666668,7.51,4.333333333333333,6.0,5.0,2.0,,,7.78,10.0,,,PEDE2024,13.0,Fase 3 (7° e 8° ano),,2011-05-16 00:00:00,7.641184313700001,Aluno-1553,Cursando,8.333333333,0.0,,Fase 3 (7° e 8° ano)
RA-1554,3R,3R,,,13.0,Masculino,2024,Escola Pública,,6.666,9.629629629666667,8.76,4.0,3.0,,5.0,,,7.22,5.0,,,PEDE2024,15.0,Fase 5 (1° EM),,2009-03-14 00:00:00,6.941692592633334,Aluno-1554,Cursando,7.291666667,-2.0,,Fase 5 (1° EM)
RA-649,3R,3R,,,12.0,Feminino,2021,Escola Pública,7.301750696192697,8.751,6.004481792666667,8.76,3.6666666666666665,5.5,4.0,1.5,,,7.333333333,10.0,,,PEDE2024,14.0,Fase 3 (7° e 8° ano),7.579533333,2010-07-08 00:00:00,6.985329691766667,Aluno-649,Cursando,8.333333333,0.0,,Fase 3 (7° e 8° ano)
RA-1136,3R,3R,,,12.0,Feminino,2023,Escola Pública,,8.751,4.547899159666667,8.135,1.6666666666666667,1.0,2.0,2.0,,,6.383333333,5.0,,,PEDE2024,14.0,Fase 4 (9° ano),6.7351,2009-11-23 00:00:00,5.458179831866667,Aluno-1136,Cursando,7.5,-1.0,,Fase 4 (9° ano)
RA-653,3R,3R,,,11.0,Feminino,2022,Escola Pública,8.100927925925927,8.751,9.537254901999999,8.76,5.166666666666667,6.5,4.5,4.5,,,7.89,10.0,,,PEDE2024,13.0,Fase 3 (7° e 8° ano),7.385666667,2011-03-29 00:00:00,8.103217647033333,Aluno-653,Cursando,8.333333333,0.0,,Fase 3 (7° e 8° ano)
RA-456,3R,3R,,,11.0,Feminino,2022,Escola Pública,7.192527343915344,7.083,9.382456140333334,7.51,6.5,9.0,6.0,4.5,,,8.893333333,10.0,,,PEDE2024,13.0,Fase 3 (7° e 8° ano),7.518,2010-11-20 00:00:00,8.331124561366668,Aluno-456,Cursando,9.166666667,0.0,,Fase 3 (7° e 8° ano)
RA-655,3R,3R,,,12.0,Feminino,2021,Escola Pública,7.7853369992229995,7.501,10.0,8.76,6.833333333333333,8.0,4.0,8.5,,,7.166666667,10.0,,,PEDE2024,14.0,Fase 3 (7° e 8° ano),8.3198,2010-09-23 00:00:00,8.238600000066668,Aluno-655,Cursando,8.125,0.0,,Fase 3 (7° e 8° ano)
RA-656,3R,3R,,,11.0,Feminino,2021,Escola Pública,6.65156698989899,9.168,5.978431372666667,7.51,4.166666666666667,5.0,3.5,4.0,,,6.106666667,10.0,,,PEDE2024,13.0,Fase 3 (7° e 8° ano),6.780833333,2011-06-22 00:00:00,6.668152941266667,Aluno-656,Cursando,7.5,0.0,,Fase 3 (7° e 8° ano)
RA-657,3R,3R,,,11.0,Feminino,2021,Escola Pública,8.093255968253969,8.751,9.6,6.885,7.5,8.0,4.5,10.0,,,7.056666667,10.0,,,PEDE2024,13.0,Fase 3 (7° e 8° ano),8.3532,2010-11-09 00:00:00,8.207433333400001,Aluno-657,Cursando,8.125,0.0,,Fase 3 (7° e 8° ano)
RA-1555,3R,3R,,,11.0,Masculino,2024,Escola Pública,,8.334,10.0,6.255,3.0,9.0,0.0,0.0,,,8.056666667,10.0,,,PEDE2024,13.0,Fase 3 (7° e 8° ano),,2011-01-13 00:00:00,7.4827333334,Aluno-1555,Cursando,8.125,0.0,,Fase 3 (7° e 8° ano)
RA-461,3R,3R,,,11.0,Feminino,2021,Escola Pública,5.451260674038036,8.751,9.182446312,7.51,4.5,3.0,4.5,6.0,,,7.056666667,10.0,,,PEDE2024,13.0,Fase 3 (7° e 8° ano),7.2379,2010-12-30 00:00:00,7.5447559291,Aluno-461,Cursando,7.708333333,0.0,,Fase 3 (7° e 8° ano)
RA-398,3U,3U,,,10.0,Feminino,2022,Escola Pública,7.741668666666667,7.083,5.733333333333333,7.51,8.0,8.5,7.5,8.0,,,6.553333333,10.0,,,PEDE2024,12.0,Fase 3 (7° e 8° ano),7.153766667,2012-01-06 00:00:00,7.2457999999666685,Aluno-398,Cursando,7.291666667,0.0,,Fase 3 (7° e 8° ano)
RA-586,3U,3U,,,9.0,Feminino,2021,Escola Privada,7.987503111111112,9.168,9.241269841333333,7.51,8.5,7.5,8.0,10.0,,,8.056666667,10.0,,,PEDE2024,11.0,Fase 2 (5° e 6° ano),8.4242,2012-11-18 00:00:00,8.702387301666668,Aluno-586,Cursando,8.75,1.0,,Fase 2 (5° e 6° ano)
RA-623,3U,3U,,,13.0,Masculino,2022,Escola Pública,7.523833791887125,8.334,7.3999999999999995,6.885,4.0,3.5,2.5,6.0,,,7.05,5.0,,,PEDE2024,15.0,Fase 4 (9° ano),7.8307,2009-09-25 00:00:00,6.357733333300001,Aluno-623,Cursando,6.458333333,-1.0,,Fase 4 (9° ano)
RA-588,3U,3U,,,9.0,Feminino,2021,Escola Privada,8.622225333333333,9.168,9.833333333333334,7.51,7.833333333333333,8.5,8.0,7.0,,,8.0,10.0,,,PEDE2024,11.0,Fase 2 (5° e 6° ano),8.3527,2013-05-16 00:00:00,8.676133333333334,Aluno-588,Cursando,8.75,1.0,,Fase 2 (5° e 6° ano)
RA-626,3U,3U,,,11.0,Masculino,2021,Escola Pública,5.818056666666667,9.585,3.380451127666667,6.885,5.333333333333333,5.5,3.5,7.0,,,6.443333333,10.0,,,PEDE2024,13.0,Fase 3 (7° e 8° ano),7.231033333,2011-06-27 00:00:00,6.407590225500001,Aluno-626,Cursando,7.291666667,0.0,,Fase 3 (7° e 8° ano)
RA-1556,3U,3U,,,12.0,Masculino,2024,Escola Pública,,7.917,5.222222222333333,7.51,4.0,3.5,,4.5,,,7.44,10.0,,,PEDE2024,14.0,Fase 3 (7° e 8° ano),,2010-07-31 00:00:00,6.666811111166668,Aluno-1556,Cursando,7.916666667,0.0,,Fase 3 (7° e 8° ano)
RA-455,3U,3U,,,12.0,Feminino,2022,Escola Pública,6.875668240944242,8.751,6.111111111,8.13,4.5,3.0,6.5,4.0,,,7.276666667,10.0,,,PEDE2024,14.0,Fase 3 (7° e 8° ano),,2010-06-28 00:00:00,7.098988888900001,Aluno-455,Cursando,8.333333333,0.0,,Fase 3 (7° e 8° ano)
RA-614,3U,3U,,,12.0,Masculino,2021,Escola Pública,8.339199975308643,9.585,9.700000000000001,7.51,6.833333333333333,8.0,4.5,8.0,,,7.603333333,5.0,,,PEDE2024,14.0,Fase 4 (9° ano),8.2282,2010-06-13 00:00:00,7.8284999999666685,Aluno-614,Cursando,7.916666667,-1.0,,Fase 4 (9° ano)
RA-434,3U,3U,,,11.0,Masculino,2022,Escola Pública,7.403129618406286,7.084,5.061904762,7.51,5.5,5.5,5.5,5.5,,,6.55,10.0,,,PEDE2024,13.0,Fase 3 (7° e 8° ano),7.069766667,2011-01-19 00:00:00,6.610947619100001,Aluno-434,Cursando,7.291666667,0.0,,Fase 3 (7° e 8° ano)
RA-603,3U,3U,,,10.0,Masculino,2022,Escola Pública,7.779763904761905,9.585,7.155555555666666,6.885,4.666666666666667,4.5,5.5,4.0,,,6.216666667,10.0,,,PEDE2024,12.0,Fase 3 (7° e 8° ano),6.748833333,2011-11-25 00:00:00,6.942277777866667,Aluno-603,Cursando,6.875,0.0,,Fase 3 (7° e 8° ano)
RA-1133,3U,3U,,,9.0,Feminino,2023,Escola Pública,,9.168,9.841269841333334,8.75,4.5,5.0,3.5,5.0,,,8.83,10.0,,,PEDE2024,11.0,Fase 2 (5° e 6° ano),8.600033333,2013-02-19 00:00:00,8.238553968266668,Aluno-1133,Cursando,8.125,1.0,,Fase 2 (5° e 6° ano)
RA-616,3U,3U,,,12.0,Masculino,2021,Escola Pública,7.303241851851853,7.5,3.087719298333333,6.885,3.8333333333333335,3.0,3.5,5.0,,,4.946666667,10.0,,,PEDE2024,14.0,Fase 3 (7° e 8° ano),5.612,2010-08-09 00:00:00,5.457877193033333,Aluno-616,Cursando,6.458333333,0.0,,Fase 3 (7° e 8° ano)
RA-1134,3U,3U,,,10.0,Masculino,2023,Escola Pública,,8.751,8.914285714,7.51,6.0,6.0,5.5,6.5,,,6.883333333,10.0,,,PEDE2024,12.0,Fase 3 (7° e 8° ano),7.769866667,2011-11-28 00:00:00,7.7564571427,Aluno-1134,Cursando,7.708333333,0.0,,Fase 3 (7° e 8° ano)
RA-1557,3U,3U,,,12.0,Feminino,2024,Escola Pública,,9.585,8.916666666666666,7.51,7.0,6.0,,8.0,,,7.72,10.0,,,PEDE2024,14.0,Fase 3 (7° e 8° ano),,2010-08-07 00:00:00,8.228500000033334,Aluno-1557,Cursando,7.916666667,0.0,,Fase 3 (7° e 8° ano)
RA-670,3U,3U,,,10.0,Feminino,2022,Escola Privada,7.451335164578111,9.585,9.441269841333334,7.51,8.666666666666666,9.0,7.0,10.0,,,8.166666667,10.0,,,PEDE2024,12.0,Fase 2 (5° e 6° ano),8.6067,2012-09-05 00:00:00,8.8602539683,Aluno-670,Cursando,8.958333333,1.0,,Fase 2 (5° e 6° ano)
RA-620,3U,3U,,,12.0,Masculino,2021,Escola Pública,6.017619047619047,8.334,3.9841269843333333,7.51,2.5,3.5,2.5,1.5,,,5.886666667,10.0,,,PEDE2024,14.0,Fase 3 (7° e 8° ano),7.043666667,2010-07-22 00:00:00,5.766892063566667,Aluno-620,Cursando,7.083333333,0.0,,Fase 3 (7° e 8° ano)
RA-1149,4A,4A,,,13.0,Feminino,2023,Escola Pública,,8.334,10.0,10.0,6.0,2.0,6.0,10.0,,,8.706,5.0,,,PEDE2024,15.0,Fase 5 (1° EM),7.410108333,2009-06-09 00:00:00,8.1371,Aluno-1149,Cursando,8.625,-1.0,,Fase 5 (1° EM)
RA-1558,4A,4A,,,14.0,Masculino,2024,Escola Pública,,9.168,8.705360238666666,8.755,5.5,5.0,5.5,6.0,,,8.302,5.0,,,PEDE2024,16.0,Fase 5 (1° EM),,2008-07-30 00:00:00,7.643772047733333,Aluno-1558,Cursando,8.5,-1.0,,Fase 5 (1° EM)
RA-326,4A,4A,,,12.0,Feminino,2022,Escola Privada,8.219954610229276,9.168,8.973112128333334,6.26,9.333333333333334,10.0,9.0,9.0,,,8.704,10.0,,,PEDE2024,14.0,Fase 3 (7° e 8° ano),8.65075,2010-07-21 00:00:00,8.832389092333335,Aluno-326,Cursando,8.875,1.0,,Fase 3 (7° e 8° ano)
RA-339,4A,4A,,,11.0,Feminino,2021,Escola Pública,8.48808864197531,7.5,7.155537064000001,5.635,8.166666666666666,8.0,7.0,9.5,,,7.668,10.0,,,PEDE2024,13.0,Fase 3 (7° e 8° ano),7.377583333,2011-06-01 00:00:00,7.711540746133334,Aluno-339,Cursando,8.0,1.0,,Fase 3 (7° e 8° ano)
RA-179,4A,4A,,,11.0,Masculino,2022,Escola Privada,7.992900671071327,9.168,9.407894737,9.38,8.166666666666666,7.0,8.0,9.5,,,8.44,10.0,,,PEDE2024,13.0,Fase 3 (7° e 8° ano),8.437641667,2010-11-24 00:00:00,8.932712280733334,Aluno-179,Cursando,8.75,1.0,,Fase 3 (7° e 8° ano)
RA-1559,4A,4A,,,13.0,Feminino,2024,Escola Pública,,7.917,5.2929755216666665,6.885,4.666666666666667,8.0,0.0,6.0,,,7.604,5.0,,,PEDE2024,15.0,Fase 5 (1° EM),,2009-01-29 00:00:00,6.330428437666668,Aluno-1559,Cursando,8.375,-1.0,,Fase 5 (1° EM)
RA-332,4A,4A,,,13.0,Masculino,2021,Escola Privada,7.882917128747796,9.585,7.605358505000001,9.38,7.0,7.0,7.0,7.0,,,8.706,10.0,,,PEDE2024,15.0,Fase 3 (7° e 8° ano),8.002591667,2009-05-06 00:00:00,8.421271701,Aluno-332,Cursando,8.625,1.0,,Fase 3 (7° e 8° ano)
RA-1560,4A,4A,,,12.0,Feminino,2024,Escola Privada,,9.168,9.206349206333334,5.635,8.166666666666666,6.0,8.5,10.0,,,8.336,10.0,,,PEDE2024,14.0,Fase 3 (7° e 8° ano),,2010-08-04 00:00:00,8.4721031746,Aluno-1560,Cursando,8.5,1.0,,Fase 3 (7° e 8° ano)
RA-1153,4A,4A,,,13.0,Feminino,2021,Escola Privada,,8.751,9.702380952333334,5.635,8.5,8.0,8.5,9.0,,,9.074,5.0,,,PEDE2024,15.0,Fase 5 (1° EM),7.968658333,2009-06-24 00:00:00,8.268876190466667,Aluno-1153,Cursando,8.75,-1.0,,Fase 5 (1° EM)
RA-183,4A,4A,,,13.0,Feminino,2022,Escola Pública,7.3003789545454545,7.917,9.249011857666666,6.26,7.5,5.0,7.5,10.0,,,8.372,10.0,,,PEDE2024,15.0,Fase 4 (9° ano),7.586241667,2009-08-15 00:00:00,8.266902371533334,Aluno-183,Cursando,8.25,0.0,,Fase 4 (9° ano)
RA-199,4A,4A,,,13.0,Masculino,2022,Escola Privada,7.5636047979797985,8.334,7.554824561666667,6.88,7.166666666666667,5.0,9.0,7.5,,,8.206,5.0,,,PEDE2024,15.0,Fase 5 (1° EM),7.892341667,2009-01-11 00:00:00,7.419398245666667,Aluno-199,Cursando,8.125,-1.0,,Fase 5 (1° EM)
RA-1561,4A,4A,,,14.0,Masculino,2024,Escola Pública,,9.585,9.174603174666666,5.0,9.0,8.5,8.5,10.0,,,7.734,5.0,,,PEDE2024,16.0,Fase 5 (1° EM),,2008-07-06 00:00:00,7.9402206349333335,Aluno-1561,Cursando,8.0,-1.0,,Fase 5 (1° EM)
RA-336,4A,4A,,,13.0,Masculino,2021,Escola Pública,6.787123434343435,7.5,5.512100409000001,6.26,5.833333333333333,6.0,6.5,5.0,,,7.196,10.0,,,PEDE2024,15.0,Fase 4 (9° ano),5.887708333,2009-08-28 00:00:00,6.834286748466667,Aluno-336,Cursando,7.5,0.0,,Fase 4 (9° ano)
RA-347,4A,4A,,,12.0,Feminino,2021,Escola Pública,7.908336,8.751,9.673046251999999,6.885,7.666666666666667,6.5,7.5,9.0,,,7.766,10.0,,,PEDE2024,14.0,Fase 3 (7° e 8° ano),7.61835,2010-07-13 00:00:00,8.384742583733333,Aluno-347,Cursando,8.0,1.0,,Fase 3 (7° e 8° ano)
RA-397,4A,4A,,,14.0,Feminino,2021,Escola Pública,5.8522472498487605,7.918,7.885292942666666,5.63,5.666666666666667,5.0,4.5,7.5,,,7.398,5.0,,,PEDE2024,16.0,Fase 6 (2° EM),6.207083333,2008-05-13 00:00:00,6.807291921866668,Aluno-397,Cursando,7.625,-2.0,,Fase 6 (2° EM)
RA-338,4B,4B,,,12.0,Masculino,2021,Escola Pública,6.837216877492878,9.168,7.441643324,7.51,6.833333333333333,5.0,8.0,7.5,,,8.8375,10.0,,,PEDE2024,14.0,Fase 4 (9° ano),8.287441667,2010-04-08 00:00:00,8.052795331466667,Aluno-338,Cursando,7.625,0.0,,Fase 4 (9° ano)
RA-392,4B,4B,,,14.0,Masculino,2022,Escola Pública,6.417875178463399,9.585,5.414731682,5.635,1.0,0.0,2.0,1.0,,,3.545,5.0,,,PEDE2024,16.0,Fase 5 (1° EM),6.567208333,2008-03-16 00:00:00,4.3639463364,Aluno-392,Cursando,3.5,-1.0,,Fase 5 (1° EM)
RA-352,4B,4B,,,11.0,Masculino,2021,Escola Pública,7.834006201914523,8.334,4.453748006333333,6.26,3.1666666666666665,2.0,5.5,2.0,,,6.7925,10.0,,,PEDE2024,13.0,Fase 3 (7° e 8° ano),7.840341667,2011-03-26 00:00:00,5.9794829346,Aluno-352,Cursando,6.375,1.0,,Fase 3 (7° e 8° ano)
RA-1562,4B,4B,,,14.0,Feminino,2024,Escola Pública,,6.25,8.666666666666666,5.01,0.5,0.5,,,,,6.8725,5.0,,,PEDE2024,16.0,Fase 6 (2° EM),,2008-02-05 00:00:00,5.458833333333334,Aluno-1562,Cursando,6.25,-2.0,,Fase 6 (2° EM)
RA-367,4B,4B,,,11.0,Feminino,2021,Escola Pública,6.950124578570855,9.168,7.268170426,6.26,5.0,2.0,5.5,7.5,,,7.6275,10.0,,,PEDE2024,13.0,Fase 3 (7° e 8° ano),7.38685,2010-12-27 00:00:00,7.209434085200001,Aluno-367,Cursando,6.875,1.0,,Fase 3 (7° e 8° ano)
RA-1563,4B,4B,,,13.0,Feminino,2024,Escola Pública,,8.751,8.305555555666666,7.51,7.0,5.0,7.5,8.5,,,8.46,5.0,,,PEDE2024,15.0,Fase 5 (1° EM),,2009-03-03 00:00:00,7.604211111133335,Aluno-1563,Cursando,7.25,-1.0,,Fase 5 (1° EM)
RA-1564,4B,4B,,,13.0,Masculino,2024,Escola Pública,,8.334,4.942067736333334,6.885,2.1666666666666665,1.0,3.5,2.0,,,5.2875,5.0,,,PEDE2024,15.0,Fase 5 (1° EM),,2009-06-19 00:00:00,5.0761468806000005,Aluno-1564,Cursando,5.75,-1.0,,Fase 5 (1° EM)
RA-1565,4B,4B,,,14.0,Masculino,2024,Escola Pública,,0.0,8.102240896333333,7.51,5.5,7.0,3.0,6.5,,,6.0375,5.0,,,PEDE2024,16.0,Fase 5 (1° EM),,2008-08-15 00:00:00,5.816448179266667,Aluno-1565,Cursando,6.375,-1.0,,Fase 5 (1° EM)
RA-1566,4B,4B,,,15.0,Feminino,2024,Escola Pública,,9.168,9.247219355666667,7.51,6.5,3.0,8.0,8.5,,,8.335,5.0,,,PEDE2024,17.0,Fase 6 (2° EM),,2007-09-03 00:00:00,7.759243871133334,Aluno-1566,Cursando,7.75,-2.0,,Fase 6 (2° EM)
RA-1567,4B,4B,,,14.0,Feminino,2024,Escola Pública,,8.334,8.771043771,7.51,8.166666666666666,5.0,9.5,10.0,,,8.335,5.0,,,PEDE2024,16.0,Fase 6 (2° EM),,2008-06-08 00:00:00,7.913942087533334,Aluno-1567,Cursando,7.75,-2.0,,Fase 6 (2° EM)
RA-356,4B,4B,,,12.0,Masculino,2021,Escola Pública,6.689521871961853,8.334,6.656346749333334,5.635,5.333333333333333,1.0,7.0,8.0,,,6.5375,10.0,,,PEDE2024,14.0,Fase 3 (7° e 8° ano),6.452008333,2010-07-08 00:00:00,6.627336016533334,Aluno-356,Cursando,5.25,1.0,,Fase 3 (7° e 8° ano)
RA-1568,4B,4B,,,13.0,Feminino,2024,Escola Pública,,9.168,7.493464052333334,7.51,8.166666666666666,7.5,7.5,9.5,,,8.5025,5.0,,,PEDE2024,15.0,Fase 5 (1° EM),,2009-03-03 00:00:00,7.8003261438000004,Aluno-1568,Cursando,8.0,-1.0,,Fase 5 (1° EM)
RA-247,4B,4B,,,12.0,Feminino,2021,Escola Pública,7.720170621212121,0.0,8.306595365666666,6.26,4.333333333333333,0.0,5.0,8.0,,,8.5875,10.0,,,PEDE2024,14.0,Fase 4 (9° ano),7.221958333,2009-11-25 00:00:00,6.646485739800001,Aluno-247,Cursando,7.75,0.0,,Fase 4 (9° ano)
RA-204,4B,4B,,,13.0,Feminino,2021,Escola Pública,6.943054722222223,9.168,6.827094474333333,6.26,7.5,5.0,7.5,10.0,,,8.5875,10.0,,,PEDE2024,15.0,Fase 4 (9° ano),7.557558333,2009-07-08 00:00:00,7.838218894866668,Aluno-204,Cursando,7.125,0.0,,Fase 4 (9° ano)
RA-1569,4B,4B,,,15.0,Feminino,2024,Escola Pública,,6.666,7.111111111333334,6.26,2.1666666666666665,2.0,3.0,1.5,,,6.9175,5.0,,,PEDE2024,17.0,Fase 6 (2° EM),,2007-10-24 00:00:00,5.7191555556,Aluno-1569,Cursando,6.875,-2.0,,Fase 6 (2° EM)
RA-1570,4B,4B,,,14.0,Feminino,2024,Escola Pública,,9.585,7.542087542,7.51,8.333333333333334,6.5,9.0,9.5,,,8.6725,5.0,,,PEDE2024,16.0,Fase 5 (1° EM),,2008-08-06 00:00:00,7.894084175066667,Aluno-1570,Cursando,7.75,-1.0,,Fase 5 (1° EM)
RA-1571,4B,4B,,,14.0,Masculino,2024,Escola Pública,,8.334,9.111111111333335,5.005,5.666666666666667,5.0,6.0,6.0,,,8.545,5.0,,,PEDE2024,16.0,Fase 5 (1° EM),,2008-08-17 00:00:00,7.2484555556,Aluno-1571,Cursando,7.5,-1.0,,Fase 5 (1° EM)
RA-1572,4C,4C,,,13.0,Feminino,2024,Escola Pública,,9.168,9.841269841333334,7.51,7.5,7.5,6.5,8.5,,,8.393333333,5.0,,,PEDE2024,15.0,Fase 5 (1° EM),,2009-05-30 00:00:00,8.080345634866667,Aluno-1572,Cursando,7.65625,-1.0,,Fase 5 (1° EM)
RA-1150,4C,4C,,,15.0,Masculino,2023,Escola Pública,,8.334,6.481481481666667,7.51,6.833333333333333,4.0,6.5,10.0,,,7.946666667,5.0,,,PEDE2024,17.0,Fase 6 (2° EM),7.076008333,2007-10-15 00:00:00,7.1023212964,Aluno-1150,Cursando,7.65625,-2.0,,Fase 6 (2° EM)
RA-1573,4C,4C,,,14.0,Masculino,2024,Escola Pública,,9.168,6.120448179333334,6.26,5.0,0.0,6.0,9.0,,,8.556666667,5.0,,,PEDE2024,16.0,Fase 5 (1° EM),,2008-08-17 00:00:00,6.743847969266667,Aluno-1573,Cursando,7.65625,-1.0,,Fase 5 (1° EM)
RA-1574,4C,4C,,,14.0,Feminino,2024,Escola Pública,,8.751,8.399470899666667,7.51,7.333333333333333,7.0,6.0,9.0,,,8.616666667,5.0,,,PEDE2024,16.0,Fase 5 (1° EM),,2008-08-23 00:00:00,7.777244180000001,Aluno-1574,Cursando,7.8125,-1.0,,Fase 5 (1° EM)
RA-1151,4C,4C,,,11.0,Feminino,2023,Escola Pública,,7.5,9.722222222333334,5.635,9.0,9.0,8.0,10.0,,,9.393333333,10.0,,,PEDE2024,13.0,Fase 3 (7° e 8° ano),7.829958333,2011-03-04 00:00:00,8.749111111066668,Aluno-1151,Cursando,8.125,1.0,,Fase 3 (7° e 8° ano)
RA-1575,4C,4C,,,14.0,Feminino,2024,Escola Pública,,9.168,8.624338624,6.885,5.333333333333333,0.0,7.5,8.5,,,8.28,5.0,,,PEDE2024,16.0,Fase 5 (1° EM),,2008-10-19 00:00:00,7.318459391466667,Aluno-1575,Cursando,7.65625,-1.0,,Fase 5 (1° EM)
RA-1081,4C,4C,,,13.0,Feminino,2023,Escola Privada,,6.667,9.523809523666666,5.005,8.833333333333334,9.5,8.0,9.0,,,8.95,10.0,,,PEDE2024,15.0,Fase 4 (9° ano),7.666033333,2009-07-29 00:00:00,8.5452952381,Aluno-1081,Cursando,9.166666667,0.0,,Fase 4 (9° ano)
RA-342,4C,4C,,,14.0,Feminino,2021,Escola Pública,6.940909599240267,8.751,7.728174603333334,6.26,4.5,6.5,7.0,0.0,,,7.723333333,5.0,,,PEDE2024,16.0,Fase 5 (1° EM),7.539875,2008-07-21 00:00:00,6.757026587266667,Aluno-342,Cursando,7.65625,-1.0,,Fase 5 (1° EM)
RA-1576,4C,4C,,,14.0,Feminino,2024,Escola Pública,,8.334,9.523809523666666,5.635,6.666666666666667,7.5,4.5,8.0,,,8.44,5.0,,,PEDE2024,16.0,Fase 5 (1° EM),,2008-07-16 00:00:00,7.4636202380666665,Aluno-1576,Cursando,6.40625,-1.0,,Fase 5 (1° EM)
RA-187,4C,4C,,,12.0,Feminino,2021,Escola Privada,7.928183035966957,8.751,9.537037037,5.635,7.833333333333333,7.5,7.0,9.0,,,9.06,10.0,,,PEDE2024,14.0,Fase 4 (9° ano),7.809875,2010-06-28 00:00:00,8.568424074066666,Aluno-187,Cursando,8.4375,0.0,,Fase 4 (9° ano)
RA-359,4C,4C,,,12.0,Feminino,2021,Escola Pública,6.605761359666916,9.168,7.162698412666667,6.26,5.5,4.0,4.5,8.0,,,8.333333333,10.0,,,PEDE2024,14.0,Fase 3 (7° e 8° ano),7.627125,2010-08-21 00:00:00,7.492006349133335,Aluno-359,Cursando,7.5,1.0,,Fase 3 (7° e 8° ano)
RA-1577,4C,4C,,,14.0,Masculino,2024,Escola Pública,,10.002,4.993386243333333,7.51,4.333333333333333,4.0,7.0,2.0,,,7.273333333,5.0,,,PEDE2024,16.0,Fase 5 (1° EM),,2008-09-20 00:00:00,6.305585581933334,Aluno-1577,Cursando,7.34375,-1.0,,Fase 5 (1° EM)
RA-236,4F,4F,,,12.0,Feminino,2022,Escola Pública,7.110494326118326,9.168,7.890668700666666,6.26,4.5,1.5,4.0,8.0,,,6.362,10.0,,,PEDE2024,14.0,Fase 4 (9° ano),7.337116667,2010-06-21 00:00:00,6.980833740133334,Aluno-236,Cursando,6.875,0.0,,Fase 4 (9° ano)
RA-249,4F,4F,,,14.0,Masculino,2021,Escola Pública,5.096608405982907,7.083,6.645021645,5.0,5.0,1.0,8.0,6.0,,,7.064,5.0,,,PEDE2024,16.0,Fase 6 (2° EM),5.444625,2008-05-08 00:00:00,6.125104328999999,Aluno-249,Cursando,6.75,-2.0,,Fase 6 (2° EM)
RA-239,4F,4F,,,15.0,Feminino,2021,Escola Pública,4.571673982861744,8.751,6.361737677333333,5.635,6.666666666666667,4.0,10.0,6.0,,,8.502,2.5,,,PEDE2024,17.0,Fase 7 (3° EM),6.411333333,2007-05-22 00:00:00,6.782180868800001,Aluno-239,Cursando,7.875,-3.0,,Fase 7 (3° EM)
RA-382,4F,4F,,,14.0,Masculino,2021,Escola Pública,6.77720046886447,9.168,6.324561403666666,5.63,3.0,2.0,3.0,4.0,,,6.43,5.0,,,PEDE2024,16.0,Fase 5 (1° EM),6.223833333,2008-08-19 00:00:00,5.805712280733333,Aluno-382,Cursando,6.75,-1.0,,Fase 5 (1° EM)
RA-383,4F,4F,,,11.0,Masculino,2021,Escola Pública,8.400003111111111,9.168,8.600288600333334,7.51,5.833333333333333,1.0,8.0,8.5,,,8.47,10.0,,,PEDE2024,13.0,Fase 3 (7° e 8° ano),7.5408,2011-01-20 00:00:00,8.036024386733335,Aluno-383,Cursando,7.875,1.0,,Fase 3 (7° e 8° ano)
RA-1155,4F,4F,,,13.0,Feminino,2023,Escola Pública,,8.334,8.888888889,5.005,4.666666666666667,6.0,8.0,0.0,,,8.87,5.0,,,PEDE2024,15.0,Fase 5 (1° EM),7.821633333,2009-02-18 00:00:00,7.119011111133333,Aluno-1155,Cursando,8.0,-1.0,,Fase 5 (1° EM)
RA-384,4F,4F,,,12.0,Feminino,2021,Escola Pública,7.558498337662337,7.5,8.607503607333333,7.51,7.5,5.0,9.5,8.0,,,7.936,10.0,,,PEDE2024,14.0,Fase 4 (9° ano),6.757958333,2010-02-09 00:00:00,8.072200721466668,Aluno-384,Cursando,7.625,0.0,,Fase 4 (9° ano)
RA-1156,4F,4F,,,11.0,Feminino,2023,Escola Pública,,7.5,7.821067821,7.51,2.0,6.0,0.0,0.0,,,7.5,10.0,,,PEDE2024,13.0,Fase 3 (7° e 8° ano),7.340775,2011-05-19 00:00:00,6.6777135642,Aluno-1156,Cursando,7.125,1.0,,Fase 3 (7° e 8° ano)
RA-1578,4F,4F,,,11.0,Feminino,2024,Escola Pública,,8.334,6.761695906666667,7.51,7.333333333333333,6.0,6.0,10.0,,,8.636,10.0,,,PEDE2024,13.0,Fase 3 (7° e 8° ano),,2010-12-29 00:00:00,7.880605848,Aluno-1578,Cursando,7.5,1.0,,Fase 3 (7° e 8° ano)
RA-388,4F,4F,,,14.0,Feminino,2021,Escola Pública,6.654070674842067,7.5,6.349206349,7.51,4.333333333333333,1.0,7.0,5.0,,,5.764,5.0,,,PEDE2024,16.0,Fase 5 (1° EM),5.630833333,2008-07-14 00:00:00,5.965307936466667,Aluno-388,Cursando,6.75,-1.0,,Fase 5 (1° EM)
RA-260,4F,4F,,,13.0,Feminino,2021,Escola Pública,7.439744423076924,8.751,9.674603174666666,7.51,7.0,7.5,5.5,8.0,,,8.502,10.0,,,PEDE2024,15.0,Fase 4 (9° ano),8.080008333,2009-11-05 00:00:00,8.448920634933334,Aluno-260,Cursando,7.875,0.0,,Fase 4 (9° ano)
RA-395,4F,4F,,,11.0,Feminino,2021,Escola Pública,7.682753058681186,8.751,6.921693121666666,6.26,4.333333333333333,2.5,5.5,5.0,,,8.464,10.0,,,PEDE2024,13.0,Fase 3 (7° e 8° ano),7.469175,2011-03-19 00:00:00,7.169905291000001,Aluno-395,Cursando,7.25,1.0,,Fase 3 (7° e 8° ano)
RA-262,4F,4F,,,15.0,Masculino,2021,Escola Privada,4.786323286324786,7.917,4.854560643666667,7.51,4.166666666666667,1.0,4.5,7.0,,,6.296,5.0,,,PEDE2024,17.0,Fase 6 (2° EM),4.406458333,2007-07-06 00:00:00,5.806145462066667,Aluno-262,Cursando,7.0,-2.0,,Fase 6 (2° EM)
RA-1579,4F,4F,,,14.0,Feminino,2022,Escola Pública,,8.751,9.090261886999999,5.635,7.166666666666667,7.5,6.0,8.0,,,9.272,5.0,,,PEDE2024,16.0,Fase 6 (2° EM),,2008-02-21 00:00:00,7.894385710733333,Aluno-1579,Cursando,8.5,-2.0,,Fase 6 (2° EM)
RA-1580,4F,4F,,,14.0,Masculino,2024,Escola Pública,,8.751,9.049953314666666,7.51,6.166666666666667,5.0,7.5,6.0,,,9.168,5.0,,,PEDE2024,16.0,Fase 5 (1° EM),,2008-07-18 00:00:00,7.790523996266667,Aluno-1580,Cursando,7.875,-1.0,,Fase 5 (1° EM)
RA-377,4F,4F,,,12.0,Feminino,2021,Escola Pública,6.742777235591996,9.168,7.698412698333333,7.51,5.166666666666667,4.0,6.5,5.0,,,7.634,10.0,,,PEDE2024,14.0,Fase 4 (9° ano),7.205041667,2010-02-25 00:00:00,7.480115873000001,Aluno-377,Cursando,7.125,0.0,,Fase 4 (9° ano)
RA-250,4H,4H,,,12.0,Feminino,2022,Escola Privada,7.958056222222224,9.168,9.629629629666667,6.88,9.166666666666666,10.0,7.5,10.0,,,8.95,10.0,,,PEDE2024,14.0,Fase 4 (9° ano),7.598208333,2010-05-30 00:00:00,9.049892592566668,Aluno-250,Cursando,8.958333333,0.0,,Fase 4 (9° ano)
RA-1581,4H,4H,,,14.0,Masculino,2024,Escola Pública,,8.334,7.834844760666667,6.26,6.333333333333333,7.0,4.5,7.5,,,7.386666667,5.0,,,PEDE2024,16.0,Fase 5 (1° EM),,2008-09-17 00:00:00,6.9787022855,Aluno-1581,Cursando,7.083333333,-1.0,,Fase 5 (1° EM)
RA-1582,4H,4H,,,13.0,Masculino,2024,Escola Pública,,8.334,8.069444444333334,6.255,4.5,7.0,2.0,4.5,,,6.666666667,5.0,,,PEDE2024,15.0,Fase 5 (1° EM),,2009-04-07 00:00:00,6.472788888966667,Aluno-1582,Cursando,6.666666667,-1.0,,Fase 5 (1° EM)
RA-1583,4H,4H,,,13.0,Feminino,2024,Escola Pública,,7.917,7.753623188333333,6.26,8.166666666666666,8.0,6.5,10.0,,,9.006666667,5.0,,,PEDE2024,15.0,Fase 5 (1° EM),,2009-02-02 00:00:00,7.8197579711000005,Aluno-1583,Cursando,9.166666667,-1.0,,Fase 5 (1° EM)
RA-450,4L,4L,,,13.0,Masculino,2021,Escola Pública,7.843149036414566,8.751,8.954191033333332,5.63,7.5,8.0,8.5,6.0,,,7.58,5.0,,,PEDE2024,15.0,Fase 5 (1° EM),6.819625,2009-03-14 00:00:00,7.526188206666666,Aluno-450,Cursando,7.8125,-1.0,,Fase 5 (1° EM)
RA-426,4L,4L,,,13.0,Feminino,2022,Escola Pública,6.350091965367965,7.917,7.9050567596666665,4.38,4.833333333333333,3.5,7.0,4.0,,,8.0,5.0,,,PEDE2024,15.0,Fase 5 (1° EM),6.329158333,2008-12-09 00:00:00,6.6430030186,Aluno-426,Cursando,7.65625,-1.0,,Fase 5 (1° EM)
RA-1584,4L,4L,,,13.0,Feminino,2024,Escola Pública,,8.334,9.153439153333332,7.51,5.5,6.0,5.5,5.0,,,8.1675,5.0,,,PEDE2024,15.0,Fase 5 (1° EM),,2009-04-22 00:00:00,7.429837830666667,Aluno-1584,Cursando,7.8125,-1.0,,Fase 5 (1° EM)
RA-313,4L,4L,,,13.0,Feminino,2022,Escola Pública,5.800078489240228,8.751,9.666666666666666,5.63,4.833333333333333,1.0,8.0,5.5,,,8.1675,5.0,,,PEDE2024,15.0,Fase 5 (1° EM),7.011091667,2008-11-18 00:00:00,7.2528500000000005,Aluno-313,Cursando,7.8125,-1.0,,Fase 5 (1° EM)
RA-467,4L,4L,,,13.0,Feminino,2022,Escola Pública,6.380177212121212,7.917,9.140350877333333,5.01,6.833333333333333,5.5,9.0,6.0,,,7.54,10.0,,,PEDE2024,15.0,Fase 4 (9° ano),6.552916667,2009-06-09 00:00:00,7.7298118421333335,Aluno-467,Cursando,7.34375,0.0,,Fase 4 (9° ano)
RA-1585,4L,4L,,,13.0,Feminino,2024,Escola Pública,,10.002,6.775210084333334,7.51,4.0,5.0,3.0,4.0,,,7.7925,5.0,,,PEDE2024,15.0,Fase 5 (1° EM),,2009-03-23 00:00:00,6.730367016866668,Aluno-1585,Cursando,7.65625,-1.0,,Fase 5 (1° EM)
RA-432,4L,4L,,,14.0,Feminino,2021,Escola Pública,6.339605488215488,7.501,10.0,6.26,5.5,5.0,6.0,5.5,,,7.2875,5.0,,,PEDE2024,16.0,Fase 5 (1° EM),6.850183333,2008-07-08 00:00:00,7.167975,Aluno-432,Cursando,7.34375,-1.0,,Fase 5 (1° EM)
RA-1586,4L,4L,,,13.0,Feminino,2024,Escola Pública,,10.002,6.128654970666666,5.01,5.666666666666667,3.5,5.5,8.0,,,7.54,5.0,,,PEDE2024,15.0,Fase 5 (1° EM),,2009-02-25 00:00:00,6.555764327466668,Aluno-1586,Cursando,6.875,-1.0,,Fase 5 (1° EM)
RA-470,4L,4L,,,13.0,Feminino,2021,Escola Pública,7.378176603174603,9.585,8.011695906666667,7.51,3.3333333333333335,3.5,4.0,2.5,,,6.4975,10.0,,,PEDE2024,15.0,Fase 4 (9° ano),6.993766667,2009-08-19 00:00:00,6.981130848,Aluno-470,Cursando,7.03125,0.0,,Fase 4 (9° ano)
RA-417,4L,4L,,,12.0,Feminino,2022,Escola Pública,8.427782,8.334,8.401559454333333,7.51,8.833333333333334,9.0,10.0,7.5,,,8.2925,10.0,,,PEDE2024,14.0,Fase 4 (9° ano),8.257658333,2009-12-04 00:00:00,8.533628557533333,Aluno-417,Cursando,8.4375,0.0,,Fase 4 (9° ano)
RA-407,4L,4L,,,13.0,Masculino,2022,Escola Pública,7.195372592592593,8.334,7.614522417333333,6.26,3.6666666666666665,2.0,5.0,4.0,,,7.875,10.0,,,PEDE2024,15.0,Fase 4 (9° ano),7.665083333,2009-07-16 00:00:00,7.0875128168,Aluno-407,Cursando,7.96875,0.0,,Fase 4 (9° ano)
RA-1587,4L,4L,,,14.0,Feminino,2024,Escola Pública,,9.168,10.0,7.51,3.75,7.5,0.0,,,,8.2075,5.0,,,PEDE2024,16.0,Fase 6 (2° EM),,2008-01-10 00:00:00,7.34055,Aluno-1587,Cursando,7.8125,-2.0,,Fase 6 (2° EM)
RA-1588,4L,4L,,,12.0,Feminino,2024,Escola Pública,,7.917,8.640618640666666,7.51,4.0,3.5,4.5,,,,7.415,10.0,,,PEDE2024,14.0,Fase 4 (9° ano),,2010-06-02 00:00:00,7.303823728133333,Aluno-1588,Cursando,7.5,0.0,,Fase 4 (9° ano)
RA-424,4L,4L,,,12.0,Feminino,2022,Escola Pública,7.940280666666667,8.334,9.616228070333333,7.51,3.3333333333333335,2.0,6.0,2.0,,,7.1625,10.0,,,PEDE2024,14.0,Fase 4 (9° ano),7.72685,2010-05-09 00:00:00,7.341187280733334,Aluno-424,Cursando,7.34375,0.0,,Fase 4 (9° ano)
RA-1193,4L,4L,,,13.0,Feminino,2023,Escola Pública,,8.751,7.763157895,5.635,4.0,3.0,6.0,3.0,,,7.79,5.0,,,PEDE2024,15.0,Fase 5 (1° EM),6.018083333,2009-01-03 00:00:00,6.6304815790000005,Aluno-1193,Cursando,7.8125,-1.0,,Fase 5 (1° EM)
RA-411,4M,4M,,,12.0,Feminino,2021,Escola Privada,7.2323363079922025,7.083,9.148148147999999,5.635,4.833333333333333,3.5,7.0,4.0,,,7.4125,10.0,,,PEDE2024,14.0,Fase 4 (9° ano),7.779983333,2010-05-13 00:00:00,7.279762962966667,Aluno-411,Cursando,7.291666667,0.0,,Fase 4 (9° ano)
RA-412,4M,4M,,,12.0,Feminino,2021,Escola Pública,7.5555417556855105,8.334,8.456140351,6.26,7.333333333333333,8.0,6.0,8.0,,,8.125,10.0,,,PEDE2024,14.0,Fase 4 (9° ano),7.373891667,2010-04-26 00:00:00,8.044378070166667,Aluno-412,Cursando,8.020833333,0.0,,Fase 4 (9° ano)
RA-428,4M,4M,,,12.0,Masculino,2022,Escola Pública,7.68295498989899,9.168,8.898245614,5.635,5.0,3.0,4.0,8.0,,,7.625,10.0,,,PEDE2024,14.0,Fase 4 (9° ano),7.821816667,2009-12-07 00:00:00,7.534949122800001,Aluno-428,Cursando,7.5,0.0,,Fase 4 (9° ano)
RA-315,4M,4M,,,13.0,Feminino,2022,Escola Pública,5.671800072463768,0.0,5.918518518666667,7.51,6.833333333333333,6.5,6.5,7.5,,,7.6275,5.0,,,PEDE2024,15.0,Fase 5 (1° EM),5.977708333,2009-04-03 00:00:00,6.0768703704,Aluno-315,Cursando,7.5,-1.0,,Fase 5 (1° EM)
RA-442,4M,4M,,,11.0,Feminino,2022,Escola Pública,8.226391777777778,8.334,5.9151960783333335,5.635,5.0,4.5,7.0,3.5,,,7.8775,10.0,,,PEDE2024,13.0,Fase 3 (7° e 8° ano),6.814166667,2011-01-02 00:00:00,6.905439215666667,Aluno-442,Cursando,7.5,1.0,,Fase 3 (7° e 8° ano)
RA-301,4M,4M,,,13.0,Feminino,2021,Escola Pública,6.802149357015729,9.168,7.4947368423333325,7.51,9.0,10.0,9.0,8.0,,,8.21,10.0,,,PEDE2024,15.0,Fase 4 (9° ano),6.760341667,2009-07-11 00:00:00,8.410830701766667,Aluno-301,Cursando,8.020833333,0.0,,Fase 4 (9° ano)
RA-1163,4M,4M,,,13.0,Masculino,2023,Escola Pública,,8.334,9.824561403666666,7.51,7.833333333333333,9.5,6.5,7.5,,,8.755,10.0,,,PEDE2024,15.0,Fase 4 (9° ano),7.749391667,2009-07-24 00:00:00,8.6794789474,Aluno-1163,Cursando,8.125,0.0,,Fase 4 (9° ano)
RA-402,4M,4M,,,12.0,Feminino,2021,Escola Pública,5.261113333333334,7.5,3.074074074,6.26,4.166666666666667,3.0,3.5,6.0,,,6.1175,10.0,,,PEDE2024,14.0,Fase 4 (9° ano),6.632716667,2010-01-30 00:00:00,5.683064814833333,Aluno-402,Cursando,6.354166667,0.0,,Fase 4 (9° ano)
RA-1589,4M,4M,,,13.0,Feminino,2024,Escola Pública,,0.0,6.259259259333334,7.51,2.5,3.0,2.0,,,,7.54,5.0,,,PEDE2024,15.0,Fase 5 (1° EM),,2009-03-07 00:00:00,5.260851851866667,Aluno-1589,Cursando,7.5,-1.0,,Fase 5 (1° EM)
RA-1162,4M,4M,,,12.0,Feminino,2023,Escola Pública,,7.917,9.135672514666666,6.26,5.666666666666667,4.0,7.5,5.5,,,7.0375,10.0,,,PEDE2024,14.0,Fase 4 (9° ano),7.44215,2009-11-27 00:00:00,7.473167836266667,Aluno-1162,Cursando,6.875,0.0,,Fase 4 (9° ano)
RA-471,4M,4M,,,12.0,Feminino,2021,Escola Pública,6.535165330634278,0.0,7.027568922333333,7.51,5.5,4.0,5.5,7.0,,,8.0425,10.0,,,PEDE2024,14.0,Fase 4 (9° ano),6.855541667,2009-12-07 00:00:00,6.635847117766667,Aluno-471,Cursando,7.708333333,0.0,,Fase 4 (9° ano)
RA-416,4M,4M,,,12.0,Masculino,2021,Escola Privada,7.912811530864198,8.751,8.972709551666666,7.51,8.0,8.0,7.5,8.5,,,9.13,10.0,,,PEDE2024,14.0,Fase 3 (7° e 8° ano),8.144425,2010-08-31 00:00:00,8.700808577033333,Aluno-416,Cursando,8.541666667,1.0,,Fase 3 (7° e 8° ano)
RA-303,4M,4M,,,14.0,Masculino,2021,Escola Pública,6.0302058333333335,8.751,3.9520467836666664,7.51,5.666666666666667,5.0,5.0,7.0,,,7.535,5.0,,,PEDE2024,16.0,Fase 6 (2° EM),5.914291667,2008-03-29 00:00:00,6.2443426900666665,Aluno-303,Cursando,6.875,-2.0,,Fase 6 (2° EM)
RA-418,4M,4M,,,10.0,Feminino,2021,Escola Privada,8.175157209876545,8.751,10.0,7.51,9.333333333333334,9.5,8.5,10.0,,,9.0475,10.0,,,PEDE2024,12.0,Fase 3 (7° e 8° ano),8.1686,2012-03-09 00:00:00,9.125183333366667,Aluno-418,Cursando,8.229166667,1.0,,Fase 3 (7° e 8° ano)
RA-419,4M,4M,,,12.0,Feminino,2021,Escola Privada,7.35895350617284,7.083,9.382456140666667,6.26,8.166666666666666,6.5,8.0,10.0,,,8.5475,10.0,,,PEDE2024,14.0,Fase 3 (7° e 8° ano),7.7261,2010-10-04 00:00:00,8.355707894766669,Aluno-419,Cursando,8.020833333,1.0,,Fase 3 (7° e 8° ano)
RA-420,4M,4M,,,11.0,Feminino,2021,Escola Privada,7.460804469135802,8.334,9.557894737,6.26,4.0,3.0,4.5,4.5,,,7.96,10.0,,,PEDE2024,13.0,Fase 3 (7° e 8° ano),7.356358333,2011-04-03 00:00:00,7.544228947400001,Aluno-420,Cursando,7.8125,1.0,,Fase 3 (7° e 8° ano)
RA-1166,4M,4M,,,14.0,Feminino,2023,Escola Pública,,8.334,8.498245614,6.26,6.333333333333333,5.0,7.0,7.0,,,8.625,5.0,,,PEDE2024,16.0,Fase 5 (1° EM),7.307858333,2008-10-23 00:00:00,7.452799122766667,Aluno-1166,Cursando,8.020833333,-1.0,,Fase 5 (1° EM)
RA-425,4M,4M,,,12.0,Masculino,2022,Escola Pública,8.116668666666667,10.002,10.0,6.26,9.0,10.0,7.5,9.5,,,8.8375,10.0,,,PEDE2024,14.0,Fase 4 (9° ano),8.10555,2010-01-21 00:00:00,9.016616666700001,Aluno-425,Cursando,8.229166667,0.0,,Fase 4 (9° ano)
RA-1590,4N,4N,,,13.0,Feminino,2024,Escola Pública,,7.917,8.267770876333332,7.51,8.666666666666666,8.5,8.0,9.5,,,8.806,5.0,,,PEDE2024,15.0,Fase 5 (1° EM),,2009-02-28 00:00:00,8.1907875086,Aluno-1590,Cursando,10.0,-1.0,,Fase 5 (1° EM)
RA-1591,4N,4N,,,14.0,Feminino,2024,Escola Pública,,7.083,6.430976431,7.51,3.5,3.0,4.5,3.0,,,7.064,5.0,,,PEDE2024,16.0,Fase 6 (2° EM),,2007-11-12 00:00:00,6.1707952862,Aluno-1591,Cursando,8.125,-2.0,,Fase 6 (2° EM)
RA-273,4N,4N,,,14.0,Feminino,2021,Escola Pública,5.679047285714286,9.168,7.323153899,6.26,4.5,3.0,6.5,4.0,,,6.896,5.0,,,PEDE2024,16.0,Fase 5 (1° EM),6.337116667,2008-10-27 00:00:00,6.5991307798,Aluno-273,Cursando,8.125,-1.0,,Fase 5 (1° EM)
RA-1592,4N,4N,,,13.0,Feminino,2024,Escola Pública,,7.917,6.854727398333334,7.51,5.5,4.0,7.5,5.0,,,7.432,5.0,,,PEDE2024,15.0,Fase 5 (1° EM),,2009-06-04 00:00:00,6.812545479666667,Aluno-1592,Cursando,8.125,-1.0,,Fase 5 (1° EM)
RA-457,4N,4N,,,12.0,Feminino,2022,Escola Pública,7.680083750915751,8.334,8.743961352333335,7.51,8.666666666666666,8.0,8.0,10.0,,,7.77,10.0,,,PEDE2024,14.0,Fase 3 (7° e 8° ano),8.256833333,2010-07-23 00:00:00,8.5892756038,Aluno-457,Cursando,9.6875,1.0,,Fase 3 (7° e 8° ano)
RA-305,4N,4N,,,14.0,Masculino,2021,Escola Pública,6.05804740909091,8.334,7.898550724666666,6.26,4.833333333333333,3.0,3.0,8.5,,,7.03,5.0,,,PEDE2024,16.0,Fase 5 (1° EM),6.394291667,2008-10-19 00:00:00,6.693026811600001,Aluno-305,Cursando,7.8125,-1.0,,Fase 5 (1° EM)
RA-421,4N,4N,,,11.0,Masculino,2021,Escola Pública,8.716975028083027,8.751,9.540744978333334,7.51,6.666666666666667,5.0,6.0,9.0,,,8.572,10.0,,,PEDE2024,13.0,Fase 3 (7° e 8° ano),8.030716667,2011-02-11 00:00:00,8.488232329,Aluno-421,Cursando,9.0625,1.0,,Fase 3 (7° e 8° ano)
RA-1169,4N,4N,,,13.0,Feminino,2023,Escola Pública,,6.25,8.444444444333334,5.635,6.833333333333333,6.0,6.5,8.0,,,6.8,5.0,,,PEDE2024,15.0,Fase 5 (1° EM),7.213625,2009-01-05 00:00:00,6.885305555533334,Aluno-1169,Cursando,7.8125,-1.0,,Fase 5 (1° EM)
RA-1593,4N,4N,,,13.0,Masculino,2024,Escola Pública,,6.249,4.868875086666667,6.26,6.5,9.0,6.5,4.0,,,8.538,5.0,,,PEDE2024,15.0,Fase 5 (1° EM),,2008-11-15 00:00:00,6.638525017333334,Aluno-1593,Cursando,9.0625,-1.0,,Fase 5 (1° EM)
RA-1594,4N,4N,,,14.0,Masculino,2024,Escola Pública,,9.585,6.112836439,6.26,3.0,1.0,4.0,4.0,,,5.996,5.0,,,PEDE2024,16.0,Fase 6 (2° EM),,2008-02-28 00:00:00,5.731267287800001,Aluno-1594,Cursando,6.25,-2.0,,Fase 6 (2° EM)
RA-283,4N,4N,,,14.0,Masculino,2021,Escola Pública,7.130972888888889,8.751,9.761904762,6.885,8.0,6.5,8.0,9.5,,,7.736,5.0,,,PEDE2024,16.0,Fase 6 (2° EM),7.549025,2008-06-27 00:00:00,7.9444309524,Aluno-283,Cursando,7.8125,-2.0,,Fase 6 (2° EM)
RA-459,4N,4N,,,12.0,Masculino,2021,Escola Pública,7.280371036414566,7.917,8.454106280333333,5.635,4.666666666666667,0.0,6.0,8.0,,,7.366,10.0,,,PEDE2024,14.0,Fase 4 (9° ano),8.240016667,2010-04-20 00:00:00,7.233804589400001,Aluno-459,Cursando,7.8125,0.0,,Fase 4 (9° ano)
RA-454,4R,4R,,,15.0,Masculino,2021,Escola Pública,5.561111555555557,9.585,6.633138401666667,6.255,3.6666666666666665,3.0,2.0,6.0,,,5.833333333,5.0,,,PEDE2024,17.0,Fase 6 (2° EM),4.603416667,2007-09-18 00:00:00,5.8522943469666675,Aluno-454,Cursando,5.416666667,-2.0,,Fase 6 (2° EM)
RA-1595,4R,4R,,,12.0,Masculino,2024,Escola Pública,,8.334,7.949735449666666,6.26,2.3333333333333335,3.0,0.0,4.0,,,7.021666667,10.0,,,PEDE2024,14.0,Fase 4 (9° ano),,2010-02-23 00:00:00,6.6599304233000005,Aluno-1595,Cursando,7.395833333,0.0,,Fase 4 (9° ano)
RA-1596,4R,4R,,,15.0,Feminino,2024,Escola Pública,,8.751,10.0,7.51,3.3333333333333335,5.0,0.0,5.0,,,8.226666667,5.0,,,PEDE2024,17.0,Fase 6 (2° EM),,2007-07-07 00:00:00,7.261016666766667,Aluno-1596,Cursando,8.229166667,-2.0,,Fase 6 (2° EM)
RA-170,4R,4R,,,14.0,Feminino,2021,Escola Privada,7.006941758454106,9.168,8.5,5.635,8.0,10.0,6.5,7.5,,,8.028333333,5.0,,,PEDE2024,16.0,Fase 5 (1° EM),7.062433333,2008-10-23 00:00:00,7.646383333300001,Aluno-170,Cursando,7.604166667,-1.0,,Fase 5 (1° EM)
RA-1597,4R,4R,,,14.0,Feminino,2024,Escola Pública,,7.5,8.412698412666666,7.51,2.8333333333333335,2.0,0.0,6.5,,,8.28,5.0,,,PEDE2024,16.0,Fase 5 (1° EM),,2008-06-01 00:00:00,6.7187063492,Aluno-1597,Cursando,8.125,-1.0,,Fase 5 (1° EM)
RA-1171,4R,4R,,,13.0,Masculino,2023,Escola Pública,,8.334,7.230158729999999,7.51,7.5,5.0,9.5,8.0,,,8.643333333,5.0,,,PEDE2024,15.0,Fase 5 (1° EM),7.856033333,2009-04-24 00:00:00,7.6236817459,Aluno-1171,Cursando,8.645833333,-1.0,,Fase 5 (1° EM)
RA-116,5A,5A,,,16.0,Feminino,2021,Escola Pública,6.854039584291188,8.334,7.535353535666666,5.635,4.5,6.5,2.0,5.0,,,6.73,5.0,,,PEDE2024,18.0,Fase 7 (3° EM),6.433075,2006-08-31 00:00:00,6.337470707133334,Aluno-116,Cursando,6.875,-2.0,,Fase 7 (3° EM)
RA-217,5A,5A,,,15.0,Feminino,2021,Escola Privada,7.3965272777777775,8.334,8.917748917666666,6.26,7.833333333333333,9.0,7.0,7.5,,,6.994,5.0,,,PEDE2024,17.0,Fase 6 (2° EM),6.96965,2007-11-06 00:00:00,7.4209164502,Aluno-217,Cursando,7.125,-1.0,,Fase 6 (2° EM)
RA-103,5A,5A,,,13.0,Feminino,2021,Escola Privada,8.107440578115117,8.334,9.603174603333335,6.26,9.166666666666666,9.0,9.0,9.5,,,8.872,10.0,,,PEDE2024,15.0,Fase 5 (1° EM),8.0239,2009-05-17 00:00:00,8.775268254,Aluno-103,Cursando,7.875,0.0,,Fase 5 (1° EM)
RA-178,5A,5A,,,14.0,Feminino,2021,Escola Privada,7.024874570707071,9.585,8.739177489333334,6.26,4.166666666666667,2.5,2.5,7.5,,,6.53,10.0,,,PEDE2024,16.0,Fase 5 (1° EM),7.406658333,2008-10-05 00:00:00,7.234168831200001,Aluno-178,Cursando,7.625,0.0,,Fase 5 (1° EM)
RA-1172,5A,5A,,,15.0,Feminino,2023,Escola Pública,,7.5,6.0634920633333325,6.26,3.3333333333333335,0.0,5.0,5.0,,,6.196,5.0,,,PEDE2024,17.0,Fase 6 (2° EM),7.030108333,2007-08-27 00:00:00,5.719565079333334,Aluno-1172,Cursando,7.25,-1.0,,Fase 6 (2° EM)
RA-180,5A,5A,,,12.0,Masculino,2021,Escola Privada,8.441663515948964,9.168,9.431818181666666,7.51,8.5,9.0,8.5,8.0,,,8.674,10.0,,,PEDE2024,14.0,Fase 3 (7° e 8° ano),8.283216667,2010-09-22 00:00:00,8.801463636333335,Aluno-180,Cursando,8.125,2.0,,Fase 3 (7° e 8° ano)
RA-181,5A,5A,,,13.0,Feminino,2021,Escola Privada,8.622797438146648,7.5,8.737373737333334,6.26,4.333333333333333,0.0,7.5,5.5,,,8.436,10.0,,,PEDE2024,15.0,Fase 5 (1° EM),7.671208333,2009-03-01 00:00:00,7.439841414133334,Aluno-181,Cursando,7.625,0.0,,Fase 5 (1° EM)
RA-121,5A,5A,,,15.0,Feminino,2021,Escola Pública,7.244678043887148,8.751,8.152958153,6.26,8.833333333333334,7.5,9.0,10.0,,,6.764,5.0,,,PEDE2024,17.0,Fase 7 (3° EM),6.811875,2006-11-12 00:00:00,7.476158297266668,Aluno-121,Cursando,7.25,-2.0,,Fase 7 (3° EM)
RA-211,5A,5A,,,13.0,Masculino,2021,Escola Privada,8.464935044778892,9.585,9.379509379666667,7.51,7.0,5.5,6.5,9.0,,,7.866,10.0,,,PEDE2024,15.0,Fase 5 (1° EM),8.024791667,2009-06-15 00:00:00,8.283601875933334,Aluno-211,Cursando,7.25,0.0,,Fase 5 (1° EM)
RA-1198,5A,5A,,,15.0,Feminino,2023,Escola Pública,,8.751,9.458874459,7.51,3.5,0.0,1.0,9.5,,,7.332,5.0,,,PEDE2024,17.0,Fase 6 (2° EM),7.515233333,2007-08-11 00:00:00,6.9217748918,Aluno-1198,Cursando,7.375,-1.0,,Fase 6 (2° EM)
RA-110,5A,5A,,,14.0,Masculino,2021,Escola Privada,8.149929726333543,9.168,9.696969697,6.255,8.5,10.0,7.0,8.5,,,8.504,10.0,,,PEDE2024,16.0,Fase 5 (1° EM),8.0879,2008-07-19 00:00:00,8.6324939394,Aluno-110,Cursando,7.5,0.0,,Fase 5 (1° EM)
RA-189,5A,5A,,,13.0,Masculino,2021,Escola Privada,7.628620754385966,10.002,10.0,6.255,8.166666666666666,7.0,7.5,10.0,,,8.2,10.0,,,PEDE2024,15.0,Fase 5 (1° EM),7.727325,2008-12-23 00:00:00,8.586533333333334,Aluno-189,Cursando,6.875,0.0,,Fase 5 (1° EM)
RA-127,5A,5A,,,14.0,Feminino,2022,Escola Privada,8.28325764036921,8.751,9.488636363666666,7.51,7.833333333333333,10.0,3.5,10.0,,,8.538,10.0,,,PEDE2024,16.0,Fase 5 (1° EM),7.91935,2008-07-18 00:00:00,8.5605939394,Aluno-127,Cursando,7.625,0.0,,Fase 5 (1° EM)
RA-115,5A,5A,,,15.0,Feminino,2021,Escola Pública,5.885500876499922,7.917,4.164756812,6.26,4.166666666666667,6.5,4.5,1.5,,,5.726,5.0,,,PEDE2024,17.0,Fase 7 (3° EM),6.319141667,2006-11-18 00:00:00,5.404184695733334,Aluno-115,Cursando,6.75,-2.0,,Fase 7 (3° EM)
RA-215,5B,5B,,,13.0,Feminino,2021,Escola Pública,7.171874500000001,7.084,6.455627705333334,6.26,5.666666666666667,5.0,2.0,10.0,,,7.432,10.0,,,PEDE2024,15.0,Fase 5 (1° EM),7.166475,2009-02-21 00:00:00,7.045258874400002,Aluno-215,Cursando,8.0,0.0,,Fase 5 (1° EM)
RA-1598,5B,5B,,,13.0,Feminino,2024,Escola Pública,,9.585,8.857142857,7.51,7.5,7.5,7.5,,,,8.236,10.0,,,PEDE2024,15.0,Fase 5 (1° EM),,2009-02-27 00:00:00,8.4656285714,Aluno-1598,Cursando,8.375,0.0,,Fase 5 (1° EM)
RA-1174,5B,5B,,,14.0,Feminino,2023,Escola Pública,,8.751,8.349567099333333,6.26,5.0,5.0,3.0,7.0,,,7.266,10.0,,,PEDE2024,16.0,Fase 5 (1° EM),7.333591667,2008-10-19 00:00:00,7.374213419866667,Aluno-1174,Cursando,7.5,0.0,,Fase 5 (1° EM)
RA-192,5B,5B,,,15.0,Masculino,2021,Escola Privada,4.9321151079328756,8.334,6.363636363666667,7.51,7.166666666666667,4.0,7.5,10.0,,,6.9,5.0,,,PEDE2024,17.0,Fase 7 (3° EM),6.616016667,2007-01-16 00:00:00,6.882960606066668,Aluno-192,Cursando,7.125,-2.0,,Fase 7 (3° EM)
RA-220,5B,5B,,,13.0,Feminino,2022,Escola Pública,7.027986444444445,8.751,8.198051948,6.26,6.833333333333333,8.0,3.5,9.0,,,7.332,10.0,,,PEDE2024,15.0,Fase 5 (1° EM),7.102016667,2009-01-30 00:00:00,7.6987770562666675,Aluno-220,Cursando,7.25,0.0,,Fase 5 (1° EM)
RA-186,5B,5B,,,13.0,Feminino,2021,Escola Privada,7.831592958621301,7.917,9.640151515,6.26,7.166666666666667,6.0,7.0,8.5,,,8.672,10.0,,,PEDE2024,15.0,Fase 4 (9° ano),7.817541667,2009-07-10 00:00:00,8.325963636333334,Aluno-186,Cursando,8.125,1.0,,Fase 4 (9° ano)
RA-1181,5B,5B,,,13.0,Feminino,2023,Escola Pública,,9.168,5.036075036,6.26,3.8333333333333335,1.0,1.0,9.5,,,5.862,10.0,,,PEDE2024,15.0,Fase 5 (1° EM),6.971266667,2009-01-05 00:00:00,6.2015816738666665,Aluno-1181,Cursando,7.125,0.0,,Fase 5 (1° EM)
RA-1599,5B,5B,,,15.0,Feminino,2024,Escola Pública,,8.334,9.666666666666666,7.51,6.5,7.0,6.0,,,,7.566,5.0,,,PEDE2024,17.0,Fase 7 (3° EM),,2006-11-19 00:00:00,7.6059333333333345,Aluno-1599,Cursando,7.75,-2.0,,Fase 7 (3° EM)
RA-111,5B,5B,,,13.0,Feminino,2021,Escola Privada,8.645932539215686,9.168,9.488636363666666,6.26,8.333333333333334,8.0,7.0,10.0,,,8.74,10.0,,,PEDE2024,15.0,Fase 5 (1° EM),7.566458333,2009-06-27 00:00:00,8.667693939400001,Aluno-111,Cursando,8.125,0.0,,Fase 5 (1° EM)
RA-1600,5B,5B,,,15.0,Feminino,2024,Escola Pública,,8.751,8.425925926,6.26,5.666666666666667,5.0,2.0,10.0,,,6.03,5.0,,,PEDE2024,17.0,Fase 7 (3° EM),,2007-06-08 00:00:00,6.750618518533334,Aluno-1600,Cursando,7.25,-2.0,,Fase 7 (3° EM)
RA-1601,5C,5C,,,15.0,Feminino,2024,Escola Pública,,8.751,7.0,7.51,6.5,5.0,5.0,9.5,,,8.335,5.0,,,PEDE2024,17.0,Fase 6 (2° EM),,2007-10-08 00:00:00,7.2431,Aluno-1601,Cursando,7.5,-1.0,,Fase 6 (2° EM)
RA-176,5C,5C,,,13.0,Feminino,2021,Escola Privada,8.427269800194932,9.585,9.545454545333333,6.26,8.833333333333334,9.0,8.0,9.5,,,8.545,10.0,,,PEDE2024,15.0,Fase 4 (9° ano),8.316833333,2009-08-28 00:00:00,8.828632575733334,Aluno-176,Cursando,8.59375,1.0,,Fase 4 (9° ano)
RA-1602,5C,5C,,,13.0,Feminino,2024,Escola Pública,,7.917,8.782407407333332,7.51,7.166666666666667,9.5,2.0,10.0,,,7.875,10.0,,,PEDE2024,15.0,Fase 5 (1° EM),,2009-05-09 00:00:00,8.041889814800001,Aluno-1602,Cursando,7.34375,0.0,,Fase 5 (1° EM)
RA-1603,5C,5C,,,14.0,Feminino,2024,Escola Pública,,7.5,9.259259258999998,7.51,8.333333333333334,8.5,7.0,9.5,,,7.835,5.0,,,PEDE2024,16.0,Fase 6 (2° EM),,2008-02-13 00:00:00,7.836518518466668,Aluno-1603,Cursando,7.5,-1.0,,Fase 6 (2° EM)
RA-1604,5C,5C,,,14.0,Masculino,2024,Escola Pública,,9.168,7.777777778,7.51,8.5,10.0,5.5,10.0,,,8.88,5.0,,,PEDE2024,16.0,Fase 6 (2° EM),,2008-02-22 00:00:00,8.0118555556,Aluno-1604,Cursando,8.125,-1.0,,Fase 6 (2° EM)
RA-193,5C,5C,,,12.0,Masculino,2021,Escola Privada,8.155073214424952,8.751,9.848484848333333,6.26,7.0,6.5,4.5,10.0,,,8.7525,10.0,,,PEDE2024,14.0,Fase 4 (9° ano),7.718566667,2010-02-17 00:00:00,8.465046969666668,Aluno-193,Cursando,8.4375,1.0,,Fase 4 (9° ano)
RA-195,5C,5C,,,13.0,Feminino,2021,Escola Privada,8.016570200779729,7.5,9.682539682666667,6.26,7.833333333333333,9.0,6.5,8.0,,,8.965,10.0,,,PEDE2024,15.0,Fase 4 (9° ano),7.60205,2009-10-12 00:00:00,8.4690496032,Aluno-195,Cursando,7.96875,1.0,,Fase 4 (9° ano)
RA-196,5C,5C,,,12.0,Masculino,2021,Escola Privada,8.124397285239297,8.751,9.689754689666666,7.51,8.0,8.0,7.0,9.0,,,8.9225,10.0,,,PEDE2024,14.0,Fase 4 (9° ano),7.560991667,2010-01-23 00:00:00,8.823550937933334,Aluno-196,Cursando,8.75,1.0,,Fase 4 (9° ano)
RA-197,5C,5C,,,12.0,Feminino,2021,Escola Privada,8.217507976608186,7.5,9.848484848333333,6.26,8.333333333333334,7.0,8.0,10.0,,,8.795,10.0,,,PEDE2024,14.0,Fase 5 (1° EM),7.967608333,2009-12-19 00:00:00,8.568238636333334,Aluno-197,Cursando,7.96875,0.0,,Fase 5 (1° EM)
RA-229,5C,5C,,,12.0,Masculino,2022,Escola Privada,8.62014138888889,9.585,9.841269841333334,5.635,8.833333333333334,9.5,7.0,10.0,,,8.8375,10.0,,,PEDE2024,14.0,Fase 4 (9° ano),8.207591667,2010-04-09 00:00:00,8.852545634933334,Aluno-229,Cursando,8.28125,1.0,,Fase 4 (9° ano)
RA-202,5C,5C,,,14.0,Feminino,2021,Escola Pública,5.201146520702537,8.334,7.880952381,6.26,7.5,8.5,6.0,8.0,,,7.75,5.0,,,PEDE2024,16.0,Fase 6 (2° EM),6.791641667,2008-06-02 00:00:00,7.3512154762,Aluno-202,Cursando,7.65625,-1.0,,Fase 6 (2° EM)
RA-1176,5C,5C,,,12.0,Masculino,2023,Escola Privada,,8.751,9.682539682666667,6.26,9.166666666666666,10.0,8.0,9.5,,,8.9225,10.0,,,PEDE2024,14.0,Fase 4 (9° ano),8.881483333,2010-05-23 00:00:00,8.914816269866666,Aluno-1176,Cursando,8.59375,1.0,,Fase 4 (9° ano)
RA-1177,5C,5C,,,13.0,Feminino,2023,Escola Pública,,8.751,9.824561403666666,6.26,7.333333333333333,9.5,5.5,7.0,,,8.125,10.0,,,PEDE2024,15.0,Fase 5 (1° EM),8.345491667,2008-11-15 00:00:00,8.3233039474,Aluno-1177,Cursando,7.65625,0.0,,Fase 5 (1° EM)
RA-146,5D,5D,,,15.0,Feminino,2022,Escola Pública,7.946686340802987,8.751,9.514316093333333,5.635,9.333333333333334,9.0,9.0,10.0,,,8.304,5.0,,,PEDE2024,17.0,Fase 7 (3° EM),7.584483333,2007-06-06 00:00:00,8.134554885333333,Aluno-146,Cursando,7.65625,-2.0,,Fase 7 (3° EM)
RA-1199,5D,5D,,,16.0,Masculino,2023,Outros,,7.5,8.571428571333334,5.005,9.0,10.0,7.0,10.0,,,8.466,5.0,,,PEDE2024,18.0,Fase 7 (3° EM),7.024933333,2006-01-11 00:00:00,7.614235714266666,Aluno-1199,Cursando,6.5625,-2.0,,Fase 7 (3° EM)
RA-1178,5D,5D,,,15.0,Masculino,2023,Escola Pública,,8.751,9.682539682666667,6.26,8.333333333333334,9.0,8.0,8.0,,,8.696,5.0,,,PEDE2024,17.0,Fase 6 (2° EM),7.066475,2007-05-01 00:00:00,8.0934746032,Aluno-1178,Cursando,7.5,-1.0,,Fase 6 (2° EM)
RA-149,5D,5D,,,15.0,Feminino,2022,Escola Pública,6.322651405982906,9.585,4.104378593666667,6.26,3.8333333333333335,0.0,6.5,5.0,,,6.626,5.0,,,PEDE2024,17.0,Fase 7 (3° EM),5.622266667,2007-02-05 00:00:00,5.7316173854,Aluno-149,Cursando,7.34375,-2.0,,Fase 7 (3° EM)
RA-1605,5D,5D,,,14.0,Masculino,2024,Escola Pública,,0.0,5.0694444443333335,7.51,2.5,0.0,7.5,0.0,,,7.028,5.0,,,PEDE2024,16.0,Fase 6 (2° EM),,2008-06-05 00:00:00,4.920488888866667,Aluno-1605,Cursando,7.5,-1.0,,Fase 6 (2° EM)
RA-107,5D,5D,,,14.0,Feminino,2021,Escola Pública,6.258056446780273,7.5,7.9949874686666655,7.51,4.666666666666667,0.0,4.5,9.5,,,6.964,5.0,,,PEDE2024,16.0,Fase 6 (2° EM),6.845208333,2007-11-25 00:00:00,6.676130827066667,Aluno-107,Cursando,7.5,-1.0,,Fase 6 (2° EM)
RA-184,5D,5D,,,12.0,Masculino,2021,Escola Privada,7.2799257424242425,8.751,8.696741854666667,6.26,8.166666666666666,9.5,5.0,10.0,,,9.004,10.0,,,PEDE2024,14.0,Fase 4 (9° ano),8.430241667,2010-03-27 00:00:00,8.471456704266666,Aluno-184,Cursando,7.96875,1.0,,Fase 4 (9° ano)
RA-1606,5D,5D,,,15.0,Feminino,2024,Escola Pública,,8.334,5.148148148,7.51,2.5,7.5,0.0,0.0,,,7.132,5.0,,,PEDE2024,17.0,Fase 7 (3° EM),,2006-12-17 00:00:00,5.8216796296,Aluno-1606,Cursando,7.8125,-2.0,,Fase 7 (3° EM)
RA-1607,5D,5D,,,14.0,Masculino,2024,Escola Pública,,5.833,6.222222222333333,5.635,0.0,,0.0,0.0,,,6.762,5.0,,,PEDE2024,16.0,Fase 6 (2° EM),,2008-02-28 00:00:00,4.899894444466667,Aluno-1607,Cursando,6.5625,-1.0,,Fase 6 (2° EM)
RA-1608,5D,5D,,,13.0,Masculino,2024,Escola Pública,,8.751,7.199074074333335,7.51,5.0,8.5,3.5,3.0,,,6.83,10.0,,,PEDE2024,15.0,Fase 5 (1° EM),,2009-04-19 00:00:00,7.072539814866667,Aluno-1608,Cursando,6.40625,0.0,,Fase 5 (1° EM)
RA-1173,5D,5D,,,13.0,Masculino,2023,Escola Pública,,9.168,9.665831245,7.51,5.833333333333333,6.0,7.5,4.0,,,8.2,10.0,,,PEDE2024,15.0,Fase 5 (1° EM),7.67285,2009-05-31 00:00:00,8.220132915666667,Aluno-1173,Cursando,8.125,0.0,,Fase 5 (1° EM)
RA-237,5F,5F,,,14.0,Feminino,2022,Escola Privada,8.083730668737061,8.751,9.689754689666666,6.26,7.666666666666667,6.0,7.0,10.0,,,8.336666667,5.0,,,PEDE2024,16.0,Fase 6 (2° EM),7.436566667,2008-06-25 00:00:00,7.931384271366667,Aluno-237,Cursando,7.916666667,-1.0,,Fase 6 (2° EM)
RA-147,5F,5F,,,14.0,Feminino,2022,Escola Pública,7.540822106753813,8.334,9.277056277,7.51,6.166666666666667,6.0,2.5,10.0,,,7.386666667,5.0,,,PEDE2024,16.0,Fase 6 (2° EM),5.5425,2008-03-19 00:00:00,7.400477922133334,Aluno-147,Cursando,7.5,-1.0,,Fase 6 (2° EM)
RA-131,5F,5F,,,15.0,Feminino,2021,Escola Pública,7.174196928571429,8.751,9.444444444666667,7.51,5.0,4.0,5.0,6.0,,,7.386666667,5.0,,,PEDE2024,17.0,Fase 7 (3° EM),5.952358333,2007-02-15 00:00:00,7.263155555633333,Aluno-131,Cursando,7.708333333,-2.0,,Fase 7 (3° EM)
RA-1609,5F,5F,,,15.0,Feminino,2024,Escola Pública,,8.334,9.666666666666666,7.51,6.0,6.0,4.0,8.0,,,7.943333333,5.0,,,PEDE2024,17.0,Fase 7 (3° EM),,2007-02-22 00:00:00,7.577233333233334,Aluno-1609,Cursando,7.708333333,-2.0,,Fase 7 (3° EM)
RA-137,5F,5F,,,16.0,Feminino,2021,Outros,7.056350274891774,9.585,7.582972583,5.005,6.833333333333333,2.0,8.5,10.0,,,6.276666667,5.0,,,PEDE2024,18.0,Fase 7 (3° EM),5.937025,2005-12-29 00:00:00,6.576761183366667,Aluno-137,Cursando,4.791666667,-2.0,,Fase 7 (3° EM)
RA-1184,5F,5F,,,15.0,Masculino,2023,Escola Pública,,6.666,8.658008657666668,7.51,7.666666666666667,6.0,7.0,10.0,,,7.5,5.0,,,PEDE2024,17.0,Fase 6 (2° EM),7.381566667,2007-08-09 00:00:00,7.411701731566668,Aluno-1184,Cursando,7.291666667,-1.0,,Fase 6 (2° EM)
RA-138,5F,5F,,,15.0,Masculino,2021,Escola Pública,6.7380259603174615,9.585,8.751803751666666,7.51,5.833333333333333,7.5,5.0,5.0,,,7.443333333,5.0,,,PEDE2024,17.0,Fase 7 (3° EM),6.784075,2007-03-16 00:00:00,7.3860274169,Aluno-138,Cursando,7.708333333,-2.0,,Fase 7 (3° EM)
RA-1610,5F,5F,,,15.0,Masculino,2024,Escola Pública,,9.168,7.753697970666667,7.51,5.166666666666667,4.0,2.0,9.5,,,6.106666667,5.0,,,PEDE2024,17.0,Fase 7 (3° EM),,2007-02-12 00:00:00,6.7023729275666675,Aluno-1610,Cursando,7.291666667,-2.0,,Fase 7 (3° EM)
RA-1611,5F,5F,,,15.0,Masculino,2024,Escola Pública,,7.083,8.361426442,7.51,4.5,2.0,2.5,9.0,,,5.886666667,5.0,,,PEDE2024,17.0,Fase 7 (3° EM),,2007-02-06 00:00:00,6.4589186218000005,Aluno-1611,Cursando,7.5,-2.0,,Fase 7 (3° EM)
RA-1612,5F,5F,,,16.0,Masculino,2024,Escola Pública,,6.666,8.523809523666666,7.51,6.166666666666667,5.0,6.5,7.0,,,6.94,5.0,,,PEDE2024,18.0,Fase 7 (3° EM),,2006-08-11 00:00:00,7.014528571366666,Aluno-1612,Cursando,7.708333333,-2.0,,Fase 7 (3° EM)
RA-1188,5G,5G,,,14.0,Feminino,2023,Escola Pública,,9.168,10.0,7.51,7.0,7.0,6.0,8.0,,,7.106666667,5.0,,,PEDE2024,16.0,Fase 6 (2° EM),,2008-01-13 00:00:00,7.801633333400001,Aluno-1188,Cursando,8.125,-1.0,,Fase 6 (2° EM)
RA-1613,5G,5G,,,15.0,Feminino,2024,Escola Pública,,8.334,7.1428571430000005,7.51,3.0,0.0,1.0,8.0,,,6.216666667,5.0,,,PEDE2024,17.0,Fase 7 (3° EM),,2007-03-26 00:00:00,6.085471428700001,Aluno-1613,Cursando,7.291666667,-2.0,,Fase 7 (3° EM)
RA-244,5G,5G,,,12.0,Feminino,2021,Escola Privada,8.510208575470424,7.5,10.0,6.26,9.5,10.0,9.0,9.5,,,8.17,10.0,,,PEDE2024,14.0,Fase 4 (9° ano),7.044333333,2010-03-30 00:00:00,8.7225,Aluno-244,Cursando,8.125,1.0,,Fase 4 (9° ano)
RA-267,5G,5G,,,15.0,Feminino,2021,Escola Pública,6.011790235258207,10.002,8.285533910333333,6.26,2.0,0.0,2.0,4.0,,,6.273333333,5.0,,,PEDE2024,17.0,Fase 7 (3° EM),,2007-01-19 00:00:00,5.8963067819666675,Aluno-267,Cursando,4.583333333,-2.0,,Fase 7 (3° EM)
RA-1189,5G,5G,,,14.0,Feminino,2023,Escola Pública,,9.585,8.672360248333332,7.51,7.666666666666667,7.0,7.0,9.0,,,7.106666667,5.0,,,PEDE2024,16.0,Fase 6 (2° EM),,2008-04-05 00:00:00,7.6486387164,Aluno-1189,Cursando,7.5,-1.0,,Fase 6 (2° EM)
RA-113,5G,5G,,,14.0,Feminino,2021,Escola Pública,3.0318062222222224,8.751,7.063851181666667,7.51,6.666666666666667,7.0,6.0,7.0,,,7.106666667,5.0,,,PEDE2024,16.0,Fase 6 (2° EM),,2007-11-25 00:00:00,7.043536903066667,Aluno-113,Cursando,7.5,-1.0,,Fase 6 (2° EM)
RA-152,5L,5L,,,15.0,Feminino,2022,Escola Pública,6.712044773504273,7.5,7.337719298333333,5.63,5.166666666666667,0.0,7.5,8.0,,,7.443333333,5.0,,,PEDE2024,17.0,Fase 7 (3° EM),6.30695,2006-11-30 00:00:00,6.5837938596,Aluno-152,Cursando,7.8125,-2.0,,Fase 7 (3° EM)
RA-318,5L,5L,,,14.0,Feminino,2021,Escola Pública,6.527470839262188,7.917,9.129629629666667,7.51,4.666666666666667,2.0,6.0,6.0,,,7.443333333,5.0,,,PEDE2024,16.0,Fase 6 (2° EM),6.856575,2008-01-30 00:00:00,7.025000925866668,Aluno-318,Cursando,7.34375,-1.0,,Fase 6 (2° EM)
RA-274,5L,5L,,,11.0,Feminino,2021,Escola Privada,7.945715145299146,8.334,9.648148147999999,5.635,9.333333333333334,9.0,9.0,10.0,,,8.226666667,10.0,,,PEDE2024,13.0,Fase 3 (7° e 8° ano),8.137625,2011-02-18 00:00:00,8.651029629666667,Aluno-274,Cursando,8.125,2.0,,Fase 3 (7° e 8° ano)
RA-319,5L,5L,,,13.0,Masculino,2022,Escola Pública,7.448464223100571,9.585,9.024122807,7.51,5.833333333333333,4.0,5.0,8.5,,,7.666666667,10.0,,,PEDE2024,15.0,Fase 5 (1° EM),8.367208333,2009-06-10 00:00:00,7.948699561466667,Aluno-319,Cursando,7.34375,0.0,,Fase 5 (1° EM)
RA-160,5L,5L,,,15.0,Feminino,2021,Escola Privada,6.745866585563862,8.334,7.416666666666667,6.26,5.666666666666667,3.0,5.5,8.5,,,7.723333333,5.0,,,PEDE2024,17.0,Fase 6 (2° EM),6.598266667,2007-09-21 00:00:00,6.855108333266668,Aluno-160,Cursando,7.34375,-1.0,,Fase 6 (2° EM)
RA-161,5L,5L,,,13.0,Feminino,2021,Escola Privada,7.95721614036921,8.751,7.965686274666666,6.26,4.0,5.0,7.0,0.0,,,7.836666667,10.0,,,PEDE2024,15.0,Fase 5 (1° EM),6.250166667,2009-05-29 00:00:00,7.258445588333334,Aluno-161,Cursando,7.96875,0.0,,Fase 5 (1° EM)
RA-1614,5L,5L,,,14.0,Masculino,2024,Escola Pública,,7.5,6.574494949666668,7.51,6.5,5.0,5.5,9.0,,,7.11,5.0,,,PEDE2024,16.0,Fase 6 (2° EM),,2008-02-22 00:00:00,6.787898989933334,Aluno-1614,Cursando,7.5,-1.0,,Fase 6 (2° EM)
RA-164,5L,5L,,,15.0,Masculino,2021,Escola Privada,6.775990920062696,9.585,8.084795321666666,6.26,5.666666666666667,6.0,2.0,9.0,,,6.886666667,5.0,,,PEDE2024,17.0,Fase 7 (3° EM),5.638666667,2006-12-29 00:00:00,6.837125731066667,Aluno-164,Cursando,6.25,-2.0,,Fase 7 (3° EM)
RA-165,5L,5L,,,14.0,Feminino,2021,Escola Privada,8.063313842911878,7.5,9.431042884999998,7.51,8.5,10.0,7.5,8.0,,,7.893333333,10.0,,,PEDE2024,16.0,Fase 5 (1° EM),7.583433333,2008-08-02 00:00:00,8.4627502436,Aluno-165,Cursando,7.96875,0.0,,Fase 5 (1° EM)
RA-1615,5M,5M,,,13.0,Feminino,2024,Escola Pública,,7.917,9.833333333333334,7.51,8.333333333333334,8.0,7.0,10.0,,,7.4575,10.0,,,PEDE2024,15.0,Fase 5 (1° EM),,2008-12-23 00:00:00,8.417533333333333,Aluno-1615,Cursando,7.5,0.0,,Fase 5 (1° EM)
RA-1616,5M,5M,,,15.0,Feminino,2024,Escola Pública,,8.334,8.436274509666667,7.51,6.166666666666667,5.5,6.5,6.5,,,7.12,5.0,,,PEDE2024,17.0,Fase 6 (2° EM),,2007-09-06 00:00:00,7.147738235266668,Aluno-1616,Cursando,7.1875,-1.0,,Fase 6 (2° EM)
RA-271,5M,5M,,,15.0,Feminino,2022,Escola Pública,7.254680434997751,9.168,8.958333333333334,6.26,7.333333333333333,5.0,7.5,9.5,,,6.7475,5.0,,,PEDE2024,17.0,Fase 6 (2° EM),6.140333333,2007-10-16 00:00:00,7.400633333333334,Aluno-271,Cursando,7.5,-1.0,,Fase 6 (2° EM)
RA-316,5M,5M,,,13.0,Feminino,2022,Escola Privada,7.8888911111111115,9.168,10.0,7.51,8.0,8.5,7.0,8.5,,,8.3775,10.0,,,PEDE2024,15.0,Fase 5 (1° EM),8.436908333,2008-11-20 00:00:00,8.708925,Aluno-316,Cursando,7.65625,0.0,,Fase 5 (1° EM)
RA-286,5M,5M,,,14.0,Feminino,2022,Escola Pública,5.423826381118881,6.666,4.031862745000001,6.26,3.1666666666666665,5.0,0.0,4.5,,,5.7825,5.0,,,PEDE2024,16.0,Fase 6 (2° EM),5.713333333,2007-11-20 00:00:00,5.123180882333333,Aluno-286,Cursando,7.34375,-1.0,,Fase 6 (2° EM)
RA-320,5M,5M,,,13.0,Feminino,2022,Escola Privada,7.897223888888889,9.168,10.0,7.51,6.666666666666667,7.5,5.5,7.0,,,8.3775,10.0,,,PEDE2024,15.0,Fase 5 (1° EM),8.393508333,2008-11-20 00:00:00,8.442258333333335,Aluno-320,Cursando,7.65625,0.0,,Fase 5 (1° EM)
RA-1207,5M,5M,,,14.0,Feminino,2023,Escola Pública,,8.334,6.581140350999999,7.51,5.333333333333333,4.5,1.5,10.0,,,6.5375,5.0,,,PEDE2024,16.0,Fase 6 (2° EM),7.58235,2008-02-12 00:00:00,6.509169736866667,Aluno-1207,Cursando,7.34375,-1.0,,Fase 6 (2° EM)
RA-1617,5M,5M,,,14.0,Feminino,2024,Escola Pública,,0.0,5.571428571333333,7.51,3.25,0.5,6.0,,,,6.1175,5.0,,,PEDE2024,16.0,Fase 6 (2° EM),,2008-06-08 00:00:00,4.926285714266666,Aluno-1617,Cursando,6.875,-1.0,,Fase 6 (2° EM)
RA-158,5M,5M,,,13.0,Feminino,2021,Escola Privada,7.302153111111111,8.334,7.796296296333334,6.26,4.0,2.5,1.5,8.0,,,6.745,10.0,,,PEDE2024,15.0,Fase 5 (1° EM),7.297425,2009-01-05 00:00:00,6.855159259266667,Aluno-158,Cursando,6.875,0.0,,Fase 5 (1° EM)
RA-306,5M,5M,,,14.0,Feminino,2021,Escola Pública,6.427354572463768,7.917,7.699561403666666,7.51,2.8333333333333335,3.5,1.5,3.5,,,6.4125,5.0,,,PEDE2024,16.0,Fase 6 (2° EM),5.732375,2008-02-06 00:00:00,6.1661539474,Aluno-306,Cursando,7.34375,-1.0,,Fase 6 (2° EM)
RA-1618,5M,5M,,,15.0,Masculino,2024,Escola Pública,,8.334,7.908496732000001,7.51,6.333333333333333,5.0,7.0,7.0,,,6.83,5.0,,,PEDE2024,17.0,Fase 6 (2° EM),,2007-07-06 00:00:00,7.0487660130666665,Aluno-1618,Cursando,7.5,-1.0,,Fase 6 (2° EM)
RA-308,5M,5M,,,13.0,Masculino,2021,Escola Pública,6.929611095238096,7.083,8.714912280666667,5.635,6.5,5.5,7.0,7.0,,,7.1225,10.0,,,PEDE2024,15.0,Fase 4 (9° ano),6.578558333,2009-09-22 00:00:00,7.489282456133334,Aluno-308,Cursando,7.5,1.0,,Fase 4 (9° ano)
RA-1619,5M,5M,,,13.0,Masculino,2024,Escola Pública,,7.501,9.259259259333334,7.51,4.25,4.0,4.5,,,,7.205,10.0,,,PEDE2024,15.0,Fase 4 (9° ano),,2009-05-26 00:00:00,7.393951851866667,Aluno-1619,Cursando,7.5,1.0,,Fase 4 (9° ano)
RA-299,5N,5N,,,13.0,Feminino,2021,Escola Privada,7.278024793650793,8.751,8.963768115999999,6.26,8.166666666666666,8.0,7.5,9.0,,,7.5,10.0,,,PEDE2024,15.0,Fase 4 (9° ano),6.796541667,2009-07-28 00:00:00,8.177186956533333,Aluno-299,Cursando,7.5,1.0,,Fase 4 (9° ano)
RA-251,5N,5N,,,14.0,Masculino,2021,Escola Pública,7.0217378212853765,8.751,8.612836439,5.63,4.5,4.0,2.5,7.0,,,7.326666667,5.0,,,PEDE2024,16.0,Fase 6 (2° EM),6.665208333,2007-12-08 00:00:00,6.7135006212,Aluno-251,Cursando,6.875,-1.0,,Fase 6 (2° EM)
RA-157,5N,5N,,,12.0,Feminino,2021,Escola Privada,8.31659788888889,8.334,10.0,6.26,9.666666666666666,10.0,9.0,10.0,,,8.726666667,10.0,,,PEDE2024,14.0,Fase 4 (9° ano),7.879008333,2010-03-13 00:00:00,8.950566666733334,Aluno-157,Cursando,8.125,1.0,,Fase 4 (9° ano)
RA-1620,5N,5N,,,14.0,Masculino,2024,Escola Pública,,8.751,6.666666666666667,7.51,5.166666666666667,5.5,7.0,3.0,,,7.05,5.0,,,PEDE2024,16.0,Fase 6 (2° EM),,2007-11-14 00:00:00,6.652766666666667,Aluno-1620,Cursando,7.5,-1.0,,Fase 6 (2° EM)
RA-321,5N,5N,,,12.0,Feminino,2022,Escola Pública,7.792205060606061,7.917,9.534706331,6.26,7.166666666666667,6.0,6.0,9.5,,,7.776666667,10.0,,,PEDE2024,14.0,Fase 4 (9° ano),7.695233333,2010-04-24 00:00:00,8.125807932933334,Aluno-321,Cursando,8.125,1.0,,Fase 4 (9° ano)
RA-1195,5N,5N,,,16.0,Feminino,2022,Escola Pública,,9.585,9.855072463666666,5.63,6.166666666666667,8.0,5.0,5.5,,,7.663333333,5.0,,,PEDE2024,18.0,Fase 7 (3° EM),5.677291667,2006-10-02 00:00:00,7.5085144926666665,Aluno-1195,Cursando,7.5,-2.0,,Fase 7 (3° EM)
RA-1200,5N,5N,,,14.0,Feminino,2023,Escola Pública,,7.917,7.099419478000001,6.26,1.5,0.0,4.5,0.0,,,6.27,5.0,,,PEDE2024,16.0,Fase 6 (2° EM),5.711166667,2007-12-21 00:00:00,5.6415838956,Aluno-1200,Cursando,7.5,-1.0,,Fase 6 (2° EM)
RA-278,5N,5N,,,12.0,Masculino,2021,Escola Privada,7.740831693121693,9.168,9.855072463666666,7.51,9.333333333333334,9.0,9.0,10.0,,,7.946666667,10.0,,,PEDE2024,14.0,Fase 4 (9° ano),7.1935,2010-05-17 00:00:00,8.907314492800001,Aluno-278,Cursando,8.125,1.0,,Fase 4 (9° ano)
RA-85,5N,5N,,,15.0,Masculino,2022,Escola Pública,6.243027512820514,8.334,8.668046928999999,3.755,7.666666666666667,9.0,4.5,9.5,,,6.993333333,5.0,,,PEDE2024,17.0,Fase 7 (3° EM),7.08435,2007-02-13 00:00:00,6.999509385733333,Aluno-85,Cursando,6.25,-2.0,,Fase 7 (3° EM)
RA-279,5N,5N,,,13.0,Masculino,2021,Escola Privada,8.815164203703704,9.168,10.0,7.51,9.333333333333334,10.0,8.0,10.0,,,8.726666667,10.0,,,PEDE2024,15.0,Fase 4 (9° ano),9.006266667,2009-08-25 00:00:00,9.113133333366667,Aluno-279,Cursando,8.333333333,1.0,,Fase 4 (9° ano)
RA-1621,5N,5N,,,15.0,Feminino,2024,Escola Pública,,7.917,10.0,6.26,8.333333333333334,7.5,7.5,10.0,,,8.446666667,5.0,,,PEDE2024,17.0,Fase 6 (2° EM),,2007-07-26 00:00:00,8.107033333366667,Aluno-1621,Cursando,8.333333333,-1.0,,Fase 6 (2° EM)
RA-280,5N,5N,,,13.0,Feminino,2021,Escola Privada,8.045898786731787,7.917,9.855072463666666,6.26,9.333333333333334,10.0,8.0,10.0,,,8.67,10.0,,,PEDE2024,15.0,Fase 4 (9° ano),8.189225,2009-07-04 00:00:00,8.822714492700001,Aluno-280,Cursando,8.333333333,1.0,,Fase 4 (9° ano)
RA-1201,5N,5N,,,14.0,Masculino,2023,Escola Pública,,8.751,9.523809523666666,7.51,9.0,9.0,8.0,10.0,,,8.56,5.0,,,PEDE2024,16.0,Fase 6 (2° EM),8.378008333,2008-02-18 00:00:00,8.376195238033333,Aluno-1201,Cursando,8.333333333,-1.0,,Fase 6 (2° EM)
RA-1622,5N,5N,,,14.0,Feminino,2024,Escola Pública,,8.334,10.0,7.51,9.666666666666666,10.0,9.0,10.0,,,7.89,5.0,,,PEDE2024,16.0,Fase 6 (2° EM),,2007-11-08 00:00:00,8.429066666633334,Aluno-1622,Cursando,8.333333333,-1.0,,Fase 6 (2° EM)
RA-132,6A,6A,,,14.0,Feminino,2021,Escola Privada,8.354717840548341,8.334,8.380952380666665,7.51,8.333333333333334,7.0,8.0,10.0,,,8.44,10.0,,,PEDE2024,16.0,Fase 6 (2° EM),7.350625,2008-03-28 00:00:00,8.4746321428,Aluno-132,Cursando,8.59375,0.0,,Fase 6 (2° EM)
RA-42,6A,6A,,,15.0,Masculino,2021,Escola Pública,6.719708994708995,9.168,9.682539682666667,5.635,8.166666666666666,9.0,7.5,8.0,,,7.134,5.0,,,PEDE2024,17.0,Fase 7 (3° EM),6.794516667,2007-03-11 00:00:00,7.656628769866667,Aluno-42,Cursando,6.796875,-1.0,,Fase 7 (3° EM)
RA-1623,6A,6A,,,15.0,Masculino,2024,Escola Pública,,9.168,8.518518518666667,6.26,6.0,5.5,2.5,10.0,,,7.666,10.0,,,PEDE2024,17.0,Fase 6 (2° EM),,2007-10-24 00:00:00,7.7609537037333345,Aluno-1623,Cursando,7.8125,0.0,,Fase 6 (2° EM)
RA-106,6A,6A,,,14.0,Feminino,2021,Escola Privada,7.9733816513168145,9.168,8.761904762,5.635,5.666666666666667,7.0,3.5,6.5,,,7.872,10.0,,,PEDE2024,16.0,Fase 6 (2° EM),7.769658333,2007-12-23 00:00:00,7.721664285733334,Aluno-106,Cursando,7.8125,0.0,,Fase 6 (2° EM)
RA-123,6A,6A,,,16.0,Masculino,2021,Escola Privada,7.0841091954022986,7.5,8.412698412666666,5.635,7.166666666666667,6.5,5.5,9.5,,,6.43,5.0,,,PEDE2024,18.0,Fase 7 (3° EM),6.068333333,2006-07-22 00:00:00,6.887248015866668,Aluno-123,Cursando,6.71875,-1.0,,Fase 7 (3° EM)
RA-125,6A,6A,,,15.0,Feminino,2022,Escola Privada,7.619179857540927,8.334,5.6428571430000005,7.51,6.166666666666667,3.0,7.0,8.5,,,7.232,5.0,,,PEDE2024,17.0,Fase 7 (3° EM),6.989633333,2007-01-21 00:00:00,6.627079761933334,Aluno-125,Cursando,7.34375,-1.0,,Fase 7 (3° EM)
RA-1624,6A,6A,,,16.0,Feminino,2024,Outros,,7.917,9.460317460333334,7.51,7.5,8.0,5.5,9.0,,,7.636,5.0,,,PEDE2024,18.0,Fase 7 (3° EM),,2006-02-23 00:00:00,7.743213492066667,Aluno-1624,Cursando,7.8125,-1.0,,Fase 7 (3° EM)
RA-1625,6A,6A,,,15.0,Masculino,2024,Escola Pública,,7.5,7.112887113,7.51,4.333333333333333,3.0,2.0,8.0,,,6.896,10.0,,,PEDE2024,17.0,Fase 6 (2° EM),,2007-10-25 00:00:00,6.888194089266667,Aluno-1625,Cursando,7.1875,0.0,,Fase 6 (2° EM)
RA-1626,6A,6A,,,14.0,Feminino,2024,Escola Pública,,8.751,9.696969697,7.51,7.333333333333333,5.5,6.5,10.0,,,8.404,10.0,,,PEDE2024,16.0,Fase 6 (2° EM),,2008-03-12 00:00:00,8.541085606066668,Aluno-1626,Cursando,8.28125,0.0,,Fase 6 (2° EM)
RA-1627,6A,6A,,,15.0,Feminino,2024,Escola Pública,,7.083,7.777777777666667,7.51,7.833333333333333,6.0,7.5,10.0,,,8.172,5.0,,,PEDE2024,17.0,Fase 7 (3° EM),,2007-05-25 00:00:00,7.481547222200001,Aluno-1627,Cursando,7.65625,-1.0,,Fase 7 (3° EM)
RA-1628,6A,6A,,,14.0,Feminino,2024,Escola Pública,,8.334,8.509823509666667,7.51,5.833333333333333,3.0,5.0,9.5,,,6.798,10.0,,,PEDE2024,16.0,Fase 6 (2° EM),,2008-02-04 00:00:00,7.500131368600001,Aluno-1628,Cursando,6.875,0.0,,Fase 6 (2° EM)
RA-112,6A,6A,,,15.0,Feminino,2021,Escola Privada,7.83582013255232,7.083,7.978174603333333,7.51,8.0,9.5,6.0,8.5,,,8.004,10.0,,,PEDE2024,17.0,Fase 6 (2° EM),7.141308333,2007-08-09 00:00:00,8.052609920666667,Aluno-112,Cursando,7.96875,0.0,,Fase 6 (2° EM)
RA-1629,6A,6A,,,15.0,Feminino,2024,Escola Pública,,9.585,8.645502645666667,7.51,7.25,8.75,3.0,10.0,,,7.266,5.0,,,PEDE2024,17.0,Fase 7 (3° EM),,2007-05-07 00:00:00,7.560550529133334,Aluno-1629,Cursando,7.1875,-1.0,,Fase 7 (3° EM)
RA-91,6L,6L,,,16.0,Feminino,2021,Escola Privada,6.644810737664296,10.002,7.476190476333334,5.635,7.333333333333333,9.0,4.0,9.0,,,8.068,5.0,,,PEDE2024,18.0,Fase 7 (3° EM),7.42395,2006-10-10 00:00:00,7.426704761933335,Aluno-91,Cursando,7.875,-1.0,,Fase 7 (3° EM)
RA-167,6L,6L,,,16.0,Feminino,2021,Escola Privada,7.7984703695652176,8.751,9.473684210666667,6.26,8.166666666666666,8.0,6.5,10.0,,,8.334,5.0,,,PEDE2024,18.0,Fase 7 (3° EM),7.806141667,2006-08-10 00:00:00,8.033470175466666,Aluno-167,Cursando,8.375,-1.0,,Fase 7 (3° EM)
RA-1203,6L,6L,,,15.0,Feminino,2023,Escola Privada,,9.168,9.649122807,7.51,9.0,8.5,9.0,9.5,,,8.572,10.0,,,PEDE2024,17.0,Fase 6 (2° EM),7.487841667,2007-10-04 00:00:00,8.9495245614,Aluno-1203,Cursando,8.375,0.0,,Fase 6 (2° EM)
RA-94,6L,6L,,,15.0,Feminino,2021,Escola Privada,8.920648367521368,10.002,9.666666666666666,6.26,8.0,7.0,7.0,10.0,,,8.2,10.0,,,PEDE2024,17.0,Fase 6 (2° EM),7.289333333,2007-07-01 00:00:00,8.637033333333335,Aluno-94,Cursando,8.375,0.0,,Fase 6 (2° EM)
RA-81,6L,6L,,,14.0,Feminino,2021,Escola Privada,7.674870047785548,9.168,9.333333333333334,6.26,7.5,9.0,6.5,7.0,,,7.798,10.0,,,PEDE2024,16.0,Fase 6 (2° EM),7.45425,2008-03-22 00:00:00,8.256566666666668,Aluno-81,Cursando,7.875,0.0,,Fase 6 (2° EM)
RA-1630,6L,6L,,,14.0,Masculino,2024,Escola Privada,,8.334,9.833333333333334,7.51,7.333333333333333,9.0,9.0,4.0,,,8.702,10.0,,,PEDE2024,16.0,Fase 6 (2° EM),,2008-01-30 00:00:00,8.583133333333334,Aluno-1630,Cursando,8.25,0.0,,Fase 6 (2° EM)
RA-171,6L,6L,,,16.0,Masculino,2022,Escola Pública,6.580933343434343,7.5,7.833333333333333,5.635,8.333333333333334,7.0,8.0,10.0,,,7.598,5.0,,,PEDE2024,18.0,Fase 7 (3° EM),6.293083333,2006-09-16 00:00:00,7.3289333333333335,Aluno-171,Cursando,7.625,-1.0,,Fase 7 (3° EM)
RA-1220,6L,6L,,,16.0,Feminino,2023,Outros,,7.083,8.555555555666666,6.885,7.666666666666667,9.0,7.0,7.0,,,6.26,5.0,,,PEDE2024,18.0,Fase 7 (3° EM),6.46725,2005-12-16 00:00:00,7.143244444466667,Aluno-1220,Cursando,7.5,-1.0,,Fase 7 (3° EM)
RA-1631,6L,6L,,,15.0,Masculino,2024,Escola Privada,,9.585,10.0,7.51,7.166666666666667,5.0,6.5,10.0,,,8.468,5.0,,,PEDE2024,17.0,Fase 7 (3° EM),,2007-03-23 00:00:00,8.186433333333333,Aluno-1631,Cursando,8.5,-1.0,,Fase 7 (3° EM)
RA-1632,6L,6L,,,14.0,Masculino,2024,Escola Pública,,9.168,10.0,7.51,6.666666666666667,9.0,6.0,5.0,,,8.066,10.0,,,PEDE2024,16.0,Fase 6 (2° EM),,2008-02-14 00:00:00,8.389333333333335,Aluno-1632,Cursando,7.75,0.0,,Fase 6 (2° EM)
RA-1210,6L,6L,,,15.0,Feminino,2023,Escola Pública,,9.585,10.0,7.51,5.5,5.0,6.5,5.0,,,8.166,10.0,,,PEDE2024,17.0,Fase 6 (2° EM),7.171083333,2007-10-20 00:00:00,8.2302,Aluno-1210,Cursando,7.875,0.0,,Fase 6 (2° EM)
RA-175,6L,6L,,,15.0,Feminino,2021,Escola Privada,6.749980560606062,10.002,9.473684210666667,6.26,8.5,9.5,6.5,9.5,,,7.766,5.0,,,PEDE2024,17.0,Fase 7 (3° EM),6.569516667,2007-03-04 00:00:00,8.024136842133334,Aluno-175,Cursando,7.5,-1.0,,Fase 7 (3° EM)
RA-80,7A,7A,,,16.0,Feminino,2021,Escola Privada,7.2897954425019424,8.751,7.8961292116666675,8.13,7.0,5.0,6.0,10.0,,,7.946666667,10.0,,,PEDE2024,18.0,Fase 7 (3° EM),7.252275,2006-07-05 00:00:00,8.131659175733333,Aluno-80,Cursando,8.75,0.0,,Fase 7 (3° EM)
RA-40,7A,7A,,,16.0,Feminino,2021,Escola Privada,7.2029775238095235,7.083,7.211257310000001,8.13,5.333333333333333,3.5,6.0,6.5,,,6.276666667,10.0,,,PEDE2024,18.0,Fase 7 (3° EM),7.169975,2006-08-28 00:00:00,7.098051462066667,Aluno-40,Cursando,8.125,0.0,,Fase 7 (3° EM)
RA-1214,7A,7A,,,15.0,Masculino,2023,Escola Pública,,10.002,9.081527348,8.13,8.0,8.0,6.0,10.0,,,7.663333333,10.0,,,PEDE2024,17.0,Fase 7 (3° EM),8.378666667,2007-02-28 00:00:00,8.5902971362,Aluno-1214,Cursando,8.28125,0.0,,Fase 7 (3° EM)
RA-92,7A,7A,,,16.0,Feminino,2021,Escola Privada,6.957316284888314,10.002,8.769145085,7.51,7.5,8.0,5.0,9.5,,,6.33,10.0,,,PEDE2024,18.0,Fase 7 (3° EM),7.375916667,2006-09-12 00:00:00,8.052279017,Aluno-92,Cursando,7.8125,0.0,,Fase 7 (3° EM)
RA-45,7A,7A,,,15.0,Feminino,2021,Escola Privada,7.590972222222223,7.5,9.619047619,9.38,8.0,7.5,7.0,9.5,,,8.283333333,10.0,,,PEDE2024,17.0,Fase 7 (3° EM),8.303591667,2007-04-04 00:00:00,8.743476190400001,Aluno-45,Cursando,8.75,0.0,,Fase 7 (3° EM)
RA-56,7A,7A,,,15.0,Feminino,2021,Escola Privada,8.404169666666668,10.002,9.265350877333333,10.0,7.666666666666667,8.0,6.0,9.0,,,9.233333333,10.0,,,PEDE2024,17.0,Fase 7 (3° EM),8.284333333,2007-05-16 00:00:00,9.077020175400001,Aluno-56,Cursando,8.4375,0.0,,Fase 7 (3° EM)
RA-57,7A,7A,,,16.0,Masculino,2021,Escola Privada,7.304722388888888,9.585,6.010860484333333,6.88,6.166666666666667,6.0,6.5,6.0,,,7.39,10.0,,,PEDE2024,18.0,Fase 7 (3° EM),6.450875,2006-07-09 00:00:00,7.4193804301999995,Aluno-57,Cursando,8.59375,0.0,,Fase 7 (3° EM)
RA-58,7A,7A,,,15.0,Masculino,2021,Escola Privada,8.135882296296298,9.585,9.824561403666666,7.51,7.333333333333333,8.0,6.5,7.5,,,8.62,10.0,,,PEDE2024,17.0,Fase 7 (3° EM),7.70625,2007-05-03 00:00:00,8.7713289474,Aluno-58,Cursando,9.0625,0.0,,Fase 7 (3° EM)
RA-78,7A,7A,,,17.0,Feminino,2021,Escola Privada,7.039504634920634,8.751,8.028404344,8.755,7.5,6.5,6.0,10.0,,,7.39,10.0,,,PEDE2024,19.0,Fase 7 (3° EM),6.434625,2005-09-03 00:00:00,8.1780308688,Aluno-78,Cursando,8.4375,0.0,,Fase 7 (3° EM)
RA-87,7A,7A,,,15.0,Masculino,2021,Escola Privada,8.71196797863248,8.751,9.649122807,9.375,9.166666666666666,10.0,7.5,10.0,,,9.623333333,10.0,,,PEDE2024,17.0,Fase 6 (2° EM),8.6625,2007-09-26 00:00:00,9.437924561333332,Aluno-87,Cursando,9.375,1.0,,Fase 6 (2° EM)
RA-64,7A,7A,,,16.0,Feminino,2021,Escola Privada,7.3675192298474945,10.002,8.980785296666667,8.135,8.166666666666666,8.0,6.5,10.0,,,8.283333333,10.0,,,PEDE2024,18.0,Fase 7 (3° EM),7.452541667,2006-07-06 00:00:00,8.743607059266667,Aluno-64,Cursando,8.4375,0.0,,Fase 7 (3° EM)
RA-48,7A,7A,,,15.0,Feminino,2021,Escola Privada,8.005754301587302,7.917,8.339076859,9.375,7.5,6.5,6.0,10.0,,,8.23,10.0,,,PEDE2024,17.0,Fase 7 (3° EM),7.797058333,2007-05-21 00:00:00,8.402390371800001,Aluno-48,Cursando,8.59375,0.0,,Fase 7 (3° EM)
RA-1230,7E,7E,,,15.0,Feminino,2021,Escola Privada,,7.917,0.0,7.195,0.0,0.0,0.0,0.0,,,7.5,10.0,,,PEDE2024,17.0,Fase 7 (3° EM),,2007-02-27 00:00:00,4.7612000000000005,Aluno-1230,Cursando,7.5,0.0,,Fase 7 (3° EM)
RA-90,7E,7E,,,13.0,Feminino,2021,Escola Privada,9.441521857142858,10.002,9.0,6.885,8.066666666666666,7.7,8.3,8.2,,,7.5,10.0,,,PEDE2024,15.0,Fase 5 (1° EM),8.699408333,2009-02-25 00:00:00,8.352033333333335,Aluno-90,Cursando,7.5,2.0,,Fase 5 (1° EM)
RA-269,7E,7E,,,13.0,Masculino,2022,Escola Privada,8.230908478550688,9.168,9.6,7.505,8.200000000000001,8.1,8.6,7.9,,,7.5,10.0,,,PEDE2024,15.0,Fase 5 (1° EM),8.116041667,2009-03-28 00:00:00,8.4773,Aluno-269,Cursando,7.5,2.0,,Fase 5 (1° EM)
RA-270,7E,7E,,,13.0,Feminino,2021,Escola Privada,8.225582168498168,9.168,0.0,6.2575,0.0,0.0,0.0,0.0,,,7.5,10.0,,,PEDE2024,15.0,Fase 5 (1° EM),7.982633333,2009-02-28 00:00:00,4.79255,Aluno-270,Cursando,7.5,2.0,,Fase 5 (1° EM)
RA-76,7E,7E,,,14.0,Feminino,2021,Escola Privada,9.105280944444445,10.002,9.0,6.885,7.066666666666666,7.3,7.8,6.1,,,7.5,10.0,,,PEDE2024,16.0,Fase 5 (1° EM),,2007-12-31 02:00:00,8.152033333333334,Aluno-76,Cursando,7.5,2.0,,Fase 5 (1° EM)
RA-153,7E,7E,,,14.0,Feminino,2021,Escola Privada,7.535259906926407,8.751,0.0,6.5675,0.0,0.0,0.0,0.0,,,7.5,10.0,,,PEDE2024,16.0,Fase 5 (1° EM),7.289966667,2008-08-15 00:00:00,4.78185,Aluno-153,Cursando,7.5,2.0,,Fase 5 (1° EM)
RA-1226,7E,7E,,,15.0,Feminino,2021,Escola Privada,,8.334,9.0,6.885,6.066666666666666,6.0,6.2,6.0,,,7.5,10.0,,,PEDE2024,17.0,Fase 7 (3° EM),,2007-03-09 00:00:00,7.785233333333334,Aluno-1226,Cursando,7.5,0.0,,Fase 7 (3° EM)
RA-93,7E,7E,,,15.0,Feminino,2021,Escola Privada,8.940600419054803,9.168,9.931666667,6.2575,7.483333333333333,6.75,7.2,8.5,,,7.5,10.0,,,PEDE2024,17.0,Fase 6 (2° EM),,2007-08-13 00:00:00,8.275550000066668,Aluno-93,Cursando,7.5,1.0,,Fase 6 (2° EM)
RA-119,7E,7E,,,14.0,Feminino,2021,Escola Privada,7.500521257187258,7.083,9.983333333,6.57,7.366666666666667,6.05,7.5,8.55,,,7.5,10.0,,,PEDE2024,16.0,Fase 6 (2° EM),,2008-06-19 00:00:00,8.085299999933333,Aluno-119,Cursando,7.5,1.0,,Fase 6 (2° EM)
RA-241,7E,7E,,,14.0,Masculino,2021,Escola Privada,8.467711333333334,10.002,9.891666667,7.1975,6.816666666666667,6.15,7.2,7.1,,,7.5,10.0,,,PEDE2024,16.0,Fase 5 (1° EM),7.016,2008-10-06 00:00:00,8.311616666733334,Aluno-241,Cursando,7.5,2.0,,Fase 5 (1° EM)
RA-242,7E,7E,,,13.0,Masculino,2021,Escola Privada,8.672919666666665,9.585,9.621,6.26,7.650000000000001,8.05,8.05,6.85,,,7.5,10.0,,,PEDE2024,15.0,Fase 5 (1° EM),8.221841667,2009-02-26 00:00:00,8.2887,Aluno-242,Cursando,7.5,2.0,,Fase 5 (1° EM)
RA-52,7E,7E,,,13.0,Masculino,2021,Escola Privada,7.8608746825396825,8.751,9.437666667,6.885,7.216666666666666,6.8,8.85,6.0,,,7.5,10.0,,,PEDE2024,15.0,Fase 5 (1° EM),7.9642,2009-02-08 00:00:00,8.144466666733333,Aluno-52,Cursando,7.5,2.0,,Fase 5 (1° EM)
RA-1227,7E,7E,,,15.0,Feminino,2021,Escola Privada,,8.751,0.0,7.195,0.0,0.0,0.0,0.0,,,7.5,10.0,,,PEDE2024,17.0,Fase 7 (3° EM),,2006-11-15 00:00:00,4.8446,Aluno-1227,Cursando,7.5,0.0,,Fase 7 (3° EM)
RA-245,7E,7E,,,14.0,Masculino,2021,Escola Privada,8.655707365079365,9.168,9.953333333,6.885,8.033333333333333,8.4,7.6,8.1,,,7.5,10.0,,,PEDE2024,16.0,Fase 5 (1° EM),7.171166667,2008-10-06 00:00:00,8.452633333266668,Aluno-245,Cursando,7.5,2.0,,Fase 5 (1° EM)
RA-246,7E,7E,,,13.0,Masculino,2022,Escola Privada,8.639021494227995,8.334,0.0,6.57,0.0,0.0,0.0,0.0,,,7.5,10.0,,,PEDE2024,15.0,Fase 5 (1° EM),8.256766667,2009-04-08 00:00:00,4.7404,Aluno-246,Cursando,7.5,2.0,,Fase 5 (1° EM)
RA-1228,7E,7E,,,16.0,Feminino,2021,Escola Privada,,8.751,0.0,7.51,0.0,0.0,0.0,0.0,,,7.5,10.0,,,PEDE2024,18.0,Fase 7 (3° EM),,2006-05-26 03:00:00,4.8761,Aluno-1228,Cursando,7.5,0.0,,Fase 7 (3° EM)
RA-1229,7E,7E,,,15.0,Feminino,2021,Escola Privada,,9.168,0.0,6.57,0.0,0.0,0.0,0.0,,,7.5,10.0,,,PEDE2024,17.0,Fase 7 (3° EM),,2006-12-07 00:00:00,4.8238,Aluno-1229,Cursando,7.5,0.0,,Fase 7 (3° EM)
RA-98,7E,7E,,,14.0,Feminino,2021,Escola Privada,9.354308222222222,9.585,9.546,7.1975,8.9,9.2,8.9,8.6,,,7.5,10.0,,,PEDE2024,16.0,Fase 6 (2° EM),,2007-11-13 00:00:00,8.617450000000002,Aluno-98,Cursando,7.5,1.0,,Fase 6 (2° EM)
RA-277,7E,7E,,,14.0,Masculino,2021,Escola Privada,7.411457833333333,8.334,9.741666667,6.5725,6.8999999999999995,6.5,8.15,6.05,,,7.5,10.0,,,PEDE2024,16.0,Fase 5 (1° EM),7.7284,2008-09-12 00:00:00,8.0689833334,Aluno-277,Cursando,7.5,2.0,,Fase 5 (1° EM)
RA-172,7E,7E,,,14.0,Feminino,2021,Escola Privada,8.67342461904762,8.751,9.8,6.57,6.933333333333334,6.7,7.7,6.4,,,7.5,10.0,,,PEDE2024,16.0,Fase 6 (2° EM),,2008-01-20 00:00:00,8.128766666666667,Aluno-172,Cursando,7.5,1.0,,Fase 6 (2° EM)
RA-291,7E,7E,,,13.0,Masculino,2022,Escola Privada,8.121970030303032,8.751,9.737666667,6.26,6.166666666666667,6.0,6.5,6.0,,,7.5,10.0,,,PEDE2024,15.0,Fase 5 (1° EM),8.493058333,2009-01-17 00:00:00,7.9319666667333335,Aluno-291,Cursando,7.5,2.0,,Fase 5 (1° EM)
RA-86,7E,7E,,,16.0,Masculino,2021,Escola Privada,7.566015304972806,6.667,9.704333333,6.57,5.483333333333333,6.35,6.3,3.8,,,7.5,10.0,,,PEDE2024,18.0,Fase 7 (3° EM),,2006-10-04 00:00:00,7.611233333266666,Aluno-86,Cursando,7.5,0.0,,Fase 7 (3° EM)
RA-143,7E,7E,,,13.0,Masculino,2021,Escola Privada,8.63847438888889,10.002,9.92,6.885,2.6333333333333333,0.0,0.0,7.9,,,7.5,10.0,,,PEDE2024,15.0,Fase 5 (1° EM),7.794358333,2009-08-01 00:00:00,7.449366666666667,Aluno-143,Cursando,7.5,2.0,,Fase 5 (1° EM)
RA-166,7E,7E,,,14.0,Masculino,2021,Escola Privada,8.253049807035875,8.334,9.246,6.5725,8.266666666666667,8.2,7.8,8.8,,,7.5,10.0,,,PEDE2024,16.0,Fase 6 (2° EM),8.105583333,2008-06-03 00:00:00,8.243183333333334,Aluno-166,Cursando,7.5,1.0,,Fase 6 (2° EM)
RA-191,7E,7E,,,13.0,Masculino,2021,Escola Privada,8.740216279956428,7.5,9.571,5.945,6.3999999999999995,6.0,6.9,6.3,,,7.5,10.0,,,PEDE2024,15.0,Fase 5 (1° EM),7.263666667,2009-05-21 00:00:00,7.7887,Aluno-191,Cursando,7.5,2.0,,Fase 5 (1° EM)
RA-1236,8A,8A,,,20.0,Feminino,2021,Escola Privada,,,0.0,,,,,,,,,10.0,,,PEDE2024,22.0,Fase 8 (Universitários),,2002-01-16 02:00:00,,Aluno-1236,Cursando,,0.0,,Fase 8 (Universitários)
RA-1234,8A,8A,,,19.0,Feminino,2021,Escola Privada,,,0.0,,,,,,,,,10.0,,,PEDE2024,21.0,Fase 8 (Universitários),,2002-12-03 02:00:00,,Aluno-1234,Cursando,,0.0,,Fase 8 (Universitários)
RA-1633,8B,8B,,,19.0,Masculino,2021,Escola Privada,,,0.0,,,,,,,,,10.0,,,PEDE2024,21.0,Fase 8 (Universitários),,2003-03-16 03:00:00,,Aluno-1633,Cursando,,0.0,,Fase 8 (Universitários)
RA-1248,8B,8B,,,19.0,Masculino,2021,Escola Privada,,,0.0,,,,,,,,,10.0,,,PEDE2024,21.0,Fase 8 (Universitários),,2003-01-13 00:00:00,,Aluno-1248,Cursando,,0.0,,Fase 8 (Universitários)
RA-1246,8B,8B,,,19.0,Feminino,2021,Escola Privada,,,0.0,,,,,,,,,10.0,,,PEDE2024,21.0,Fase 8 (Universitários),,2003-05-16 03:00:00,,Aluno-1246,Cursando,,0.0,,Fase 8 (Universitários)
RA-1245,8B,8B,,,19.0,Masculino,2021,Escola Privada,,,0.0,,,,,,,,,10.0,,,PEDE2024,21.0,Fase 8 (Universitários),,2003-10-10 03:00:00,,Aluno-1245,Cursando,,0.0,,Fase 8 (Universitários)
RA-1244,8B,8B,,,19.0,Feminino,2021,Escola Privada,,,0.0,,,,,,,,,10.0,,,PEDE2024,21.0,Fase 8 (Universitários),,2003-03-28 03:00:00,,Aluno-1244,Cursando,,0.0,,Fase 8 (Universitários)
RA-1634,8B,8B,,,19.0,Feminino,2021,Escola Privada,,,0.0,,,,,,,,,10.0,,,PEDE2024,21.0,Fase 8 (Universitários),,2003-03-19 03:00:00,,Aluno-1634,Cursando,,0.0,,Fase 8 (Universitários)
RA-1242,8B,8B,,,18.0,Feminino,2021,Escola Privada,,,0.0,,,,,,,,,10.0,,,PEDE2024,20.0,Fase 8 (Universitários),,2003-12-17 02:00:00,,Aluno-1242,Cursando,,0.0,,Fase 8 (Universitários)
RA-1250,8B,8B,,,19.0,Masculino,2021,Escola Privada,,,0.0,,,,,,,,,10.0,,,PEDE2024,21.0,Fase 8 (Universitários),,2003-07-08 03:00:00,,Aluno-1250,Cursando,,0.0,,Fase 8 (Universitários)
RA-1241,8B,8B,,,19.0,Feminino,2021,Escola Privada,,,0.0,,,,,,,,,10.0,,,PEDE2024,21.0,Fase 8 (Universitários),,2003-05-12 03:00:00,,Aluno-1241,Cursando,,0.0,,Fase 8 (Universitários)
RA-1240,8B,8B,,,19.0,Masculino,2021,Escola Privada,,,0.0,,,,,,,,,10.0,,,PEDE2024,21.0,Fase 8 (Universitários),,2003-03-28 03:00:00,,Aluno-1240,Cursando,,0.0,,Fase 8 (Universitários)
RA-1249,8B,8B,,,25.0,Masculino,2021,Escola Privada,,,0.0,,,,,,,,,10.0,,,PEDE2024,27.0,Fase 8 (Universitários),,1996-12-08 02:00:00,,Aluno-1249,Cursando,,0.0,,Fase 8 (Universitários)
RA-1239,8B,8B,,,19.0,Feminino,2021,Escola Privada,,,0.0,,,,,,,,,10.0,,,PEDE2024,21.0,Fase 8 (Universitários),,2003-05-05 03:00:00,,Aluno-1239,Cursando,,0.0,,Fase 8 (Universitários)
RA-1251,8B,8B,,,19.0,Feminino,2021,Escola Privada,,,0.0,,,,,,,,,10.0,,,PEDE2024,21.0,Fase 8 (Universitários),,2003-02-16 00:00:00,,Aluno-1251,Cursando,,0.0,,Fase 8 (Universitários)
RA-1264,8D,8D,,,19.0,Feminino,2021,Escola Privada,,,0.0,,,,,,,,,10.0,,,PEDE2024,21.0,Fase 8 (Universitários),,2002-12-05 00:00:00,,Aluno-1264,Cursando,,0.0,,Fase 8 (Universitários)
RA-1263,8D,8D,,,19.0,Feminino,2021,Escola Privada,,,0.0,,,,,,,,,10.0,,,PEDE2024,21.0,Fase 8 (Universitários),,2003-10-11 00:00:00,,Aluno-1263,Cursando,,0.0,,Fase 8 (Universitários)
RA-1262,8D,8D,,,18.0,Feminino,2021,Escola Privada,,,0.0,,,,,,,,,10.0,,,PEDE2024,20.0,Fase 8 (Universitários),,2004-09-19 03:00:00,,Aluno-1262,Cursando,,0.0,,Fase 8 (Universitários)
RA-1261,8D,8D,,,18.0,Feminino,2021,Escola Privada,,,0.0,,,,,,,,,10.0,,,PEDE2024,20.0,Fase 8 (Universitários),,2004-05-03 03:00:00,,Aluno-1261,Cursando,,0.0,,Fase 8 (Universitários)
RA-1259,8D,8D,,,18.0,Feminino,2021,Escola Privada,,,0.0,,,,,,,,,10.0,,,PEDE2024,20.0,Fase 8 (Universitários),,2004-02-02 00:00:00,,Aluno-1259,Cursando,,0.0,,Fase 8 (Universitários)
RA-1257,8D,8D,,,17.0,Masculino,2021,Escola Privada,,,0.0,,,,,,,,,10.0,,,PEDE2024,19.0,Fase 8 (Universitários),,2004-11-30 02:00:00,,Aluno-1257,Cursando,,0.0,,Fase 8 (Universitários)
RA-1256,8D,8D,,,17.0,Feminino,2021,Escola Privada,,,0.0,,,,,,,,,10.0,,,PEDE2024,19.0,Fase 8 (Universitários),,2004-12-24 02:00:00,,Aluno-1256,Cursando,,0.0,,Fase 8 (Universitários)
RA-1265,8D,8D,,,19.0,Masculino,2022,Escola Pública,,,0.0,,,,,,,,,10.0,,,PEDE2024,21.0,Fase 8 (Universitários),,2002-12-03 00:00:00,,Aluno-1265,Cursando,,0.0,,Fase 8 (Universitários)
RA-1255,8D,8D,,,18.0,Masculino,2021,Escola Privada,,,0.0,,,,,,,,,10.0,,,PEDE2024,20.0,Fase 8 (Universitários),,2004-03-04 03:00:00,,Aluno-1255,Cursando,,0.0,,Fase 8 (Universitários)
RA-13,8D,8D,,,17.0,Masculino,2021,Escola Privada,6.901589607843138,,0.0,,,,,,,,,10.0,,,PEDE2024,19.0,Fase 8 (Universitários),,2004-11-20 02:00:00,,Aluno-13,Cursando,,0.0,,Fase 8 (Universitários)
RA-1253,8D,8D,,,22.0,Feminino,2021,Escola Privada,,,0.0,,,,,,,,,10.0,,,PEDE2024,24.0,Fase 8 (Universitários),,1999-11-27 02:00:00,,Aluno-1253,Cursando,,0.0,,Fase 8 (Universitários)
RA-1635,8D,8D,,,18.0,Feminino,2021,Escola Privada,,,0.0,,,,,,,,,10.0,,,PEDE2024,20.0,Fase 8 (Universitários),,2004-09-02 03:00:00,,Aluno-1635,Cursando,,0.0,,Fase 8 (Universitários)
RA-1273,8E,8E,,,16.0,Feminino,2023,Escola Privada,,,0.0,,,,,,,,,10.0,,,PEDE2024,18.0,Fase 8 (Universitários),,2005-11-29 00:00:00,,Aluno-1273,Cursando,,0.0,,Fase 8 (Universitários)
RA-14,8E,8E,,,20.0,Masculino,2022,Escola Privada,6.792708666666667,,0.0,,,,,,,,,10.0,,,PEDE2024,22.0,Fase 8 (Universitários),,2001-11-29 02:00:00,,Aluno-14,Cursando,,0.0,,Fase 8 (Universitários)
RA-1271,8E,8E,,,17.0,Feminino,2021,Escola Privada,,,0.0,,,,,,,,,10.0,,,PEDE2024,19.0,Fase 8 (Universitários),,2004-11-23 02:00:00,,Aluno-1271,Cursando,,0.0,,Fase 8 (Universitários)
RA-1,8E,8E,,,19.0,Feminino,2021,Escola Privada,5.783132947712418,,0.0,,,,,,,,,10.0,,,PEDE2024,21.0,Fase 8 (Universitários),,2003-10-03 00:00:00,,Aluno-1,Cursando,,0.0,,Fase 8 (Universitários)
RA-1270,8E,8E,,,18.0,Feminino,2021,Escola Privada,,,0.0,,,,,,,,,10.0,,,PEDE2024,20.0,Fase 8 (Universitários),,2004-08-14 03:00:00,,Aluno-1270,Cursando,,0.0,,Fase 8 (Universitários)
RA-1274,8E,8E,,,17.0,Feminino,2021,Escola Privada,,,0.0,,,,,,,,,10.0,,,PEDE2024,19.0,Fase 8 (Universitários),,2005-10-07 00:00:00,,Aluno-1274,Cursando,,0.0,,Fase 8 (Universitários)
RA-23,8E,8E,,,17.0,Masculino,2021,Escola Privada,7.676832382089068,,0.0,,,,,,,,,10.0,,,PEDE2024,19.0,Fase 8 (Universitários),,2005-11-03 02:00:00,,Aluno-23,Cursando,,0.0,,Fase 8 (Universitários)
RA-2,8E,8E,,,17.0,Feminino,2021,Escola Privada,7.054851281182869,,0.0,,,,,,,,,10.0,,,PEDE2024,19.0,Fase 8 (Universitários),,2005-05-17 03:00:00,,Aluno-2,Cursando,,0.0,,Fase 8 (Universitários)
RA-25,8E,8E,,,17.0,Feminino,2021,Escola Privada,7.979045229610685,,0.0,,,,,,,,,10.0,,,PEDE2024,19.0,Fase 8 (Universitários),,2005-05-18 03:00:00,,Aluno-25,Cursando,,0.0,,Fase 8 (Universitários)
RA-1272,8E,8E,,,18.0,Feminino,2021,Escola Privada,,,0.0,,,,,,,,,10.0,,,PEDE2024,20.0,Fase 8 (Universitários),,2004-11-04 02:00:00,,Aluno-1272,Cursando,,0.0,,Fase 8 (Universitários)
RA-6,8E,8E,,,18.0,Feminino,2021,Escola Privada,5.848312797385621,,0.0,,,,,,,,,10.0,,,PEDE2024,20.0,Fase 8 (Universitários),,2004-01-12 02:00:00,,Aluno-6,Cursando,,0.0,,Fase 8 (Universitários)
RA-29,8E,8E,,,17.0,Masculino,2022,Escola Privada,4.985248010595543,,0.0,,,,,,,,,10.0,,,PEDE2024,19.0,Fase 8 (Universitários),,2005-09-07 03:00:00,,Aluno-29,Cursando,,0.0,,Fase 8 (Universitários)
RA-17,8E,8E,,,20.0,Masculino,2022,Escola Privada,8.0677095,,0.0,,,,,,,,,10.0,,,PEDE2024,22.0,Fase 8 (Universitários),,2002-02-12 00:00:00,,Aluno-17,Cursando,,0.0,,Fase 8 (Universitários)
RA-7,8E,8E,,,18.0,Masculino,2021,Escola Privada,6.818223705882353,,0.0,,,,,,,,,10.0,,,PEDE2024,20.0,Fase 8 (Universitários),,2004-09-11 03:00:00,,Aluno-7,Cursando,,0.0,,Fase 8 (Universitários)
RA-31,8E,8E,,,17.0,Feminino,2021,Escola Privada,8.842987091787439,,0.0,,,,,,,,,10.0,,,PEDE2024,19.0,Fase 8 (Universitários),,2005-06-29 03:00:00,,Aluno-31,Cursando,,0.0,,Fase 8 (Universitários)
RA-1269,8E,8E,,,17.0,Feminino,2021,Escola Privada,,,0.0,,,,,,,,,10.0,,,PEDE2024,19.0,Fase 8 (Universitários),,2005-03-31 03:00:00,,Aluno-1269,Cursando,,0.0,,Fase 8 (Universitários)
RA-12,8E,8E,,,17.0,Feminino,2021,Escola Privada,4.831948084967321,,0.0,,,,,,,,,10.0,,,PEDE2024,19.0,Fase 8 (Universitários),,2005-04-29 00:00:00,,Aluno-12,Cursando,,0.0,,Fase 8 (Universitários)
RA-35,8E,8E,,,17.0,Feminino,2021,Escola Privada,8.96534820289855,,0.0,,,,,,,,,10.0,,,PEDE2024,19.0,Fase 8 (Universitários),,2005-04-22 03:00:00,,Aluno-35,Cursando,,0.0,,Fase 8 (Universitários)
RA-1636,8E,8E,,,18.0,Feminino,2021,Escola Privada,,,0.0,,,,,,,,,10.0,,,PEDE2024,20.0,Fase 8 (Universitários),,2004-06-10 03:00:00,,Aluno-1636,Cursando,,0.0,,Fase 8 (Universitários)
RA-88,8E,8E,,,17.0,Masculino,2021,Escola Privada,7.4984926759906765,,0.0,,,,,,,,,10.0,,,PEDE2024,19.0,Fase 8 (Universitários),,2005-05-14 03:00:00,,Aluno-88,Cursando,,0.0,,Fase 8 (Universitários)
RA-36,8E,8E,,,17.0,Feminino,2021,Escola Privada,7.875768381520724,,0.0,,,,,,,,,10.0,,,PEDE2024,19.0,Fase 8 (Universitários),,2005-07-26 03:00:00,,Aluno-36,Cursando,,0.0,,Fase 8 (Universitários)
RA-21,8E,8E,,,18.0,Masculino,2022,Escola Privada,6.944792333333333,,0.0,,,,,,,,,10.0,,,PEDE2024,20.0,Fase 8 (Universitários),,2004-09-13 03:00:00,,Aluno-21,Cursando,,0.0,,Fase 8 (Universitários)
RA-49,8E,8E,,,17.0,Feminino,2022,Escola Privada,6.304434274042951,,0.0,,,,,,,,,10.0,,,PEDE2024,19.0,Fase 8 (Universitários),,2005-06-21 03:00:00,,Aluno-49,Cursando,,0.0,,Fase 8 (Universitários)
RA-1225,8F,8F,,,17.0,Feminino,2021,Escola Privada,,,0.0,,,,,,,,,10.0,,,PEDE2024,19.0,Fase 8 (Universitários),,2005-01-29 00:00:00,,Aluno-1225,Cursando,,0.0,,Fase 8 (Universitários)
RA-1221,8F,8F,,,21.0,Feminino,2023,Outros,,,0.0,,8.0,7.0,7.0,10.0,,,,10.0,,,PEDE2024,23.0,Fase 8 (Universitários),8.027466667,2001-10-15 00:00:00,,Aluno-1221,Cursando,,0.0,,Fase 8 (Universitários)
RA-26,8F,8F,,,17.0,Masculino,2022,Escola Privada,8.676670333333334,,0.0,,,,,,,,,10.0,,,PEDE2024,19.0,Fase 8 (Universitários),,2005-10-11 00:00:00,,Aluno-26,Cursando,,0.0,,Fase 8 (Universitários)
RA-27,8F,8F,,,16.0,Masculino,2021,Escola Privada,7.123577106726749,,0.0,,,,,,,,,10.0,,,PEDE2024,18.0,Fase 8 (Universitários),7.921266667,2006-05-01 00:00:00,,Aluno-27,Cursando,,0.0,,Fase 8 (Universitários)
RA-155,8F,8F,,,16.0,Masculino,2022,Escola Privada,7.051313529258098,,0.0,,,,,,,,,10.0,,,PEDE2024,18.0,Fase 8 (Universitários),6.318991667,2006-06-18 00:00:00,,Aluno-155,Cursando,,0.0,,Fase 8 (Universitários)
RA-96,8F,8F,,,16.0,Masculino,2021,Outros,7.539924757631258,,0.0,,,,,,,,,10.0,,,PEDE2024,18.0,Fase 8 (Universitários),7.610791667,2006-01-21 00:00:00,,Aluno-96,Cursando,,0.0,,Fase 8 (Universitários)
RA-59,8F,8F,,,17.0,Masculino,2022,Escola Privada,7.641655050108932,,0.0,,,,,,,,,10.0,,,PEDE2024,19.0,Fase 8 (Universitários),7.692291667,2005-10-11 00:00:00,,Aluno-59,Cursando,,0.0,,Fase 8 (Universitários)
RA-1216,8F,8F,,,18.0,Feminino,2023,Escola Privada,,,0.0,,,,,,,,,10.0,,,PEDE2024,20.0,Fase 8 (Universitários),7.7105,2004-03-15 00:00:00,,Aluno-1216,Cursando,,0.0,,Fase 8 (Universitários)
RA-19,8F,8F,,,18.0,Feminino,2022,Escola Privada,7.665178904761905,,0.0,,,,,,,,,10.0,,,PEDE2024,20.0,Fase 8 (Universitários),7.710866667,2003-11-22 00:00:00,,Aluno-19,Cursando,,0.0,,Fase 8 (Universitários)
RA-62,8F,8F,,,16.0,Feminino,2022,Escola Privada,7.8914507164502155,,0.0,,,,,,,,,10.0,,,PEDE2024,18.0,Fase 8 (Universitários),7.610333333,2005-12-31 00:00:00,,Aluno-62,Cursando,,0.0,,Fase 8 (Universitários)
RA-173,8F,8F,,,16.0,Masculino,2021,Escola Privada,7.815768210526317,,0.0,,,,,,,,,10.0,,,PEDE2024,18.0,Fase 8 (Universitários),7.757466667,2005-11-16 00:00:00,,Aluno-173,Cursando,,0.0,,Fase 8 (Universitários)
RA-38,8F,8F,,,16.0,Feminino,2021,Escola Privada,8.523222128427129,,0.0,,,,,,,,,10.0,,,PEDE2024,18.0,Fase 8 (Universitários),8.835333333,2005-12-23 00:00:00,,Aluno-38,Cursando,,0.0,,Fase 8 (Universitários)
RA-1224,8F,8F,,,19.0,Masculino,2023,Outros,,,0.0,,,,,,,,,10.0,,,PEDE2024,21.0,Fase 8 (Universitários),7.5524,2003-09-01 03:00:00,,Aluno-1224,Cursando,,0.0,,Fase 8 (Universitários)
RA-39,8F,8F,,,16.0,Feminino,2021,Escola Privada,6.032563917069858,,0.0,,,,,,,,,10.0,,,PEDE2024,18.0,Fase 8 (Universitários),8.710333333,2006-01-19 00:00:00,,Aluno-39,Cursando,,0.0,,Fase 8 (Universitários)
RA-1637,9,9,,,21.0,Masculino,2021,Escola Privada,,,0.0,,,,,,,,,10.0,,,PEDE2024,23.0,Fase 8 (Universitários),,2001-07-23 03:00:00,,Aluno-1637,Cursando,,1.0,,Fase 8 (Universitários)
RA-1638,9,9,,,20.0,Feminino,2021,Escola Privada,,,0.0,,,,,,,,,10.0,,,PEDE2024,22.0,Fase 8 (Universitários),,2002-01-25 02:00:00,,Aluno-1638,Cursando,,1.0,,Fase 8 (Universitários)
RA-1268,9,9,,,18.0,Masculino,2021,Escola Privada,,,0.0,,,,,,,,,10.0,,,PEDE2024,20.0,Fase 8 (Universitários),,2004-05-17 00:00:00,,Aluno-1268,Cursando,,1.0,,Fase 8 (Universitários)
RA-1260,9,9,,,18.0,Masculino,2021,Escola Privada,,,0.0,,,,,,,,,10.0,,,PEDE2024,20.0,Fase 8 (Universitários),,2004-05-08 03:00:00,,Aluno-1260,Cursando,,1.0,,Fase 8 (Universitários)
RA-1639,9,9,,,19.0,Masculino,2021,Escola Privada,,,0.0,,,,,,,,,10.0,,,PEDE2024,21.0,Fase 8 (Universitários),,2003-02-05 02:00:00,,Aluno-1639,Cursando,,1.0,,Fase 8 (Universitários)
RA-1640,9,9,,,21.0,Feminino,2021,Escola Privada,,,0.0,,,,,,,,,10.0,,,PEDE2024,23.0,Fase 8 (Universitários),,2001-02-26 03:00:00,,Aluno-1640,Cursando,,1.0,,Fase 8 (Universitários)
RA-1641,9,9,,,19.0,Masculino,2021,Escola Privada,,,0.0,,,,,,,,,10.0,,,PEDE2024,21.0,Fase 8 (Universitários),,2002-12-23 02:00:00,,Aluno-1641,Cursando,,1.0,,Fase 8 (Universitários)
RA-1266,9,9,,,18.0,Feminino,2021,Escola Privada,,,0.0,,,,,,,,,10.0,,,PEDE2024,20.0,Fase 8 (Universitários),,2004-04-06 03:00:00,,Aluno-1266,Cursando,,1.0,,Fase 8 (Universitários)
RA-1642,9,9,,,21.0,Masculino,2021,Escola Privada,,,0.0,,,,,,,,,10.0,,,PEDE2024,23.0,Fase 8 (Universitários),,2001-03-18 03:00:00,,Aluno-1642,Cursando,,1.0,,Fase 8 (Universitários)
RA-1258,9,9,,,23.0,Masculino,2021,Escola Privada,,,0.0,,,,,,,,,10.0,,,PEDE2024,25.0,Fase 8 (Universitários),,1998-12-24 02:00:00,,Aluno-1258,Cursando,,1.0,,Fase 8 (Universitários)
RA-1235,9,9,,,20.0,Masculino,2021,Escola Privada,,,0.0,,,,,,,,,10.0,,,PEDE2024,22.0,Fase 8 (Universitários),,2002-06-25 03:00:00,,Aluno-1235,Cursando,,1.0,,Fase 8 (Universitários)
RA-1643,9,9,,,20.0,Masculino,2021,Escola Privada,,,0.0,,,,,,,,,10.0,,,PEDE2024,22.0,Fase 8 (Universitários),,2002-06-18 00:00:00,,Aluno-1643,Cursando,,1.0,,Fase 8 (Universitários)
RA-1644,9,9,,,19.0,Masculino,2021,Escola Privada,,,0.0,,,,,,,,,10.0,,,PEDE2024,21.0,Fase 8 (Universitários),,2003-07-28 03:00:00,,Aluno-1644,Cursando,,1.0,,Fase 8 (Universitários)
RA-1645,9,9,,,21.0,Masculino,2021,Escola Privada,,,0.0,,,,,,,,,10.0,,,PEDE2024,23.0,Fase 8 (Universitários),,2001-08-08 03:00:00,,Aluno-1645,Cursando,,1.0,,Fase 8 (Universitários)
RA-1646,9,9,,,19.0,Masculino,2021,Escola Privada,,,0.0,,,,,,,,,10.0,,,PEDE2024,21.0,Fase 8 (Universitários),,2003-07-28 03:00:00,,Aluno-1646,Cursando,,1.0,,Fase 8 (Universitários)
RA-1647,9,9,,,20.0,Feminino,2021,Escola Privada,,,0.0,,,,,,,,,10.0,,,PEDE2024,22.0,Fase 8 (Universitários),,2002-11-01 03:00:00,,Aluno-1647,Cursando,,1.0,,Fase 8 (Universitários)
RA-1237,9,9,,,20.0,Feminino,2021,Escola Privada,,,0.0,,,,,,,,,10.0,,,PEDE2024,22.0,Fase 8 (Universitários),,2002-02-03 02:00:00,,Aluno-1237,Cursando,,1.0,,Fase 8 (Universitários)
RA-1648,9,9,,,20.0,Masculino,2021,Escola Privada,,,0.0,,,,,,,,,10.0,,,PEDE2024,22.0,Fase 8 (Universitários),,2002-04-07 00:00:00,,Aluno-1648,Cursando,,1.0,,Fase 8 (Universitários)
RA-1649,9,9,,,21.0,Masculino,2021,Escola Privada,,,0.0,,,,,,,,,10.0,,,PEDE2024,23.0,Fase 8 (Universitários),,2001-03-30 03:00:00,,Aluno-1649,Cursando,,1.0,,Fase 8 (Universitários)
RA-1650,9,9,,,20.0,Masculino,2021,Escola Privada,,,0.0,,,,,,,,,10.0,,,PEDE2024,22.0,Fase 8 (Universitários),,2002-09-01 03:00:00,,Aluno-1650,Cursando,,1.0,,Fase 8 (Universitários)
RA-1651,9,9,,,20.0,Masculino,2021,Escola Privada,,,0.0,,,,,,,,,10.0,,,PEDE2024,22.0,Fase 8 (Universitários),,2002-05-08 00:00:00,,Aluno-1651,Cursando,,1.0,,Fase 8 (Universitários)
RA-1652,9,9,,,20.0,Feminino,2021,Escola Privada,,,0.0,,,,,,,,,10.0,,,PEDE2024,22.0,Fase 8 (Universitários),,2002-10-16 03:00:00,,Aluno-1652,Cursando,,1.0,,Fase 8 (Universitários)
RA-1653,9,9,,,18.0,Masculino,2021,Escola Privada,,,0.0,,,,,,,,,10.0,,,PEDE2024,20.0,Fase 8 (Universitários),,2003-11-10 02:00:00,,Aluno-1653,Cursando,,1.0,,Fase 8 (Universitários)
RA-1654,9,9,,,20.0,Masculino,2021,Escola Privada,,,0.0,,,,,,,,,10.0,,,PEDE2024,22.0,Fase 8 (Universitários),,2002-01-26 02:00:00,,Aluno-1654,Cursando,,1.0,,Fase 8 (Universitários)
RA-1655,9,9,,,19.0,Feminino,2022,Escola Privada,,,0.0,,,,,,,,,10.0,,,PEDE2024,21.0,Fase 8 (Universitários),,2003-01-12 02:00:00,,Aluno-1655,Cursando,,1.0,,Fase 8 (Universitários)
RA-1656,9,9,,,20.0,Masculino,2021,Escola Privada,,,0.0,,,,,,,,,10.0,,,PEDE2024,22.0,Fase 8 (Universitários),,2002-09-09 00:00:00,,Aluno-1656,Cursando,,1.0,,Fase 8 (Universitários)
RA-1254,9,9,,,18.0,Masculino,2021,Escola Privada,,,0.0,,,,,,,,,10.0,,,PEDE2024,20.0,Fase 8 (Universitários),,2003-12-30 02:00:00,,Aluno-1254,Cursando,,1.0,,Fase 8 (Universitários)
RA-1233,9,9,,,21.0,Feminino,2021,Escola Privada,,,0.0,,,,,,,,,10.0,,,PEDE2024,23.0,Fase 8 (Universitários),,2001-07-30 03:00:00,,Aluno-1233,Cursando,,1.0,,Fase 8 (Universitários)
RA-1232,9,9,,,20.0,Masculino,2021,Escola Privada,,,0.0,,,,,,,,,10.0,,,PEDE2024,22.0,Fase 8 (Universitários),,2002-04-18 00:00:00,,Aluno-1232,Cursando,,1.0,,Fase 8 (Universitários)
RA-1231,9,9,,,21.0,Masculino,2021,Escola Privada,,,0.0,,,,,,,,,10.0,,,PEDE2024,23.0,Fase 8 (Universitários),,2001-09-26 03:00:00,,Aluno-1231,Cursando,,1.0,,Fase 8 (Universitários)
RA-1238,9,9,,,20.0,Feminino,2021,Escola Privada,,,0.0,,,,,,,,,10.0,,,PEDE2024,22.0,Fase 8 (Universitários),,2002-05-27 03:00:00,,Aluno-1238,Cursando,,1.0,,Fase 8 (Universitários)
RA-1267,9,9,,,21.0,Feminino,2021,Escola Privada,,,0.0,,,,,,,,,10.0,,,PEDE2024,23.0,Fase 8 (Universitários),,2001-06-29 03:00:00,,Aluno-1267,Cursando,,1.0,,Fase 8 (Universitários)
RA-1657,9,9,,,18.0,Masculino,2021,Escola Privada,,,0.0,,,,,,,,,10.0,,,PEDE2024,20.0,Fase 8 (Universitários),,2003-12-07 02:00:00,,Aluno-1657,Cursando,,1.0,,Fase 8 (Universitários)
RA-1658,9,9,,,19.0,Masculino,2021,Escola Privada,,,0.0,,,,,,,,,10.0,,,PEDE2024,21.0,Fase 8 (Universitários),,2002-12-14 02:00:00,,Aluno-1658,Cursando,,1.0,,Fase 8 (Universitários)
RA-1659,9,9,,,19.0,Masculino,2021,Escola Privada,,,0.0,,,,,,,,,10.0,,,PEDE2024,21.0,Fase 8 (Universitários),,2003-02-04 02:00:00,,Aluno-1659,Cursando,,1.0,,Fase 8 (Universitários)
RA-1252,9,9,,,20.0,Feminino,2021,Escola Privada,,,0.0,,,,,,,,,10.0,,,PEDE2024,22.0,Fase 8 (Universitários),,2002-06-03 03:00:00,,Aluno-1252,Cursando,,1.0,,Fase 8 (Universitários)
RA-1660,9,9,,,22.0,Feminino,2021,Escola Privada,,,0.0,,,,,,,,,10.0,,,PEDE2024,24.0,Fase 8 (Universitários),,2000-06-28 03:00:00,,Aluno-1660,Cursando,,1.0,,Fase 8 (Universitários)
RA-1661,9,9,,,19.0,Feminino,2021,Escola Privada,,,0.0,,,,,,,,,10.0,,,PEDE2024,21.0,Fase 8 (Universitários),,2003-01-29 02:00:00,,Aluno-1661,Cursando,,1.0,,Fase 8 (Universitários)
