student_id,phase,class,name,birth_year,age_2022,gender,admission_year,school_institution,inde_2022,iaa,ieg,ips,ida,math,portuguese,english,indicated_for_intervention,achieved_turning_point,ipv,ian,Fase ideal,deficiency,year,Defasagem,Ativo/ Inativo,Pedra 2023,Nome Anonimizado,age,Fase Ideal,inde_2023,ipp,Data de Nasc,inde_2024
RA-1,7,A,Aluno-1,2003,19,Menina,2016,Escola Pública,5.783,8.3,4.1,5.6,4.0,2.7,3.5,6.0,Sim,Não,7.278,5.0,Fase 8 (Universitários),-1,PEDE2022,,,,,,,,,,
RA-2,7,A,Aluno-2,2005,17,Menina,2017,Rede Decisão,7.055,8.8,5.2,6.3,6.8,6.3,4.5,9.7,Não,Não,6.778,10.0,Fase 7 (3º EM),0,PEDE2022,,,,,,,,,,
RA-3,7,A,Aluno-3,2005,17,Menina,2016,Rede Decisão,6.591,0.0,7.9,5.6,5.6,5.8,4.0,6.9,Não,Não,7.556,10.0,Fase 7 (3º EM),0,PEDE2022,,,,,,,,,,
RA-4,7,A,Aluno-4,2005,17,Menino,2017,Rede Decisão,5.951,8.8,4.5,5.6,5.0,2.8,3.5,8.7,Não,Não,5.278,10.0,Fase 7 (3º EM),0,PEDE2022,,,,,,,,,,
RA-5,7,A,Aluno-5,2005,17,Menina,2016,Rede Decisão,7.427,7.9,8.6,5.6,5.2,7.0,2.9,5.7,Não,Não,7.389,10.0,Fase 7 (3º EM),0,PEDE2022,,,,,,,,,,
RA-6,7,A,Aluno-6,2004,18,Menina,2021,Escola Pública,5.848,7.9,4.5,7.5,3.3,2.3,5.3,2.3,Sim,Não,7.222,5.0,Fase 8 (Universitários),-1,PEDE2022,,,,,,,,,,
RA-7,7,A,Aluno-7,2004,18,Menino,2017,Rede Decisão,6.818,0.0,8.4,7.5,7.6,8.2,5.7,9.0,Não,Não,7.667,5.0,Fase 8 (Universitários),-1,PEDE2022,,,,,,,,,,
RA-8,7,A,Aluno-8,2002,20,Menina,2018,Escola Pública,4.786,7.1,4.6,6.3,1.6,1.2,0.7,2.9,Não,Não,6.278,5.0,Fase 8 (Universitários),-1,PEDE2022,,,,,,,,,,
RA-9,7,A,Aluno-9,2004,18,Menina,2019,Escola Pública,8.109,8.8,9.5,7.5,6.7,5.5,6.0,8.7,Sim,Sim,9.5,5.0,Fase 8 (Universitários),-1,PEDE2022,,,,,,,,,,
RA-10,7,A,Aluno-10,2004,18,Menina,2021,Escola Pública,5.784,8.3,5.2,5.0,4.1,3.3,2.6,6.4,Não,Não,7.056,5.0,Fase 8 (Universitários),-1,PEDE2022,,,,,,,,,,
RA-11,7,A,Aluno-11,2004,18,Menina,2016,Escola Pública,5.323,9.2,4.2,5.0,3.0,1.8,2.5,4.5,Não,Não,6.389,5.0,Fase 8 (Universitários),-1,PEDE2022,,,,,,,,,,
RA-12,7,A,Aluno-12,2005,17,Menina,2020,Escola Pública,4.832,0.0,4.0,6.9,1.5,2.7,1.1,0.7,Sim,Não,6.389,10.0,Fase 7 (3º EM),0,PEDE2022,,,,,,,,,,
RA-13,7,A,Aluno-13,2004,18,Menino,2016,Escola Pública,6.902,7.9,7.4,7.5,4.7,3.5,5.5,5.2,Sim,Não,8.056,5.0,Fase 8 (Universitários),-1,PEDE2022,,,,,,,,,,
RA-14,7,D,Aluno-14,2001,21,Menino,2022,Escola Pública,6.793,7.9,8.3,7.5,4.0,8.0,0.0,,Sim,Não,7.75,5.0,Fase 8 (Universitários),-1,PEDE2022,,,,,,,,,,
RA-15,7,D,Aluno-15,2004,18,Menino,2022,Escola Pública,7.783,8.8,10.0,7.5,7.3,8.0,6.5,,Sim,Não,7.292,5.0,Fase 8 (Universitários),-1,PEDE2022,,,,,,,,,,
RA-16,7,D,Aluno-16,2003,19,Menino,2022,Escola Pública,6.112,7.9,8.3,5.0,3.5,7.0,0.0,,Sim,Não,6.333,5.0,Fase 8 (Universitários),-1,PEDE2022,,,,,,,,,,
RA-17,7,D,Aluno-17,2002,20,Menino,2022,Escola Pública,8.068,8.8,10.0,7.5,7.8,9.0,6.5,,Sim,Não,8.292,5.0,Fase 8 (Universitários),-1,PEDE2022,,,,,,,,,,
RA-18,7,D,Aluno-18,2003,19,Menino,2022,Escola Pública,7.226,6.3,8.7,6.3,9.0,9.0,9.0,,Sim,Não,6.875,5.0,Fase 8 (Universitários),-1,PEDE2022,,,,,,,,,,
RA-19,7,D,Aluno-19,2003,19,Menina,2022,Escola Pública,7.665,7.9,9.5,7.5,8.0,7.0,9.0,,Sim,Não,7.0,5.0,Fase 8 (Universitários),-1,PEDE2022,,,,,,,,,,
RA-20,7,D,Aluno-20,2003,19,Menina,2022,Escola Pública,7.535,7.1,10.0,6.3,7.8,9.0,6.5,,Sim,Não,7.167,5.0,Fase 8 (Universitários),-1,PEDE2022,,,,,,,,,,
RA-21,7,D,Aluno-21,2004,18,Menino,2022,Escola Pública,6.945,9.6,9.2,7.5,3.8,7.0,0.5,,Sim,Não,7.25,5.0,Fase 8 (Universitários),-1,PEDE2022,,,,,,,,,,
RA-22,6,A,Aluno-22,2005,17,Menina,2019,Rede Decisão,7.474,8.3,7.4,8.1,6.7,9.0,3.1,7.8,Não,Sim,8.833,5.0,Fase 7 (3º EM),-1,PEDE2022,,,,,,,,,,
RA-23,6,A,Aluno-23,2005,17,Menino,2021,Escola Pública,7.677,8.3,8.2,8.1,6.7,7.2,4.7,8.2,Sim,Sim,8.556,5.0,Fase 7 (3º EM),-1,PEDE2022,,,,,,,,,,
RA-24,6,A,Aluno-24,2005,17,Menina,2021,Rede Decisão,8.087,9.2,7.9,6.9,8.6,10.0,6.3,9.7,Não,Sim,9.111,5.0,Fase 7 (3º EM),-1,PEDE2022,,,,,,,,,,
RA-25,6,A,Aluno-25,2005,17,Menina,2021,Escola Pública,7.979,8.3,8.3,8.8,6.9,9.2,3.8,7.7,Sim,Sim,9.667,5.0,Fase 7 (3º EM),-1,PEDE2022,,,,,,,,,,
RA-26,6,A,Aluno-26,2005,17,Menino,2022,Escola Pública,8.677,9.6,8.8,10.0,8.0,9.5,4.4,10.0,Sim,Sim,10.0,5.0,Fase 7 (3º EM),-1,PEDE2022,,,,,,,,,,
RA-27,6,A,Aluno-27,2005,17,Menino,2016,Rede Decisão,7.124,0.0,7.6,8.1,8.0,7.7,6.3,10.0,Não,Sim,9.111,5.0,Fase 7 (3º EM),-1,PEDE2022,,,,,,,,,,
RA-28,6,A,Aluno-28,2005,17,Menina,2019,Escola Pública,6.242,7.9,6.1,7.5,5.0,8.2,1.5,5.3,Não,Não,6.333,5.0,Fase 7 (3º EM),-1,PEDE2022,,,,,,,,,,
RA-29,6,A,Aluno-29,2005,17,Menino,2022,Escola Pública,4.985,0.0,4.0,8.8,3.7,6.3,1.1,3.8,Sim,Não,7.611,5.0,Fase 7 (3º EM),-1,PEDE2022,,,,,,,,,,
RA-30,6,A,Aluno-30,2006,16,Menina,2021,Escola Pública,7.605,8.8,6.4,7.5,7.5,8.5,4.4,9.7,Não,Não,7.333,10.0,Fase 6 (2º EM),0,PEDE2022,,,,,,,,,,
RA-31,6,A,Aluno-31,2005,17,Menina,2019,Rede Decisão,8.843,10.0,9.5,9.4,8.0,9.0,5.7,9.3,Não,Sim,10.0,5.0,Fase 7 (3º EM),-1,PEDE2022,,,,,,,,,,
RA-32,6,A,Aluno-32,2006,16,Menina,2018,Rede Decisão,7.37,8.8,5.2,8.8,6.1,5.7,3.6,8.9,Não,Não,7.944,10.0,Fase 6 (2º EM),0,PEDE2022,,,,,,,,,,
RA-33,6,A,Aluno-33,2005,17,Menina,2020,Escola Pública,4.952,0.0,4.6,7.5,4.8,9.0,1.6,3.7,Não,Não,6.0,5.0,Fase 7 (3º EM),-1,PEDE2022,,,,,,,,,,
RA-34,6,A,Aluno-34,2005,17,Menino,2016,Rede Decisão,6.259,9.6,4.8,8.1,3.8,4.7,4.0,2.8,Não,Não,7.278,5.0,Fase 7 (3º EM),-1,PEDE2022,,,,,,,,,,
RA-35,6,A,Aluno-35,2005,17,Menina,2019,Rede Decisão,8.965,10.0,9.6,9.4,8.5,9.0,7.1,9.3,Não,Sim,10.0,5.0,Fase 7 (3º EM),-1,PEDE2022,,,,,,,,,,
RA-36,6,A,Aluno-36,2005,17,Menina,2019,Rede Decisão,7.876,9.2,9.0,6.9,6.8,8.5,4.3,7.8,Não,Sim,8.944,5.0,Fase 7 (3º EM),-1,PEDE2022,,,,,,,,,,
RA-37,6,A,Aluno-37,2005,17,Menina,2019,Rede Decisão,4.95,0.0,5.4,5.0,5.9,2.3,5.3,10.0,Não,Não,5.222,5.0,Fase 7 (3º EM),-1,PEDE2022,,,,,,,,,,
RA-38,6,A,Aluno-38,2005,17,Menina,2017,Rede Decisão,8.523,9.2,8.9,7.5,8.6,9.0,7.0,9.7,Não,Sim,9.833,5.0,Fase 7 (3º EM),-1,PEDE2022,,,,,,,,,,
RA-39,6,A,Aluno-39,2006,16,Menina,2017,Rede Decisão,6.033,0.0,4.8,6.9,6.9,7.7,5.1,7.8,Não,Não,6.111,10.0,Fase 6 (2º EM),0,PEDE2022,,,,,,,,,,
RA-40,5,A,Aluno-40,2006,16,Menina,2016,Rede Decisão,7.203,7.9,7.8,7.5,6.8,4.7,7.3,8.4,Não,Não,7.75,5.0,Fase 6 (2º EM),-1,PEDE2022,,,,,,,,,,
RA-41,5,A,Aluno-41,2005,17,Menino,2018,Escola Pública,5.581,9.2,6.1,5.0,5.6,6.3,2.5,8.0,Não,Não,4.375,5.0,Fase 7 (3º EM),-2,PEDE2022,,,,,,,,,,
RA-42,5,A,Aluno-42,2007,15,Menino,2019,Rede Decisão,6.72,8.3,7.9,5.6,4.8,3.7,4.5,6.2,Não,Não,6.083,10.0,Fase 5 (1º EM),0,PEDE2022,,,,,,,,,,
RA-43,5,A,Aluno-43,2006,16,Menina,2019,Escola Pública,5.486,6.3,6.5,5.6,4.3,4.0,5.8,3.2,Não,Não,5.958,5.0,Fase 6 (2º EM),-1,PEDE2022,,,,,,,,,,
RA-44,5,A,Aluno-44,2005,17,Menina,2021,Escola Pública,5.542,5.0,5.9,7.5,3.0,2.3,3.5,3.2,Sim,Não,7.292,5.0,Fase 7 (3º EM),-2,PEDE2022,,,,,,,,,,
RA-45,5,A,Aluno-45,2007,15,Menina,2019,Rede Decisão,7.591,7.9,8.9,5.6,6.8,6.3,5.2,8.8,Não,Não,7.417,10.0,Fase 5 (1º EM),0,PEDE2022,,,,,,,,,,
RA-46,5,A,Aluno-46,2005,17,Menina,2022,Escola Pública,6.048,8.8,8.4,6.3,2.1,2.8,2.8,0.7,Não,Não,7.083,5.0,Fase 7 (3º EM),-2,PEDE2022,,,,,,,,,,
RA-47,5,A,Aluno-47,2005,17,Menina,2022,Escola Pública,5.677,7.9,6.3,7.5,2.1,2.5,2.2,1.5,Não,Não,7.042,5.0,Fase 7 (3º EM),-2,PEDE2022,,,,,,,,,,
RA-48,5,A,Aluno-48,2007,15,Menina,2017,Rede Decisão,8.006,6.7,8.4,7.5,8.1,6.7,8.0,9.5,Não,Sim,8.5,10.0,Fase 5 (1º EM),0,PEDE2022,,,,,,,,,,
RA-49,5,A,Aluno-49,2005,17,Menina,2022,Escola Pública,6.304,7.5,7.4,7.5,3.9,1.5,4.2,6.2,Não,Não,7.042,5.0,Fase 7 (3º EM),-2,PEDE2022,,,,,,,,,,
RA-50,5,A,Aluno-50,2004,18,Menina,2022,Escola Pública,7.138,7.5,8.4,7.5,7.8,6.5,7.3,9.7,Não,Não,7.542,2.5,Fase 8 (Universitários),-3,PEDE2022,,,,,,,,,,
RA-51,5,B,Aluno-51,2005,17,Menina,2022,Escola Pública,6.488,8.8,7.6,7.5,5.0,4.5,4.5,6.0,Não,Não,6.5,5.0,Fase 7 (3º EM),-2,PEDE2022,,,,,,,,,,
RA-52,5,B,Aluno-52,2009,13,Menino,2018,Rede Decisão,7.861,9.6,8.9,7.5,6.2,3.3,6.3,8.8,Não,Não,7.5,10.0,Fase 3 (7º e 8º ano),2,PEDE2022,,,,,,,,,,
RA-53,5,B,Aluno-53,2005,17,Menino,2022,Escola Pública,6.725,9.2,7.0,7.5,7.0,6.0,8.0,,Não,Não,6.458,5.0,Fase 7 (3º EM),-2,PEDE2022,,,,,,,,,,
RA-54,5,B,Aluno-54,2006,16,Menina,2022,Escola Pública,6.058,7.9,6.9,7.5,4.8,3.0,6.5,,Não,Não,6.125,5.0,Fase 6 (2º EM),-1,PEDE2022,,,,,,,,,,
RA-55,5,B,Aluno-55,2006,16,Menina,2017,Escola Pública,6.576,7.1,7.6,5.6,7.5,6.7,7.8,7.9,Não,Não,6.5,5.0,Fase 6 (2º EM),-1,PEDE2022,,,,,,,,,,
RA-56,5,B,Aluno-56,2007,15,Menina,2019,Rede Decisão,8.404,10.0,10.0,7.5,7.0,4.5,6.5,10.0,Não,Não,8.25,10.0,Fase 5 (1º EM),0,PEDE2022,,,,,,,,,,
RA-57,5,B,Aluno-57,2006,16,Menino,2017,Rede Decisão,7.305,7.1,8.1,5.6,8.4,9.0,7.0,9.3,Não,Não,7.875,5.0,Fase 6 (2º EM),-1,PEDE2022,,,,,,,,,,
RA-58,5,B,Aluno-58,2007,15,Menino,2017,Rede Decisão,8.136,9.6,9.2,6.3,7.2,4.5,8.0,9.0,Não,Não,8.125,10.0,Fase 5 (1º EM),0,PEDE2022,,,,,,,,,,
RA-59,5,B,Aluno-59,2005,17,Menino,2022,Escola Pública,7.642,9.2,9.3,7.5,7.2,7.0,5.7,8.8,Não,Não,7.917,5.0,Fase 7 (3º EM),-2,PEDE2022,,,,,,,,,,
RA-60,5,B,Aluno-60,2004,18,Menina,2021,Escola Pública,5.537,6.7,6.0,7.5,4.9,5.0,6.2,3.5,Não,Não,6.167,2.5,Fase 8 (Universitários),-3,PEDE2022,,,,,,,,,,
RA-61,5,B,Aluno-61,2007,15,Menino,2021,Escola Pública,7.533,9.2,7.4,7.5,5.8,1.7,6.3,9.3,Sim,Não,7.875,10.0,Fase 5 (1º EM),0,PEDE2022,,,,,,,,,,
RA-62,5,B,Aluno-62,2005,17,Menino,2022,Escola Pública,7.891,8.8,9.4,7.5,9.3,8.5,10.0,,Sim,Não,7.25,5.0,Fase 7 (3º EM),-2,PEDE2022,,,,,,,,,,
RA-63,5,B,Aluno-63,2006,16,Menino,2018,Rede Decisão,8.282,8.3,9.1,8.8,8.7,8.2,8.2,9.7,Não,Sim,9.417,5.0,Fase 6 (2º EM),-1,PEDE2022,,,,,,,,,,
RA-64,5,B,Aluno-64,2006,16,Menino,2019,Escola Pública,7.368,7.1,8.1,8.1,7.5,4.8,8.2,9.4,Sim,Não,8.25,5.0,Fase 6 (2º EM),-1,PEDE2022,,,,,,,,,,
RA-65,5,B,Aluno-65,2005,17,Menina,2022,Escola Pública,7.712,8.3,7.7,7.5,9.3,9.0,9.5,9.5,Sim,Não,7.875,5.0,Fase 7 (3º EM),-2,PEDE2022,,,,,,,,,,
RA-66,5,B,Aluno-66,2005,17,Menina,2022,Escola Pública,5.665,7.5,5.6,7.5,4.5,3.0,6.0,,Não,Não,5.917,5.0,Fase 7 (3º EM),-2,PEDE2022,,,,,,,,,,
RA-67,5,C,Aluno-67,2006,16,Menina,2019,Escola Pública,5.195,5.8,3.0,7.5,3.6,3.0,4.2,3.5,Não,Não,6.889,5.0,Fase 6 (2º EM),-1,PEDE2022,,,,,,,,,,
RA-68,5,C,Aluno-68,2006,16,Menino,2019,Escola Pública,6.438,8.3,6.0,7.5,4.0,4.7,4.8,2.7,Sim,Não,7.944,5.0,Fase 6 (2º EM),-1,PEDE2022,,,,,,,,,,
RA-69,5,C,Aluno-69,2006,16,Menino,2018,Escola Pública,5.718,8.3,6.1,7.5,2.5,4.7,2.6,0.3,Não,Não,6.167,5.0,Fase 6 (2º EM),-1,PEDE2022,,,,,,,,,,
RA-70,5,C,Aluno-70,2006,16,Menina,2017,Escola Pública,5.712,8.8,6.6,5.0,2.9,5.7,2.9,0.2,Não,Não,6.111,5.0,Fase 6 (2º EM),-1,PEDE2022,,,,,,,,,,
RA-71,5,C,Aluno-71,2005,17,Menina,2019,Escola Pública,4.332,7.9,2.0,7.5,1.2,1.3,2.2,0.0,Não,Não,5.833,5.0,Fase 7 (3º EM),-2,PEDE2022,,,,,,,,,,
RA-72,5,C,Aluno-72,2005,17,Menina,2022,Escola Pública,7.64,8.3,7.5,7.5,7.8,7.5,7.8,8.0,Sim,Sim,8.667,5.0,Fase 7 (3º EM),-2,PEDE2022,,,,,,,,,,
RA-73,5,C,Aluno-73,2005,17,Menina,2022,Escola Pública,5.271,7.1,3.0,7.5,3.3,4.5,3.0,2.3,Sim,Não,7.278,5.0,Fase 7 (3º EM),-2,PEDE2022,,,,,,,,,,
RA-74,5,C,Aluno-74,2006,16,Menino,2022,Escola Pública,4.989,9.6,3.3,7.5,2.0,6.0,0.0,0.0,Não,Não,5.833,5.0,Fase 6 (2º EM),-1,PEDE2022,,,,,,,,,,
RA-75,5,F,Aluno-75,2006,16,Menina,2022,Escola Pública,3.915,5.4,3.8,6.3,0.0,0.0,0.0,,Não,Não,4.625,5.0,Fase 6 (2º EM),-1,PEDE2022,,,,,,,,,,
RA-76,5,F,Aluno-76,2007,15,Menina,2017,Rede Decisão,9.105,10.0,9.1,8.1,8.7,9.3,8.3,8.4,Não,Sim,9.292,10.0,Fase 5 (1º EM),0,PEDE2022,,,,,,,,,,
RA-77,5,F,Aluno-77,2006,16,Menino,2019,Escola Pública,3.846,7.1,2.7,5.0,0.7,0.3,1.8,0.0,Não,Não,4.625,5.0,Fase 6 (2º EM),-1,PEDE2022,,,,,,,,,,
RA-78,5,F,Aluno-78,2005,17,Menino,2018,Rede Decisão,7.04,8.3,6.6,5.6,7.2,8.7,5.7,7.3,Não,Não,8.0,5.0,Fase 7 (3º EM),-2,PEDE2022,,,,,,,,,,
RA-79,5,F,Aluno-79,2006,16,Menina,2018,Rede Decisão,6.847,5.4,6.3,5.6,8.9,9.5,7.7,9.5,Não,Não,7.292,5.0,Fase 6 (2º EM),-1,PEDE2022,,,,,,,,,,
RA-80,5,K,Aluno-80,2006,16,Menina,2017,Rede Decisão,7.29,9.2,8.3,5.0,7.1,6.5,7.7,7.3,Não,Não,7.625,5.0,Fase 6 (2º EM),-1,PEDE2022,,,,,,,,,,
RA-81,5,K,Aluno-81,2008,14,Menina,2017,Rede Decisão,7.675,9.2,9.2,5.0,6.0,5.5,5.2,7.3,Não,Não,7.458,10.0,Fase 4 (9º ano),1,PEDE2022,,,,,,,,,,
RA-82,5,K,Aluno-82,2005,17,Menina,2022,Escola Pública,6.596,8.8,6.8,7.5,5.5,6.0,5.0,,Sim,Não,6.417,5.0,Fase 7 (3º EM),-2,PEDE2022,,,,,,,,,,
RA-83,5,K,Aluno-83,2005,17,Menina,2022,Escola Pública,6.671,7.9,6.8,7.5,6.8,6.0,7.5,,Sim,Não,5.958,5.0,Fase 7 (3º EM),-2,PEDE2022,,,,,,,,,,
RA-84,5,K,Aluno-84,2005,17,Menina,2018,Rede Decisão,6.682,7.1,8.8,5.0,5.8,5.7,6.5,5.2,Não,Não,6.75,5.0,Fase 7 (3º EM),-2,PEDE2022,,,,,,,,,,
RA-85,5,K,Aluno-85,2007,15,Menino,2022,Escola Pública,6.243,6.7,7.3,5.0,4.3,5.0,3.5,,Não,Não,5.833,10.0,Fase 5 (1º EM),0,PEDE2022,,,,,,,,,,
RA-86,5,K,Aluno-86,2006,16,Menino,2016,Rede Decisão,7.566,7.5,9.6,5.6,6.7,6.2,7.2,6.9,Não,Sim,8.458,5.0,Fase 6 (2º EM),-1,PEDE2022,,,,,,,,,,
RA-87,5,K,Aluno-87,2007,15,Menino,2021,Rede Decisão,8.712,8.3,9.6,7.5,8.8,8.3,8.0,10.0,Não,Sim,8.5,10.0,Fase 5 (1º EM),0,PEDE2022,,,,,,,,,,
RA-88,5,K,Aluno-88,2005,17,Menino,2021,Escola Pública,7.498,7.1,9.2,5.6,6.5,6.8,6.2,6.4,Sim,Sim,9.208,5.0,Fase 7 (3º EM),-2,PEDE2022,,,,,,,,,,
RA-89,5,K,Aluno-89,2006,16,Menino,2021,Escola Pública,7.323,9.6,7.8,7.5,5.9,7.5,5.7,4.7,Sim,Não,8.0,5.0,Fase 6 (2º EM),-1,PEDE2022,,,,,,,,,,
RA-90,5,L,Aluno-90,2009,13,Menina,2019,Rede Decisão,9.442,10.0,9.7,9.4,8.5,7.7,8.0,9.8,Não,Sim,9.75,10.0,Fase 3 (7º e 8º ano),2,PEDE2022,,,,,,,,,,
RA-91,5,L,Aluno-91,2006,16,Menina,2016,Rede Decisão,6.645,9.2,5.7,5.6,6.6,5.5,5.7,8.5,Não,Não,7.125,5.0,Fase 6 (2º EM),-1,PEDE2022,,,,,,,,,,
RA-92,5,L,Aluno-92,2006,16,Menina,2016,Rede Decisão,6.957,9.2,7.1,5.0,7.4,7.8,5.5,8.8,Não,Não,6.667,5.0,Fase 6 (2º EM),-1,PEDE2022,,,,,,,,,,
RA-93,5,L,Aluno-93,2007,15,Menina,2016,Rede Decisão,8.941,8.3,9.7,8.1,8.5,8.8,8.3,8.4,Não,Sim,9.083,10.0,Fase 5 (1º EM),0,PEDE2022,,,,,,,,,,
RA-94,5,L,Aluno-94,2007,15,Menina,2018,Rede Decisão,8.921,8.3,9.6,8.1,7.7,7.0,6.7,9.5,Não,Sim,9.583,10.0,Fase 5 (1º EM),0,PEDE2022,,,,,,,,,,
RA-95,5,L,Aluno-95,2005,17,Menina,2022,Escola Pública,6.308,8.3,6.6,7.5,4.8,6.0,8.0,0.5,Não,Não,6.292,5.0,Fase 7 (3º EM),-2,PEDE2022,,,,,,,,,,
RA-96,5,L,Aluno-96,2006,16,Menino,2021,Escola Pública,7.54,9.2,7.8,6.9,6.7,5.7,6.5,8.0,Sim,Sim,8.5,5.0,Fase 6 (2º EM),-1,PEDE2022,,,,,,,,,,
RA-97,5,L,Aluno-97,2007,15,Menina,2017,Rede Decisão,7.468,7.5,8.8,5.0,6.9,5.3,6.7,8.8,Não,Não,6.292,10.0,Fase 5 (1º EM),0,PEDE2022,,,,,,,,,,
RA-98,5,L,Aluno-98,2007,15,Menina,2017,Rede Decisão,9.354,8.8,10.0,9.4,8.5,8.4,8.2,8.9,Não,Sim,9.667,10.0,Fase 5 (1º EM),0,PEDE2022,,,,,,,,,,
RA-99,5,L,Aluno-99,2006,16,Menino,2019,Escola Pública,6.158,8.8,6.3,7.5,5.0,5.7,3.4,5.8,Não,Não,5.833,5.0,Fase 6 (2º EM),-1,PEDE2022,,,,,,,,,,
RA-100,4,A,Aluno-100,2009,13,Menina,2019,Rede Decisão,7.618,8.8,7.8,5.0,7.6,7.0,7.8,8.1,Não,Não,7.25,10.0,Fase 3 (7º e 8º ano),1,PEDE2022,,,,,,,,,,
RA-101,4,A,Aluno-101,2007,15,Menina,2021,Escola Pública,7.305,7.9,8.3,7.5,7.6,7.2,6.5,9.2,Sim,Não,6.833,5.0,Fase 5 (1º EM),-1,PEDE2022,,,,,,,,,,
RA-102,4,A,Aluno-102,2008,14,Menino,2019,Escola Pública,6.922,6.7,7.7,6.9,5.7,4.7,6.8,5.5,Não,Não,6.0,10.0,Fase 4 (9º ano),0,PEDE2022,,,,,,,,,,
RA-103,4,A,Aluno-103,2009,13,Menina,2020,Rede Decisão,8.107,7.9,8.7,7.5,7.3,7.3,7.3,7.3,Não,Não,7.708,10.0,Fase 3 (7º e 8º ano),1,PEDE2022,,,,,,,,,,
RA-104,4,A,Aluno-104,2004,18,Menino,2022,Escola Pública,6.315,7.9,8.7,7.5,3.7,4.8,5.8,0.3,Não,Não,6.708,2.5,Fase 8 (Universitários),-4,PEDE2022,,,,,,,,,,
RA-105,4,A,Aluno-105,2005,17,Menino,2016,Rede Decisão,6.846,7.9,8.2,5.6,6.7,7.2,6.2,6.8,Não,Não,7.417,2.5,Fase 7 (3º EM),-3,PEDE2022,,,,,,,,,,
RA-106,4,A,Aluno-106,2007,15,Menina,2016,Rede Decisão,7.973,9.2,8.0,9.4,7.4,7.8,7.2,7.2,Não,Sim,8.375,5.0,Fase 5 (1º EM),-1,PEDE2022,,,,,,,,,,
RA-107,4,A,Aluno-107,2007,15,Menina,2018,Escola Pública,6.258,7.5,6.4,7.5,4.6,3.3,4.3,6.0,Sim,Não,6.5,5.0,Fase 5 (1º EM),-1,PEDE2022,,,,,,,,,,
RA-108,4,A,Aluno-108,2005,17,Menina,2019,Escola Pública,5.547,4.6,7.7,5.0,5.0,3.0,5.8,6.2,Não,Não,6.125,2.5,Fase 7 (3º EM),-3,PEDE2022,,,,,,,,,,
RA-109,4,A,Aluno-109,2006,16,Menino,2021,Rede Decisão,8.512,8.8,10.0,8.8,8.4,7.8,7.5,9.9,Não,Sim,8.667,5.0,Fase 6 (2º EM),-2,PEDE2022,,,,,,,,,,
RA-110,4,A,Aluno-110,2008,14,Menino,2017,Rede Decisão,8.15,9.2,9.7,5.6,6.7,8.3,5.7,6.0,Não,Não,8.0,10.0,Fase 4 (9º ano),0,PEDE2022,,,,,,,,,,
RA-111,4,A,Aluno-111,2009,13,Menina,2020,Rede Decisão,8.646,7.5,9.4,8.1,8.0,6.7,7.5,9.7,Não,Sim,8.667,10.0,Fase 3 (7º e 8º ano),1,PEDE2022,,,,,,,,,,
RA-112,4,A,Aluno-112,2007,15,Menina,2016,Rede Decisão,7.836,7.9,7.8,6.3,8.5,9.0,7.5,9.1,Não,Sim,8.833,5.0,Fase 5 (1º EM),-1,PEDE2022,,,,,,,,,,
RA-113,4,A,Aluno-113,2007,15,Menina,2017,Rede Decisão,3.032,0.0,0.0,5.0,3.7,3.3,5.5,2.3,Não,Não,3.792,5.0,Fase 5 (1º EM),-1,PEDE2022,,,,,,,,,,
RA-114,4,A,Aluno-114,2006,16,Menino,2022,Escola Pública,5.894,7.9,6.3,7.5,5.3,6.0,4.5,,Não,Não,5.0,5.0,Fase 6 (2º EM),-2,PEDE2022,,,,,,,,,,
RA-115,4,A,Aluno-115,2006,16,Menina,2019,Escola Pública,5.886,8.3,6.8,6.3,3.8,3.0,5.7,2.7,Não,Não,5.583,5.0,Fase 6 (2º EM),-2,PEDE2022,,,,,,,,,,
RA-116,4,B,Aluno-116,2006,16,Menina,2019,Escola Pública,6.854,5.8,8.1,6.3,5.9,5.0,7.2,5.5,Sim,Não,7.792,5.0,Fase 6 (2º EM),-2,PEDE2022,,,,,,,,,,
RA-117,4,B,Aluno-117,2007,15,Menina,2022,Escola Pública,6.685,7.9,6.3,6.9,6.1,4.7,6.7,7.0,Não,Não,7.417,5.0,Fase 5 (1º EM),-1,PEDE2022,,,,,,,,,,
RA-118,4,B,Aluno-118,2008,14,Menina,2021,Escola Pública,5.597,0.0,5.3,6.3,3.9,3.7,4.7,3.5,Não,Não,6.958,10.0,Fase 4 (9º ano),0,PEDE2022,,,,,,,,,,
RA-119,4,B,Aluno-119,2008,14,Menina,2016,Rede Decisão,7.501,8.3,8.2,5.6,5.4,5.7,7.0,3.4,Não,Não,7.875,10.0,Fase 4 (9º ano),0,PEDE2022,,,,,,,,,,
RA-120,4,B,Aluno-120,2007,15,Menino,2019,Escola Pública,6.825,8.3,5.9,7.5,6.2,3.7,5.2,9.7,Sim,Não,7.667,5.0,Fase 5 (1º EM),-1,PEDE2022,,,,,,,,,,
RA-121,4,B,Aluno-121,2006,16,Menina,2021,Escola Pública,7.245,7.1,8.4,6.3,7.2,5.7,6.8,9.0,Sim,Não,7.625,5.0,Fase 6 (2º EM),-2,PEDE2022,,,,,,,,,,
RA-122,4,B,Aluno-122,2008,14,Menina,2019,Escola Pública,5.061,7.9,3.4,7.5,1.8,1.7,3.7,0.0,Não,Não,4.958,10.0,Fase 4 (9º ano),0,PEDE2022,,,,,,,,,,
RA-123,4,B,Aluno-123,2006,16,Menino,2017,Rede Decisão,7.084,7.9,8.6,5.6,6.5,7.3,6.3,5.9,Não,Não,7.292,5.0,Fase 6 (2º EM),-2,PEDE2022,,,,,,,,,,
RA-124,4,B,Aluno-124,2008,14,Menino,2016,Rede Decisão,7.388,7.9,7.8,5.0,6.7,5.7,7.0,7.5,Não,Não,7.167,10.0,Fase 4 (9º ano),0,PEDE2022,,,,,,,,,,
RA-125,4,B,Aluno-125,2007,15,Menina,2022,Escola Pública,7.619,8.8,8.5,7.5,7.1,5.0,7.2,9.2,Sim,Não,7.75,5.0,Fase 5 (1º EM),-1,PEDE2022,,,,,,,,,,
RA-126,4,B,Aluno-126,2007,15,Menino,2018,Escola Pública,6.289,7.1,5.8,7.5,4.4,4.0,5.0,4.2,Sim,Não,7.417,5.0,Fase 5 (1º EM),-1,PEDE2022,,,,,,,,,,
RA-127,4,B,Aluno-127,2008,14,Menina,2022,Escola Pública,8.283,7.5,8.7,7.5,7.9,7.7,7.7,8.3,Sim,Não,8.125,10.0,Fase 4 (9º ano),0,PEDE2022,,,,,,,,,,
RA-128,4,B,Aluno-128,2007,15,Menino,2019,Escola Pública,5.563,0.0,6.2,7.5,5.6,6.7,6.8,3.2,Sim,Não,6.167,5.0,Fase 5 (1º EM),-1,PEDE2022,,,,,,,,,,
RA-129,4,B,Aluno-129,2007,15,Menino,2019,Escola Pública,6.926,6.7,6.4,7.5,6.7,6.0,5.3,8.7,Sim,Não,7.792,5.0,Fase 5 (1º EM),-1,PEDE2022,,,,,,,,,,
RA-130,4,F,Aluno-130,2006,16,Menina,2018,Escola Pública,5.624,8.3,4.7,5.0,4.1,3.7,5.2,3.5,Não,Não,6.5,5.0,Fase 6 (2º EM),-2,PEDE2022,,,,,,,,,,
RA-131,4,F,Aluno-131,2007,15,Menina,2016,Escola Pública,7.174,8.8,9.0,5.6,5.6,6.0,6.5,4.2,Sim,Não,7.75,5.0,Fase 5 (1º EM),-1,PEDE2022,,,,,,,,,,
RA-132,4,F,Aluno-132,2008,14,Menina,2019,Rede Decisão,8.355,10.0,8.8,5.6,7.7,6.5,7.5,9.1,Não,Sim,8.458,10.0,Fase 4 (9º ano),0,PEDE2022,,,,,,,,,,
RA-133,4,F,Aluno-133,2007,15,Menina,2016,Escola Pública,6.875,7.9,7.1,7.5,5.6,4.7,7.2,5.0,Não,Não,7.625,5.0,Fase 5 (1º EM),-1,PEDE2022,,,,,,,,,,
RA-134,4,F,Aluno-134,2007,15,Menina,2021,Escola Pública,6.607,8.8,6.8,7.5,4.7,4.7,6.8,2.5,Sim,Não,7.375,5.0,Fase 5 (1º EM),-1,PEDE2022,,,,,,,,,,
RA-135,4,F,Aluno-135,2007,15,Menina,2019,Escola Pública,7.692,8.3,7.8,5.6,8.6,8.0,8.2,9.5,Sim,Sim,8.583,5.0,Fase 5 (1º EM),-1,PEDE2022,,,,,,,,,,
RA-136,4,F,Aluno-136,2007,15,Menino,2019,Escola Pública,6.478,10.0,6.3,7.5,4.6,5.3,5.7,2.8,Não,Não,6.667,5.0,Fase 5 (1º EM),-1,PEDE2022,,,,,,,,,,
RA-137,4,F,Aluno-137,2005,17,Menina,2016,Rede Decisão,7.056,7.5,8.9,5.0,7.3,6.0,7.3,8.5,Não,Não,7.792,2.5,Fase 7 (3º EM),-3,PEDE2022,,,,,,,,,,
RA-138,4,F,Aluno-138,2007,15,Menino,2016,Escola Pública,6.738,9.6,8.0,5.6,5.6,5.0,6.5,5.2,Sim,Não,6.375,5.0,Fase 5 (1º EM),-1,PEDE2022,,,,,,,,,,
RA-139,4,F,Aluno-139,2005,17,Menino,2019,Escola Pública,3.738,7.1,3.5,5.0,1.4,1.7,2.7,0.0,Não,Não,3.917,2.5,Fase 7 (3º EM),-3,PEDE2022,,,,,,,,,,
RA-140,4,F,Aluno-140,2008,14,Menina,2021,Escola Pública,7.407,7.9,7.6,6.9,5.7,5.0,6.5,5.6,Sim,Não,7.667,10.0,Fase 4 (9º ano),0,PEDE2022,,,,,,,,,,
RA-141,4,F,Aluno-141,2008,14,Menino,2017,Escola Pública,7.118,9.2,8.2,5.6,5.7,5.8,6.2,5.0,Não,Não,5.917,10.0,Fase 4 (9º ano),0,PEDE2022,,,,,,,,,,
RA-142,4,F,Aluno-142,2008,14,Menina,2021,Escola Pública,7.457,6.7,8.6,5.6,6.3,6.0,6.8,6.0,Não,Não,7.583,10.0,Fase 4 (9º ano),0,PEDE2022,,,,,,,,,,
RA-143,4,F,Aluno-143,2009,13,Menino,2019,Rede Decisão,8.638,8.3,9.9,5.6,7.9,9.7,7.7,6.4,Não,Sim,9.5,10.0,Fase 3 (7º e 8º ano),1,PEDE2022,,,,,,,,,,
RA-144,4,F,Aluno-144,2008,14,Menina,2017,Rede Decisão,8.181,7.5,9.3,5.0,7.9,7.5,7.2,9.0,Não,Não,8.292,10.0,Fase 4 (9º ano),0,PEDE2022,,,,,,,,,,
RA-145,4,H,Aluno-145,2006,16,Menino,2017,Escola Pública,5.846,0.0,6.3,8.1,5.2,3.0,4.8,7.8,Sim,Não,7.25,5.0,Fase 6 (2º EM),-2,PEDE2022,,,,,,,,,,
RA-146,4,H,Aluno-146,2007,15,Menina,2022,Escola Pública,7.947,8.3,9.2,7.5,7.9,6.3,7.3,10.0,Sim,Não,8.208,5.0,Fase 5 (1º EM),-1,PEDE2022,,,,,,,,,,
RA-147,4,H,Aluno-147,2008,14,Menina,2022,Escola Pública,7.541,8.3,7.7,7.5,6.1,5.8,4.8,7.7,Não,Não,7.25,10.0,Fase 4 (9º ano),0,PEDE2022,,,,,,,,,,
RA-148,4,H,Aluno-148,2008,14,Menino,2022,Escola Pública,7.894,9.2,7.9,10.0,5.3,4.7,6.3,5.0,Sim,Não,7.708,10.0,Fase 4 (9º ano),0,PEDE2022,,,,,,,,,,
RA-149,4,H,Aluno-149,2007,15,Menina,2022,Escola Pública,6.323,9.2,6.5,7.5,5.0,4.0,6.0,,Não,Não,6.125,5.0,Fase 5 (1º EM),-1,PEDE2022,,,,,,,,,,
RA-150,4,H,Aluno-150,2006,16,Menina,2020,Escola Pública,6.962,9.6,6.3,6.9,6.9,5.3,6.7,8.6,Sim,Não,7.333,5.0,Fase 6 (2º EM),-2,PEDE2022,,,,,,,,,,
RA-151,4,H,Aluno-151,2006,16,Menina,2020,Escola Pública,7.563,8.8,7.5,6.9,8.3,7.3,8.0,9.5,Sim,Não,7.958,5.0,Fase 6 (2º EM),-2,PEDE2022,,,,,,,,,,
RA-152,4,L,Aluno-152,2006,16,Menina,2022,Escola Pública,6.712,8.3,7.0,7.5,6.5,4.0,7.0,8.5,Não,Não,6.292,5.0,Fase 6 (2º EM),-2,PEDE2022,,,,,,,,,,
RA-153,4,L,Aluno-153,2008,14,Menina,2018,Rede Decisão,7.535,7.9,8.2,5.0,6.6,3.3,7.7,8.8,Não,Não,7.708,10.0,Fase 4 (9º ano),0,PEDE2022,,,,,,,,,,
RA-154,4,L,Aluno-154,2007,15,Menino,2017,Escola Pública,6.073,8.3,6.1,6.3,4.0,3.7,6.2,2.1,Sim,Não,6.833,5.0,Fase 5 (1º EM),-1,PEDE2022,,,,,,,,,,
RA-155,4,L,Aluno-155,2006,16,Menino,2022,Escola Pública,7.051,10.0,8.3,7.5,5.2,4.3,6.8,4.3,Sim,Não,6.833,5.0,Fase 6 (2º EM),-2,PEDE2022,,,,,,,,,,
RA-156,4,L,Aluno-156,2007,15,Menino,2018,Escola Pública,7.357,10.0,8.3,9.4,4.4,4.7,6.5,2.1,Sim,Não,7.792,5.0,Fase 5 (1º EM),-1,PEDE2022,,,,,,,,,,
RA-157,4,L,Aluno-157,2010,12,Menina,2018,Rede Decisão,8.317,7.5,10.0,6.3,7.7,7.0,7.5,8.7,Não,Não,8.292,10.0,Fase 3 (7º e 8º ano),1,PEDE2022,,,,,,,,,,
RA-158,4,L,Aluno-158,2005,17,Menina,2017,Rede Decisão,7.302,7.9,9.8,5.6,6.6,5.0,6.7,8.1,Não,Não,8.125,2.5,Fase 7 (3º EM),-3,PEDE2022,,,,,,,,,,
RA-159,4,L,Aluno-159,2007,15,Menina,2021,Escola Pública,6.49,8.3,8.1,5.6,4.7,4.3,5.8,3.9,Não,Não,6.458,5.0,Fase 5 (1º EM),-1,PEDE2022,,,,,,,,,,
RA-160,4,L,Aluno-160,2007,15,Menina,2021,Escola Pública,6.746,7.5,7.2,5.6,5.3,2.7,6.0,7.1,Sim,Não,8.25,5.0,Fase 5 (1º EM),-1,PEDE2022,,,,,,,,,,
RA-161,4,L,Aluno-161,2011,11,Menina,2018,Rede Decisão,7.957,7.9,9.1,5.6,6.9,5.3,6.8,8.5,Não,Não,8.083,10.0,Fase 2 (5º e 6º ano),2,PEDE2022,,,,,,,,,,
RA-162,4,L,Aluno-162,2008,14,Menina,2021,Escola Pública,7.215,6.7,8.5,7.5,5.5,4.7,5.5,6.4,Não,Não,6.542,10.0,Fase 4 (9º ano),0,PEDE2022,,,,,,,,,,
RA-163,4,L,Aluno-163,2007,15,Menina,2021,Escola Pública,6.797,8.8,7.9,5.6,6.7,6.5,6.3,7.4,Não,Não,6.5,5.0,Fase 5 (1º EM),-1,PEDE2022,,,,,,,,,,
RA-164,4,L,Aluno-164,2006,16,Menino,2018,Escola Pública,6.776,8.3,7.3,5.6,6.5,4.7,6.5,8.3,Sim,Não,7.208,5.0,Fase 6 (2º EM),-2,PEDE2022,,,,,,,,,,
RA-165,4,L,Aluno-165,2008,14,Menina,2017,Rede Decisão,8.063,7.1,9.8,5.6,7.6,5.3,7.8,9.7,Não,Não,7.5,10.0,Fase 4 (9º ano),0,PEDE2022,,,,,,,,,,
RA-166,4,L,Aluno-166,2008,14,Menino,2020,Escola Pública,8.253,9.2,9.0,6.3,8.1,7.0,7.2,10.0,Sim,Não,7.542,10.0,Fase 4 (9º ano),0,PEDE2022,,,,,,,,,,
RA-167,4,P,Aluno-167,2006,16,Menina,2018,Rede Decisão,7.798,9.2,9.7,5.6,7.9,9.3,8.0,6.3,Não,Não,7.833,5.0,Fase 6 (2º EM),-2,PEDE2022,,,,,,,,,,
RA-168,4,P,Aluno-168,2007,15,Menina,2018,Rede Decisão,6.917,7.9,8.3,6.3,5.9,4.7,8.2,5.0,Não,Não,7.083,5.0,Fase 5 (1º EM),-1,PEDE2022,,,,,,,,,,
RA-169,4,P,Aluno-169,2007,15,Menina,2018,Escola Pública,5.159,7.5,5.1,6.3,3.2,1.3,4.5,3.8,Não,Não,4.792,5.0,Fase 5 (1º EM),-1,PEDE2022,,,,,,,,,,
RA-170,4,P,Aluno-170,2008,14,Menina,2018,Rede Decisão,7.007,8.3,9.2,5.6,4.9,3.7,6.7,4.3,Não,Não,5.792,10.0,Fase 4 (9º ano),0,PEDE2022,,,,,,,,,,
RA-171,4,P,Aluno-171,2006,16,Menino,2022,Escola Pública,6.581,7.5,6.8,7.5,5.5,3.0,8.0,,Não,Não,6.875,5.0,Fase 6 (2º EM),-2,PEDE2022,,,,,,,,,,
RA-172,4,P,Aluno-172,2008,14,Menina,2018,Rede Decisão,8.673,9.2,8.9,9.4,7.3,6.0,7.7,8.1,Não,Sim,8.917,10.0,Fase 4 (9º ano),0,PEDE2022,,,,,,,,,,
RA-173,4,P,Aluno-173,2005,17,Menino,2019,Rede Decisão,7.816,8.3,9.2,6.9,7.9,9.0,7.5,7.1,Não,Sim,9.25,2.5,Fase 7 (3º EM),-3,PEDE2022,,,,,,,,,,
RA-174,4,P,Aluno-174,2007,15,Menina,2019,Escola Pública,6.075,7.9,6.2,7.5,4.4,4.0,5.3,3.8,Não,Não,6.042,5.0,Fase 5 (1º EM),-1,PEDE2022,,,,,,,,,,
RA-175,4,P,Aluno-175,2007,15,Menina,2018,Rede Decisão,6.75,8.3,9.2,5.6,5.9,4.7,7.2,5.9,Não,Não,5.833,5.0,Fase 5 (1º EM),-1,PEDE2022,,,,,,,,,,
RA-176,3,A,Aluno-176,2009,13,Menina,2018,Rede Decisão,8.427,9.6,9.1,5.6,6.9,5.1,6.8,8.7,Não,Sim,9.083,10.0,Fase 3 (7º e 8º ano),0,PEDE2022,,,,,,,,,,
RA-177,3,A,Aluno-177,2009,13,Menina,2022,Escola Pública,7.424,7.9,8.8,4.4,6.8,6.0,7.5,,Não,Não,6.958,10.0,Fase 3 (7º e 8º ano),0,PEDE2022,,,,,,,,,,
RA-178,3,A,Aluno-178,2009,13,Menina,2016,Rede Decisão,7.025,0.0,8.8,4.4,6.3,6.2,5.3,7.3,Não,Sim,8.458,10.0,Fase 3 (7º e 8º ano),0,PEDE2022,,,,,,,,,,
RA-179,3,A,Aluno-179,2010,12,Menino,2022,Escola Pública,7.993,7.5,9.2,7.5,6.1,3.7,6.7,8.0,Sim,Não,8.042,10.0,Fase 3 (7º e 8º ano),0,PEDE2022,,,,,,,,,,
RA-180,3,A,Aluno-180,2010,12,Menino,2018,Rede Decisão,8.442,9.2,8.3,6.3,8.1,7.7,8.3,8.3,Não,Sim,8.625,10.0,Fase 3 (7º e 8º ano),0,PEDE2022,,,,,,,,,,
RA-181,3,A,Aluno-181,2009,13,Menina,2019,Rede Decisão,8.623,9.2,9.5,8.8,6.8,6.8,7.3,6.2,Não,Sim,8.458,10.0,Fase 3 (7º e 8º ano),0,PEDE2022,,,,,,,,,,
RA-182,3,A,Aluno-182,2006,16,Menina,2021,Escola Pública,6.328,7.5,8.0,7.5,4.1,1.3,5.7,5.4,Não,Não,6.958,2.5,Fase 6 (2º EM),-3,PEDE2022,,,,,,,,,,
RA-183,3,A,Aluno-183,2009,13,Menina,2022,Escola Pública,7.3,8.3,8.8,7.5,3.8,0.0,7.5,,Não,Não,7.25,10.0,Fase 3 (7º e 8º ano),0,PEDE2022,,,,,,,,,,
RA-184,3,A,Aluno-184,2006,16,Menino,2019,Escola Pública,7.28,8.8,7.7,7.5,7.2,5.0,7.3,9.3,Sim,Não,8.0,2.5,Fase 6 (2º EM),-3,PEDE2022,,,,,,,,,,
RA-185,3,A,Aluno-185,2007,15,Menino,2021,Escola Pública,6.615,7.9,7.7,7.5,4.5,3.3,5.7,4.5,Não,Não,6.875,5.0,Fase 5 (1º EM),-2,PEDE2022,,,,,,,,,,
RA-186,3,A,Aluno-186,2009,13,Menina,2019,Escola Pública,7.832,8.3,8.5,7.5,6.6,6.0,5.7,8.0,Sim,Não,7.5,10.0,Fase 3 (7º e 8º ano),0,PEDE2022,,,,,,,,,,
RA-187,3,A,Aluno-187,2010,12,Menina,2019,Rede Decisão,7.928,8.8,8.9,7.5,5.8,5.3,7.2,4.8,Não,Não,7.917,10.0,Fase 3 (7º e 8º ano),0,PEDE2022,,,,,,,,,,
RA-188,3,A,Aluno-188,2008,14,Menino,2021,Escola Pública,5.307,0.0,6.1,7.5,2.7,3.0,3.2,2.0,Sim,Não,7.583,5.0,Fase 4 (9º ano),-1,PEDE2022,,,,,,,,,,
RA-189,3,A,Aluno-189,2008,14,Menino,2018,Rede Decisão,7.629,10.0,9.7,5.0,7.2,6.3,7.2,8.0,Não,Não,7.333,5.0,Fase 4 (9º ano),-1,PEDE2022,,,,,,,,,,
RA-190,3,A,Aluno-190,2009,13,Menina,2022,Escola Pública,7.335,6.7,6.9,8.8,6.3,5.0,7.5,,Não,Não,7.25,10.0,Fase 3 (7º e 8º ano),0,PEDE2022,,,,,,,,,,
RA-191,3,A,Aluno-191,2009,13,Menino,2019,Rede Decisão,8.74,10.0,9.4,8.8,7.2,8.0,7.2,6.3,Não,Sim,8.5,10.0,Fase 3 (7º e 8º ano),0,PEDE2022,,,,,,,,,,
RA-192,3,B,Aluno-192,2007,15,Menino,2021,Escola Pública,4.932,8.8,3.6,7.5,2.7,1.7,4.7,1.7,Não,Não,4.708,5.0,Fase 5 (1º EM),-2,PEDE2022,,,,,,,,,,
RA-193,3,B,Aluno-193,2010,12,Menino,2016,Rede Decisão,8.155,9.2,8.9,5.6,6.7,5.0,6.3,8.7,Não,Sim,8.5,10.0,Fase 3 (7º e 8º ano),0,PEDE2022,,,,,,,,,,
RA-194,3,B,Aluno-194,2008,14,Menina,2022,Escola Pública,4.265,0.0,6.2,5.0,3.2,3.7,5.8,0.0,Não,Não,3.75,5.0,Fase 4 (9º ano),-1,PEDE2022,,,,,,,,,,
RA-195,3,B,Aluno-195,2009,13,Menina,2017,Rede Decisão,8.017,8.8,9.2,5.0,6.3,6.8,6.3,5.8,Não,Não,8.25,10.0,Fase 3 (7º e 8º ano),0,PEDE2022,,,,,,,,,,
RA-196,3,B,Aluno-196,2010,12,Menino,2018,Rede Decisão,8.124,9.2,9.1,7.5,5.1,4.0,6.0,5.3,Não,Sim,8.625,10.0,Fase 3 (7º e 8º ano),0,PEDE2022,,,,,,,,,,
RA-197,3,B,Aluno-197,2009,13,Menina,2021,Rede Decisão,8.218,8.8,9.7,4.4,7.3,6.0,7.5,8.3,Não,Não,8.292,10.0,Fase 3 (7º e 8º ano),0,PEDE2022,,,,,,,,,,
RA-198,3,B,Aluno-198,2009,13,Menino,2017,Escola Pública,5.554,0.0,6.2,5.0,4.6,5.2,5.8,2.8,Não,Não,5.958,10.0,Fase 3 (7º e 8º ano),0,PEDE2022,,,,,,,,,,
RA-199,3,B,Aluno-199,2009,13,Menino,2022,Escola Pública,7.564,8.3,7.1,7.5,7.5,5.7,7.8,9.0,Não,Não,6.458,10.0,Fase 3 (7º e 8º ano),0,PEDE2022,,,,,,,,,,
RA-200,3,B,Aluno-200,2007,15,Menino,2018,Escola JP II,5.705,7.9,5.6,4.4,5.5,4.7,5.0,6.8,Não,Não,4.917,5.0,Fase 5 (1º EM),-2,PEDE2022,,,,,,,,,,
RA-201,3,B,Aluno-201,2007,15,Menina,2021,Escola Pública,7.078,7.9,7.3,7.5,6.5,6.0,7.2,6.3,Não,Não,7.542,5.0,Fase 5 (1º EM),-2,PEDE2022,,,,,,,,,,
RA-202,3,B,Aluno-202,2008,14,Menina,2017,Escola Pública,5.201,0.0,5.2,4.4,5.4,6.3,5.8,4.2,Sim,Não,6.917,5.0,Fase 4 (9º ano),-1,PEDE2022,,,,,,,,,,
RA-203,3,B,Aluno-203,2008,14,Menina,2021,Escola Pública,5.669,8.8,4.3,7.5,2.8,2.3,3.5,2.5,Não,Não,6.875,5.0,Fase 4 (9º ano),-1,PEDE2022,,,,,,,,,,
RA-204,3,B,Aluno-204,2009,13,Menina,2019,Escola Pública,6.943,7.9,6.7,4.4,7.4,5.3,8.5,8.5,Não,Não,5.708,10.0,Fase 3 (7º e 8º ano),0,PEDE2022,,,,,,,,,,
RA-205,3,B,Aluno-205,2008,14,Menino,2020,Escola Pública,5.372,9.6,3.8,7.5,4.1,5.7,1.7,5.0,Não,Não,4.833,5.0,Fase 4 (9º ano),-1,PEDE2022,,,,,,,,,,
RA-206,3,B,Aluno-206,2010,12,Menina,2022,Escola Pública,7.101,8.3,8.8,7.5,5.0,4.0,6.0,,Não,Não,5.167,10.0,Fase 3 (7º e 8º ano),0,PEDE2022,,,,,,,,,,
RA-207,3,C,Aluno-207,2006,16,Menino,2021,Escola Pública,4.936,0.0,4.8,7.5,5.8,5.3,4.0,8.0,Não,Não,5.708,2.5,Fase 6 (2º EM),-3,PEDE2022,,,,,,,,,,
RA-208,3,C,Aluno-208,2008,14,Menino,2018,Escola Pública,6.667,7.5,7.1,7.5,6.1,5.0,7.5,5.8,Não,Não,6.417,5.0,Fase 4 (9º ano),-1,PEDE2022,,,,,,,,,,
RA-209,3,C,Aluno-209,2008,14,Menino,2019,Escola Pública,4.499,0.0,4.8,5.6,6.0,5.0,5.2,7.8,Não,Não,3.75,5.0,Fase 4 (9º ano),-1,PEDE2022,,,,,,,,,,
RA-210,3,C,Aluno-210,2008,14,Menino,2022,Escola Pública,4.44,0.0,5.1,7.5,3.4,2.7,5.3,2.3,Não,Não,4.417,5.0,Fase 4 (9º ano),-1,PEDE2022,,,,,,,,,,
RA-211,3,C,Aluno-211,2009,13,Menino,2021,Escola Pública,8.465,9.2,8.8,7.5,7.6,6.7,7.5,8.5,Sim,Sim,8.458,10.0,Fase 3 (7º e 8º ano),0,PEDE2022,,,,,,,,,,
RA-212,3,C,Aluno-212,2008,14,Menino,2022,Escola Pública,7.268,9.6,8.4,7.5,6.2,4.8,5.8,7.8,Não,Não,6.958,5.0,Fase 4 (9º ano),-1,PEDE2022,,,,,,,,,,
RA-213,3,C,Aluno-213,2009,13,Menino,2022,Escola Pública,7.209,9.6,8.7,7.5,3.5,5.0,2.0,,Não,Não,6.833,10.0,Fase 3 (7º e 8º ano),0,PEDE2022,,,,,,,,,,
RA-214,3,C,Aluno-214,2007,15,Menino,2022,Escola Pública,4.87,0.0,6.1,7.5,4.3,5.0,3.5,,Não,Não,5.125,5.0,Fase 5 (1º EM),-2,PEDE2022,,,,,,,,,,
RA-215,3,D,Aluno-215,2009,13,Menina,2021,Escola Pública,7.172,6.7,5.8,7.5,7.8,5.7,7.7,10.0,Não,Não,6.542,10.0,Fase 3 (7º e 8º ano),0,PEDE2022,,,,,,,,,,
RA-216,3,D,Aluno-216,2009,13,Menina,2018,Escola Pública,7.502,7.9,8.5,7.5,7.0,5.3,6.5,9.2,Não,Não,5.583,10.0,Fase 3 (7º e 8º ano),0,PEDE2022,,,,,,,,,,
RA-217,3,D,Aluno-217,2007,15,Menina,2021,Escola Pública,7.397,7.9,8.5,7.5,7.1,6.3,7.2,7.7,Sim,Não,7.292,5.0,Fase 5 (1º EM),-2,PEDE2022,,,,,,,,,,
RA-218,3,D,Aluno-218,2008,14,Menina,2022,Escola Pública,6.1,6.3,7.3,7.5,4.0,5.0,7.0,0.0,Não,Não,6.125,5.0,Fase 4 (9º ano),-1,PEDE2022,,,,,,,,,,
RA-219,3,D,Aluno-219,2006,16,Menino,2019,Escola Pública,5.942,8.8,6.9,7.5,3.5,4.0,4.8,1.7,Não,Não,6.375,2.5,Fase 6 (2º EM),-3,PEDE2022,,,,,,,,,,
RA-220,3,D,Aluno-220,2009,13,Menina,2022,Escola Pública,7.028,0.0,8.1,7.5,6.5,6.8,6.8,5.8,Sim,Não,7.833,10.0,Fase 3 (7º e 8º ano),0,PEDE2022,,,,,,,,,,
RA-221,3,D,Aluno-221,2008,14,Menino,2022,Escola Pública,6.892,9.6,8.5,7.5,5.2,7.0,3.5,5.0,Não,Não,6.0,5.0,Fase 4 (9º ano),-1,PEDE2022,,,,,,,,,,
RA-222,3,D,Aluno-222,2007,15,Menina,2019,Escola Pública,5.604,7.1,4.6,7.5,6.2,5.0,7.5,6.0,Não,Não,4.917,5.0,Fase 5 (1º EM),-2,PEDE2022,,,,,,,,,,
RA-223,3,E,Aluno-223,2009,13,Menina,2022,Escola Pública,4.966,0.0,4.6,7.5,3.1,4.3,4.7,0.2,Não,Não,5.583,10.0,Fase 3 (7º e 8º ano),0,PEDE2022,,,,,,,,,,
RA-224,3,E,Aluno-224,2009,13,Menino,2021,Escola Pública,5.671,9.6,4.3,7.5,2.6,5.0,2.7,0.0,Não,Não,4.875,10.0,Fase 3 (7º e 8º ano),0,PEDE2022,,,,,,,,,,
RA-225,3,E,Aluno-225,2008,14,Menino,2022,Escola Pública,5.918,8.3,5.3,7.5,5.0,3.0,7.0,,Não,Não,5.708,5.0,Fase 4 (9º ano),-1,PEDE2022,,,,,,,,,,
RA-226,3,E,Aluno-226,2008,14,Menina,2022,Escola Pública,6.549,7.5,6.1,7.5,6.8,7.0,6.5,,Não,Não,6.208,5.0,Fase 4 (9º ano),-1,PEDE2022,,,,,,,,,,
RA-227,3,E,Aluno-227,2010,12,Menino,2022,Escola Pública,6.471,9.2,6.4,7.5,3.3,4.7,4.3,1.0,Não,Não,5.833,10.0,Fase 3 (7º e 8º ano),0,PEDE2022,,,,,,,,,,
RA-228,3,E,Aluno-228,2007,15,Menina,2017,Escola Pública,6.196,7.5,6.7,7.5,4.8,3.0,6.0,5.3,Não,Não,6.417,5.0,Fase 5 (1º EM),-2,PEDE2022,,,,,,,,,,
RA-229,3,E,Aluno-229,2010,12,Menino,2022,Escola Pública,8.62,10.0,9.4,7.5,6.9,7.0,6.7,7.2,Sim,Sim,8.5,10.0,Fase 3 (7º e 8º ano),0,PEDE2022,,,,,,,,,,
RA-230,3,E,Aluno-230,2008,14,Menino,2022,Escola Pública,6.328,7.9,5.1,7.5,5.7,3.7,4.3,9.0,Sim,Não,6.75,5.0,Fase 4 (9º ano),-1,PEDE2022,,,,,,,,,,
RA-231,3,E,Aluno-231,2008,14,Menino,2022,Escola Pública,6.116,8.8,7.4,7.5,3.8,3.0,4.5,,Não,Não,5.333,5.0,Fase 4 (9º ano),-1,PEDE2022,,,,,,,,,,
RA-232,3,E,Aluno-232,2010,12,Menino,2022,Escola Pública,4.245,0.0,4.9,7.5,0.0,0.0,0.0,,Não,Não,4.542,10.0,Fase 3 (7º e 8º ano),0,PEDE2022,,,,,,,,,,
RA-233,3,E,Aluno-233,2008,14,Menino,2022,Escola Pública,6.051,7.9,7.4,7.5,3.8,3.0,4.5,,Não,Não,5.5,5.0,Fase 4 (9º ano),-1,PEDE2022,,,,,,,,,,
RA-234,3,E,Aluno-234,2009,13,Menino,2022,Escola Pública,6.719,10.0,7.6,5.6,4.3,3.7,6.3,2.8,Não,Não,5.583,10.0,Fase 3 (7º e 8º ano),0,PEDE2022,,,,,,,,,,
RA-235,3,E,Aluno-235,2008,14,Menina,2022,Escola Pública,6.79,8.3,7.3,7.5,6.3,7.0,5.5,,Não,Não,6.417,5.0,Fase 4 (9º ano),-1,PEDE2022,,,,,,,,,,
RA-236,3,F,Aluno-236,2010,12,Menina,2022,Escola Pública,7.11,9.6,7.5,7.5,3.7,4.0,4.0,3.0,Não,Não,7.208,10.0,Fase 3 (7º e 8º ano),0,PEDE2022,,,,,,,,,,
RA-237,3,F,Aluno-237,2008,14,Menina,2022,Escola Pública,8.084,10.0,9.0,7.5,7.8,6.8,7.7,8.8,Sim,Sim,8.417,5.0,Fase 4 (9º ano),-1,PEDE2022,,,,,,,,,,
RA-238,3,F,Aluno-238,2008,14,Menina,2021,Escola Pública,6.331,8.8,6.4,5.0,5.1,4.3,6.5,4.5,Não,Não,7.208,5.0,Fase 4 (9º ano),-1,PEDE2022,,,,,,,,,,
RA-239,3,F,Aluno-239,2007,15,Menina,2021,Escola Pública,4.572,0.0,3.7,7.5,3.7,2.0,4.7,4.5,Não,Não,5.958,5.0,Fase 5 (1º EM),-2,PEDE2022,,,,,,,,,,
RA-240,3,F,Aluno-240,2009,13,Menina,2017,Rede Decisão,6.943,7.1,8.1,5.0,4.7,6.3,5.0,2.8,Não,Não,7.042,10.0,Fase 3 (7º e 8º ano),0,PEDE2022,,,,,,,,,,
RA-241,3,F,Aluno-241,2008,14,Menino,2016,Rede Decisão,8.468,10.0,10.0,7.5,7.7,8.2,7.5,7.3,Não,Sim,9.125,5.0,Fase 4 (9º ano),-1,PEDE2022,,,,,,,,,,
RA-242,3,F,Aluno-242,2009,13,Menino,2018,Rede Decisão,8.673,9.6,9.7,5.6,8.2,8.7,7.2,8.7,Não,Sim,8.708,10.0,Fase 3 (7º e 8º ano),0,PEDE2022,,,,,,,,,,
RA-243,3,F,Aluno-243,2007,15,Menina,2022,Escola Pública,6.982,7.1,8.7,5.0,6.0,5.0,5.3,7.7,Não,Não,7.875,5.0,Fase 5 (1º EM),-2,PEDE2022,,,,,,,,,,
RA-244,3,F,Aluno-244,2010,12,Menina,2018,Rede Decisão,8.51,7.5,9.4,6.3,7.8,6.7,8.0,8.7,Não,Sim,9.208,10.0,Fase 3 (7º e 8º ano),0,PEDE2022,,,,,,,,,,
RA-245,3,F,Aluno-245,2008,14,Menino,2016,Rede Decisão,8.656,10.0,9.9,7.5,8.4,8.3,8.2,8.8,Não,Sim,9.25,5.0,Fase 4 (9º ano),-1,PEDE2022,,,,,,,,,,
RA-246,3,F,Aluno-246,2009,13,Menino,2022,Escola Pública,8.639,8.3,9.4,7.5,7.6,8.0,6.7,8.0,Sim,Sim,9.167,10.0,Fase 3 (7º e 8º ano),0,PEDE2022,,,,,,,,,,
RA-247,3,F,Aluno-247,2009,13,Menina,2021,Escola Pública,7.72,8.3,8.2,7.5,5.8,5.3,5.7,6.3,Sim,Não,7.875,10.0,Fase 3 (7º e 8º ano),0,PEDE2022,,,,,,,,,,
RA-248,3,F,Aluno-248,2009,13,Menino,2022,Escola Pública,7.429,9.2,7.6,7.5,5.2,4.0,5.5,6.0,Não,Não,7.292,10.0,Fase 3 (7º e 8º ano),0,PEDE2022,,,,,,,,,,
RA-249,3,G,Aluno-249,2008,14,Menino,2017,Escola Pública,5.097,6.7,7.4,5.0,2.9,2.3,4.2,2.2,Não,Não,4.292,5.0,Fase 4 (9º ano),-1,PEDE2022,,,,,,,,,,
RA-250,3,G,Aluno-250,2010,12,Menina,2022,Escola Pública,7.958,8.3,8.6,7.5,6.6,6.7,6.5,6.7,Sim,Não,7.625,10.0,Fase 3 (7º e 8º ano),0,PEDE2022,,,,,,,,,,
RA-251,3,G,Aluno-251,2007,15,Menino,2018,Escola Pública,7.022,10.0,8.1,5.6,6.3,5.3,6.3,7.2,Não,Não,6.625,5.0,Fase 5 (1º EM),-2,PEDE2022,,,,,,,,,,
RA-252,3,G,Aluno-252,2008,14,Menino,2018,Escola Pública,4.277,9.2,2.8,7.5,0.9,1.3,1.2,0.2,Não,Não,3.875,5.0,Fase 4 (9º ano),-1,PEDE2022,,,,,,,,,,
RA-253,3,G,Aluno-253,2007,15,Menino,2019,Escola Pública,4.312,9.2,3.6,5.0,1.8,1.0,3.7,0.7,Não,Não,3.75,5.0,Fase 5 (1º EM),-2,PEDE2022,,,,,,,,,,
RA-254,3,G,Aluno-254,2008,14,Menino,2019,Escola Pública,6.715,10.0,7.4,5.6,5.3,5.0,6.8,4.0,Não,Não,6.917,5.0,Fase 4 (9º ano),-1,PEDE2022,,,,,,,,,,
RA-255,3,G,Aluno-255,2008,14,Menino,2019,Escola Pública,4.563,7.5,3.8,5.0,1.3,1.0,2.3,0.5,Não,Não,5.542,5.0,Fase 4 (9º ano),-1,PEDE2022,,,,,,,,,,
RA-256,3,G,Aluno-256,2010,12,Menina,2019,Escola Pública,7.192,8.8,8.5,5.0,5.2,5.3,6.7,3.5,Não,Não,6.708,10.0,Fase 3 (7º e 8º ano),0,PEDE2022,,,,,,,,,,
RA-257,3,G,Aluno-257,2008,14,Menina,2018,Escola Pública,5.149,0.0,6.4,5.6,3.6,4.0,5.2,1.5,Não,Não,6.708,5.0,Fase 4 (9º ano),-1,PEDE2022,,,,,,,,,,
RA-258,3,G,Aluno-258,2010,12,Menina,2018,Escola Pública,6.926,10.0,7.3,5.6,4.8,2.7,6.2,5.5,Não,Não,6.125,10.0,Fase 3 (7º e 8º ano),0,PEDE2022,,,,,,,,,,
RA-259,3,G,Aluno-259,2006,16,Menino,2017,Escola Pública,4.182,8.8,2.9,7.5,0.9,0.0,2.7,0.2,Não,Não,4.625,2.5,Fase 6 (2º EM),-3,PEDE2022,,,,,,,,,,
RA-260,3,G,Aluno-260,2009,13,Menina,2019,Escola Pública,7.44,10.0,8.2,7.5,5.0,5.7,5.2,4.2,Não,Não,6.458,10.0,Fase 3 (7º e 8º ano),0,PEDE2022,,,,,,,,,,
RA-261,3,G,Aluno-261,2008,14,Menina,2019,Escola Pública,6.763,8.8,7.2,5.6,5.8,6.2,5.8,5.5,Sim,Não,7.042,5.0,Fase 4 (9º ano),-1,PEDE2022,,,,,,,,,,
RA-262,3,G,Aluno-262,2007,15,Menino,2021,Escola Pública,4.786,0.0,5.8,5.6,3.4,1.3,5.5,3.5,Não,Não,5.625,5.0,Fase 5 (1º EM),-2,PEDE2022,,,,,,,,,,
RA-263,3,G,Aluno-263,2007,15,Menina,2019,Escola Pública,5.319,5.8,5.6,7.5,3.7,3.0,2.8,5.4,Não,Não,4.417,5.0,Fase 5 (1º EM),-2,PEDE2022,,,,,,,,,,
RA-264,3,I,Aluno-264,2007,15,Menina,2022,Escola Pública,7.087,10.0,9.2,5.6,5.8,6.0,5.5,,Não,Não,6.625,5.0,Fase 5 (1º EM),-2,PEDE2022,,,,,,,,,,
RA-265,3,I,Aluno-265,2009,13,Menino,2019,Escola Pública,7.926,8.3,7.7,7.5,6.9,5.3,7.0,8.5,Sim,Não,7.917,10.0,Fase 3 (7º e 8º ano),0,PEDE2022,,,,,,,,,,
RA-266,3,I,Aluno-266,2006,16,Menina,2019,Escola Pública,5.987,7.5,5.8,5.6,6.0,5.0,6.7,6.3,Não,Não,6.583,2.5,Fase 6 (2º EM),-3,PEDE2022,,,,,,,,,,
RA-267,3,I,Aluno-267,2007,15,Menina,2016,Escola Pública,6.012,10.0,7.4,5.0,3.3,2.3,4.8,2.7,Não,Não,6.292,5.0,Fase 5 (1º EM),-2,PEDE2022,,,,,,,,,,
RA-268,3,K,Aluno-268,2008,14,Menina,2021,Escola Pública,6.695,9.2,6.7,6.3,5.7,7.0,6.8,3.2,Sim,Não,7.208,5.0,Fase 4 (9º ano),-1,PEDE2022,,,,,,,,,,
RA-269,3,K,Aluno-269,2009,13,Menino,2022,Escola Pública,8.231,9.2,8.6,6.3,8.9,8.7,9.5,8.5,Não,Não,7.25,10.0,Fase 3 (7º e 8º ano),0,PEDE2022,,,,,,,,,,
RA-270,3,K,Aluno-270,2009,13,Menina,2019,Rede Decisão,8.226,8.3,8.4,6.9,7.9,8.0,7.2,8.5,Não,Não,8.125,10.0,Fase 3 (7º e 8º ano),0,PEDE2022,,,,,,,,,,
RA-271,3,K,Aluno-271,2007,15,Menina,2022,Escola Pública,7.255,9.2,8.5,5.6,7.1,6.3,6.5,8.3,Sim,Não,6.958,5.0,Fase 5 (1º EM),-2,PEDE2022,,,,,,,,,,
RA-272,3,K,Aluno-272,2008,14,Menino,2021,Escola Pública,6.361,9.2,5.7,7.5,5.1,5.0,6.8,3.5,Não,Não,6.417,5.0,Fase 4 (9º ano),-1,PEDE2022,,,,,,,,,,
RA-273,3,K,Aluno-273,2008,14,Menina,2018,Escola Pública,5.679,9.2,5.3,7.5,3.0,3.8,4.7,0.5,Não,Não,5.833,5.0,Fase 4 (9º ano),-1,PEDE2022,,,,,,,,,,
RA-274,3,K,Aluno-274,2011,11,Menina,2019,Rede Decisão,7.946,7.9,8.3,7.5,8.1,8.1,9.3,7.0,Não,Não,7.0,10.0,Fase 2 (5º e 6º ano),1,PEDE2022,,,,,,,,,,
RA-275,3,K,Aluno-275,2007,15,Menino,2018,Escola Pública,6.665,9.6,6.9,7.5,4.6,5.0,6.0,2.7,Sim,Não,6.667,5.0,Fase 5 (1º EM),-2,PEDE2022,,,,,,,,,,
RA-276,3,K,Aluno-276,2008,14,Menina,2017,Escola Pública,5.527,7.1,5.7,5.6,4.3,3.7,6.0,3.3,Não,Não,5.125,5.0,Fase 4 (9º ano),-1,PEDE2022,,,,,,,,,,
RA-277,3,K,Aluno-277,2008,14,Menino,2021,Escola Pública,7.411,7.1,8.8,7.5,7.4,7.2,7.0,8.2,Sim,Não,7.208,5.0,Fase 4 (9º ano),-1,PEDE2022,,,,,,,,,,
RA-278,3,K,Aluno-278,2010,12,Menino,2018,Rede Decisão,7.741,8.8,9.2,5.6,6.0,5.7,5.8,6.4,Não,Não,7.417,10.0,Fase 3 (7º e 8º ano),0,PEDE2022,,,,,,,,,,
RA-279,3,K,Aluno-279,2009,13,Menino,2019,Rede Decisão,8.815,9.2,9.9,6.3,9.1,9.7,8.3,9.3,Não,Não,8.208,10.0,Fase 3 (7º e 8º ano),0,PEDE2022,,,,,,,,,,
RA-280,3,K,Aluno-280,2009,13,Menina,2021,Rede Decisão,8.046,7.5,9.2,7.5,7.1,5.7,7.0,8.7,Não,Não,7.333,10.0,Fase 3 (7º e 8º ano),0,PEDE2022,,,,,,,,,,
RA-281,3,K,Aluno-281,2009,13,Menina,2019,Escola Pública,6.806,6.7,6.9,7.5,5.9,5.0,6.8,6.0,Não,Não,5.625,10.0,Fase 3 (7º e 8º ano),0,PEDE2022,,,,,,,,,,
RA-282,3,K,Aluno-282,2009,13,Menina,2019,Escola Pública,6.618,8.8,6.8,7.5,4.0,4.7,6.3,1.0,Não,Não,5.625,10.0,Fase 3 (7º e 8º ano),0,PEDE2022,,,,,,,,,,
RA-283,3,K,Aluno-283,2008,14,Menino,2020,Escola Pública,7.131,9.6,8.8,7.5,5.6,4.5,5.8,6.6,Não,Não,6.625,5.0,Fase 4 (9º ano),-1,PEDE2022,,,,,,,,,,
RA-284,3,L,Aluno-284,2009,13,Menino,2022,Escola Pública,5.939,6.7,5.1,5.6,3.8,7.0,4.5,0.0,Não,Não,5.958,10.0,Fase 3 (7º e 8º ano),0,PEDE2022,,,,,,,,,,
RA-285,3,L,Aluno-285,2006,16,Menina,2020,Escola Pública,5.063,9.2,4.1,7.5,2.8,4.0,3.2,1.2,Não,Não,5.75,2.5,Fase 6 (2º EM),-3,PEDE2022,,,,,,,,,,
RA-286,3,L,Aluno-286,2007,15,Menina,2022,Escola Pública,5.424,7.1,5.8,6.3,3.0,4.7,2.3,2.0,Não,Não,5.625,5.0,Fase 5 (1º EM),-2,PEDE2022,,,,,,,,,,
RA-287,3,L,Aluno-287,2005,17,Menina,2022,Escola Pública,3.7,7.9,3.4,5.0,1.1,0.7,2.5,0.2,Não,Não,4.292,2.5,Fase 7 (3º EM),-4,PEDE2022,,,,,,,,,,
RA-288,3,L,Aluno-288,2006,16,Menina,2022,Escola Pública,4.097,0.0,5.6,6.3,0.0,,,,Não,Não,6.833,2.5,Fase 6 (2º EM),-3,PEDE2022,,,,,,,,,,
RA-289,3,L,Aluno-289,2008,14,Menina,2020,Escola Pública,6.236,0.0,7.8,6.3,6.8,5.3,7.5,7.5,Não,Não,7.25,5.0,Fase 4 (9º ano),-1,PEDE2022,,,,,,,,,,
RA-290,3,L,Aluno-290,2005,17,Menina,2022,Escola Pública,4.929,10.0,3.9,6.3,1.7,1.0,2.3,1.8,Não,Não,6.042,2.5,Fase 7 (3º EM),-4,PEDE2022,,,,,,,,,,
RA-291,3,L,Aluno-291,2009,13,Menino,2022,Escola Pública,8.122,8.3,8.2,6.9,8.0,8.0,7.5,8.5,Sim,Não,7.792,10.0,Fase 3 (7º e 8º ano),0,PEDE2022,,,,,,,,,,
RA-292,3,L,Aluno-292,2006,16,Menino,2022,Escola Pública,4.837,7.9,3.7,7.5,1.8,0.0,5.0,0.5,Não,Não,6.292,2.5,Fase 6 (2º EM),-3,PEDE2022,,,,,,,,,,
RA-293,3,L,Aluno-293,2009,13,Menino,2022,Escola Pública,4.875,8.8,2.9,7.5,2.3,2.0,3.8,1.0,Não,Não,3.333,10.0,Fase 3 (7º e 8º ano),0,PEDE2022,,,,,,,,,,
RA-294,3,L,Aluno-294,2004,18,Menina,2022,Escola Pública,5.031,9.6,5.8,7.5,0.0,,,,Não,Não,5.917,2.5,Fase 8 (Universitários),-5,PEDE2022,,,,,,,,,,
RA-295,3,M,Aluno-295,2008,14,Menina,2022,Escola Pública,7.305,7.9,8.0,7.5,6.9,5.3,7.7,7.7,Sim,Não,7.375,5.0,Fase 4 (9º ano),-1,PEDE2022,,,,,,,,,,
RA-296,3,M,Aluno-296,2007,15,Menina,2022,Escola Pública,4.665,8.8,3.6,7.5,2.8,5.7,2.7,0.2,Não,Não,3.833,5.0,Fase 5 (1º EM),-2,PEDE2022,,,,,,,,,,
RA-297,3,M,Aluno-297,2009,13,Menina,2022,Escola Pública,7.478,7.1,7.9,6.3,6.6,6.3,5.3,8.2,Sim,Não,7.417,10.0,Fase 3 (7º e 8º ano),0,PEDE2022,,,,,,,,,,
RA-298,3,M,Aluno-298,2009,13,Menino,2019,Escola Pública,6.409,9.2,6.3,5.6,5.2,5.5,4.8,,Não,Não,5.417,10.0,Fase 3 (7º e 8º ano),0,PEDE2022,,,,,,,,,,
RA-299,3,M,Aluno-299,2009,13,Menina,2019,Rede Decisão,7.278,7.1,8.2,5.0,6.8,6.3,7.3,6.7,Não,Não,6.708,10.0,Fase 3 (7º e 8º ano),0,PEDE2022,,,,,,,,,,
RA-300,3,M,Aluno-300,2008,14,Menino,2022,Escola Pública,5.557,5.4,6.9,6.3,3.1,2.7,4.8,1.7,Sim,Não,5.875,5.0,Fase 4 (9º ano),-1,PEDE2022,,,,,,,,,,
RA-301,3,M,Aluno-301,2009,13,Menina,2019,Escola Pública,6.802,8.8,5.8,5.6,6.3,6.5,7.2,5.4,Sim,Não,6.042,10.0,Fase 3 (7º e 8º ano),0,PEDE2022,,,,,,,,,,
RA-302,3,M,Aluno-302,2006,16,Menino,2022,Escola Pública,6.334,9.2,7.7,6.9,4.8,4.3,5.0,5.0,Não,Não,6.208,2.5,Fase 6 (2º EM),-3,PEDE2022,,,,,,,,,,
RA-303,3,M,Aluno-303,2008,14,Menino,2019,Escola Pública,6.03,7.5,7.2,7.5,3.9,3.8,4.0,,Não,Não,5.375,5.0,Fase 4 (9º ano),-1,PEDE2022,,,,,,,,,,
RA-304,3,M,Aluno-304,2007,15,Menino,2020,Escola Pública,6.355,8.8,7.7,7.5,4.3,3.0,5.5,,Sim,Não,5.542,5.0,Fase 5 (1º EM),-2,PEDE2022,,,,,,,,,,
RA-305,3,M,Aluno-305,2008,14,Menino,2019,Escola Pública,6.058,7.9,6.6,7.5,4.8,2.8,6.7,,Não,Não,5.208,5.0,Fase 4 (9º ano),-1,PEDE2022,,,,,,,,,,
RA-306,3,M,Aluno-306,2008,14,Menina,2021,Escola Pública,6.427,8.3,6.8,7.5,5.2,4.7,5.8,5.0,Não,Não,5.958,5.0,Fase 4 (9º ano),-1,PEDE2022,,,,,,,,,,
RA-307,3,M,Aluno-307,2008,14,Menino,2022,Escola Pública,4.733,5.4,4.5,7.5,2.5,5.0,0.0,,Não,Não,4.708,5.0,Fase 4 (9º ano),-1,PEDE2022,,,,,,,,,,
RA-308,3,M,Aluno-308,2009,13,Menino,2019,Escola Pública,6.93,7.9,7.4,6.9,5.0,6.7,5.5,2.8,Sim,Não,6.167,10.0,Fase 3 (7º e 8º ano),0,PEDE2022,,,,,,,,,,
RA-309,3,M,Aluno-309,2008,14,Menina,2022,Escola Pública,6.151,9.2,5.2,7.5,6.5,7.0,6.0,,Não,Não,5.083,5.0,Fase 4 (9º ano),-1,PEDE2022,,,,,,,,,,
RA-310,3,M,Aluno-310,2007,15,Menina,2022,Escola Pública,6.4,7.9,7.5,7.5,4.5,3.7,3.8,6.0,Sim,Não,6.0,5.0,Fase 5 (1º EM),-2,PEDE2022,,,,,,,,,,
RA-311,3,N,Aluno-311,2006,16,Menina,2022,Escola Pública,5.652,7.9,5.6,5.0,5.2,5.0,6.2,4.3,Não,Não,6.222,2.5,Fase 6 (2º EM),-3,PEDE2022,,,,,,,,,,
RA-312,3,N,Aluno-312,2009,13,Menina,2022,Escola Pública,7.339,9.6,8.1,7.5,5.2,6.0,4.5,5.0,Não,Não,6.167,10.0,Fase 3 (7º e 8º ano),0,PEDE2022,,,,,,,,,,
RA-313,3,N,Aluno-313,2008,14,Menina,2022,Escola Pública,5.8,7.5,7.0,5.0,4.1,4.7,5.0,2.5,Não,Não,5.889,5.0,Fase 4 (9º ano),-1,PEDE2022,,,,,,,,,,
RA-314,3,N,Aluno-314,2009,13,Menina,2022,Escola Pública,6.1,5.4,5.4,5.0,5.3,4.3,3.3,8.3,Não,Não,6.0,10.0,Fase 3 (7º e 8º ano),0,PEDE2022,,,,,,,,,,
RA-315,3,N,Aluno-315,2009,13,Menina,2022,Escola Pública,5.672,6.7,5.1,7.5,3.0,3.0,4.2,1.8,Não,Não,5.056,10.0,Fase 3 (7º e 8º ano),0,PEDE2022,,,,,,,,,,
RA-316,3,N,Aluno-316,2008,14,Menina,2022,Escola Pública,7.889,10.0,10.0,6.9,6.1,7.0,6.5,4.7,Sim,Sim,8.389,5.0,Fase 4 (9º ano),-1,PEDE2022,,,,,,,,,,
RA-317,3,N,Aluno-317,2009,13,Menino,2021,Escola Pública,7.04,8.8,5.6,7.5,6.8,4.7,5.7,10.0,Não,Não,5.944,10.0,Fase 3 (7º e 8º ano),0,PEDE2022,,,,,,,,,,
RA-318,3,N,Aluno-318,2008,14,Menina,2019,Escola Pública,6.527,8.3,6.9,6.9,5.8,4.3,5.8,7.3,Não,Não,6.111,5.0,Fase 4 (9º ano),-1,PEDE2022,,,,,,,,,,
RA-319,3,N,Aluno-319,2009,13,Menino,2022,Escola Pública,7.448,9.2,7.7,7.5,5.2,6.3,4.3,5.0,Não,Não,7.5,10.0,Fase 3 (7º e 8º ano),0,PEDE2022,,,,,,,,,,
RA-320,3,N,Aluno-320,2008,14,Menina,2022,Escola Pública,7.897,8.8,10.0,6.9,6.4,7.3,6.3,5.7,Sim,Sim,8.667,5.0,Fase 4 (9º ano),-1,PEDE2022,,,,,,,,,,
RA-321,3,N,Aluno-321,2010,12,Menina,2022,Escola Pública,7.792,9.2,9.1,5.6,5.2,5.7,6.2,3.7,Sim,Não,8.278,10.0,Fase 3 (7º e 8º ano),0,PEDE2022,,,,,,,,,,
RA-322,3,N,Aluno-322,2009,13,Menina,2022,Escola Pública,6.859,7.1,8.1,5.0,4.7,4.3,5.7,4.0,Não,Não,6.778,10.0,Fase 3 (7º e 8º ano),0,PEDE2022,,,,,,,,,,
RA-323,3,N,Aluno-323,2009,13,Menino,2022,Escola Pública,6.86,9.2,7.3,7.5,3.4,7.3,2.5,0.5,Não,Não,6.611,10.0,Fase 3 (7º e 8º ano),0,PEDE2022,,,,,,,,,,
RA-324,2,A,Aluno-324,2012,10,Menina,2022,Escola Pública,8.27,10.0,9.3,6.9,6.8,6.3,7.2,,Sim,Sim,8.611,10.0,Fase 2 (5º e 6º ano),0,PEDE2022,,,,,,,,,,
RA-325,2,A,Aluno-325,2012,10,Menino,2022,Escola Pública,7.619,9.5,6.8,7.5,6.0,6.0,6.0,,Sim,Sim,8.444,10.0,Fase 2 (5º e 6º ano),0,PEDE2022,,,,,,,,,,
RA-326,2,A,Aluno-326,2010,12,Menina,2022,Escola Pública,8.22,10.0,9.7,5.0,9.0,8.7,9.3,,Sim,Sim,8.944,5.0,Fase 3 (7º e 8º ano),-1,PEDE2022,,,,,,,,,,
RA-327,2,A,Aluno-327,2011,11,Menino,2021,Escola Pública,6.986,8.5,8.8,7.5,2.8,2.3,3.2,,Não,Não,7.333,10.0,Fase 2 (5º e 6º ano),0,PEDE2022,,,,,,,,,,
RA-328,2,A,Aluno-328,2010,12,Menino,2020,Escola Pública,6.823,10.0,7.0,7.5,5.3,4.0,6.5,,Não,Não,7.5,5.0,Fase 3 (7º e 8º ano),-1,PEDE2022,,,,,,,,,,
RA-329,2,A,Aluno-329,2011,11,Menino,2019,Escola Pública,6.313,7.4,6.9,4.4,5.0,3.0,7.0,,Não,Não,5.778,10.0,Fase 2 (5º e 6º ano),0,PEDE2022,,,,,,,,,,
RA-330,2,A,Aluno-330,2008,14,Menina,2018,Escola Pública,6.446,9.5,8.8,7.5,2.5,2.3,2.7,,Não,Não,7.056,5.0,Fase 4 (9º ano),-2,PEDE2022,,,,,,,,,,
RA-331,2,A,Aluno-331,2010,12,Menina,2019,Escola Pública,6.636,9.0,8.7,7.5,3.7,2.3,5.0,,Não,Não,6.944,5.0,Fase 3 (7º e 8º ano),-1,PEDE2022,,,,,,,,,,
RA-332,2,A,Aluno-332,2009,13,Menino,2017,Rede Decisão,7.883,9.5,9.0,8.1,7.5,7.5,7.5,,Não,Sim,8.5,5.0,Fase 3 (7º e 8º ano),-1,PEDE2022,,,,,,,,,,
RA-333,2,A,Aluno-333,2008,14,Menino,2018,Escola JP II,5.249,8.0,5.8,3.8,2.9,0.2,5.7,,Não,Não,6.722,5.0,Fase 4 (9º ano),-2,PEDE2022,,,,,,,,,,
RA-334,2,A,Aluno-334,2011,11,Menina,2019,Rede Decisão,7.961,6.9,9.2,4.4,8.0,7.0,9.0,,Não,Sim,8.722,10.0,Fase 2 (5º e 6º ano),0,PEDE2022,,,,,,,,,,
RA-335,2,A,Aluno-335,2012,10,Menino,2022,Escola Pública,7.902,9.5,9.4,7.5,7.4,5.8,9.0,,Não,Não,6.833,10.0,Fase 2 (5º e 6º ano),0,PEDE2022,,,,,,,,,,
RA-336,2,A,Aluno-336,2009,13,Menino,2016,Escola Pública,6.787,9.5,8.5,4.4,5.1,4.5,5.7,,Não,Não,7.889,5.0,Fase 3 (7º e 8º ano),-1,PEDE2022,,,,,,,,,,
RA-337,2,B,Aluno-337,2011,11,Menino,2022,Escola Pública,7.914,10.0,9.3,7.5,5.8,7.5,4.0,,Não,Não,7.611,10.0,Fase 2 (5º e 6º ano),0,PEDE2022,,,,,,,,,,
RA-338,2,B,Aluno-338,2010,12,Menino,2019,Escola Pública,6.837,8.5,7.3,7.5,5.8,5.3,6.2,,Não,Não,7.611,5.0,Fase 3 (7º e 8º ano),-1,PEDE2022,,,,,,,,,,
RA-339,2,B,Aluno-339,2011,11,Menina,2019,Escola Pública,8.488,6.9,9.9,7.5,8.1,7.1,9.2,,Sim,Sim,8.889,10.0,Fase 2 (5º e 6º ano),0,PEDE2022,,,,,,,,,,
RA-340,2,B,Aluno-340,2011,11,Menino,2017,Escola Pública,7.721,9.0,8.2,7.5,6.5,6.0,7.0,,Não,Não,7.667,10.0,Fase 2 (5º e 6º ano),0,PEDE2022,,,,,,,,,,
RA-341,2,B,Aluno-341,2010,12,Menino,2022,Escola Pública,6.854,8.0,7.7,7.5,5.8,5.0,6.5,,Não,Não,7.5,5.0,Fase 3 (7º e 8º ano),-1,PEDE2022,,,,,,,,,,
RA-342,2,B,Aluno-342,2008,14,Menina,2021,Escola Pública,6.941,9.0,6.7,7.5,6.6,5.5,7.7,,Não,Não,7.5,5.0,Fase 4 (9º ano),-2,PEDE2022,,,,,,,,,,
RA-343,2,B,Aluno-343,2008,14,Menino,2020,Escola Pública,6.9,9.5,7.4,7.5,5.9,4.2,7.7,,Não,Não,7.167,5.0,Fase 4 (9º ano),-2,PEDE2022,,,,,,,,,,
RA-344,2,B,Aluno-344,2011,11,Menino,2019,Escola Pública,7.263,8.5,8.3,7.5,4.5,2.3,6.7,,Não,Não,7.5,10.0,Fase 2 (5º e 6º ano),0,PEDE2022,,,,,,,,,,
RA-345,2,B,Aluno-345,2009,13,Menino,2021,Escola Pública,5.75,9.5,5.4,5.6,3.6,1.3,5.8,,Não,Não,6.667,5.0,Fase 3 (7º e 8º ano),-1,PEDE2022,,,,,,,,,,
RA-346,2,B,Aluno-346,2012,10,Menino,2022,Escola Pública,8.143,10.0,9.1,7.5,7.0,6.0,8.0,,Não,Não,7.889,10.0,Fase 2 (5º e 6º ano),0,PEDE2022,,,,,,,,,,
RA-347,2,B,Aluno-347,2010,12,Menina,2019,Escola Pública,7.908,9.0,10.0,5.6,8.5,8.5,8.5,,Sim,Não,8.0,5.0,Fase 3 (7º e 8º ano),-1,PEDE2022,,,,,,,,,,
RA-348,2,B,Aluno-348,2010,12,Menino,2022,Escola Pública,5.864,9.0,8.7,7.5,1.8,0.5,3.0,,Não,Não,5.833,5.0,Fase 3 (7º e 8º ano),-1,PEDE2022,,,,,,,,,,
RA-349,2,B,Aluno-349,2010,12,Menino,2021,Escola Pública,5.658,9.5,7.7,7.5,3.7,2.2,5.2,,Não,Não,3.944,5.0,Fase 3 (7º e 8º ano),-1,PEDE2022,,,,,,,,,,
RA-350,2,D,Aluno-350,2011,11,Menina,2022,Escola Pública,8.206,10.0,8.8,7.5,6.5,7.0,6.0,,Não,Sim,8.611,10.0,Fase 2 (5º e 6º ano),0,PEDE2022,,,,,,,,,,
RA-351,2,D,Aluno-351,2008,14,Menino,2022,Escola Pública,6.622,9.0,7.2,7.5,4.0,3.2,4.8,,Não,Não,8.111,5.0,Fase 4 (9º ano),-2,PEDE2022,,,,,,,,,,
RA-352,2,D,Aluno-352,2011,11,Menino,2019,Escola Pública,7.834,9.0,8.1,5.6,7.0,7.3,6.7,,Não,Sim,8.389,10.0,Fase 2 (5º e 6º ano),0,PEDE2022,,,,,,,,,,
RA-353,2,D,Aluno-353,2011,11,Menina,2022,Escola Pública,8.264,7.0,10.0,7.5,7.5,8.0,7.0,,Não,Sim,8.444,10.0,Fase 2 (5º e 6º ano),0,PEDE2022,,,,,,,,,,
RA-354,2,D,Aluno-354,2009,13,Menina,2018,Escola Pública,5.858,8.5,4.3,7.5,4.5,2.8,6.2,,Não,Não,7.333,5.0,Fase 3 (7º e 8º ano),-1,PEDE2022,,,,,,,,,,
RA-355,2,D,Aluno-355,2010,12,Menina,2018,Escola Pública,5.379,5.8,5.0,7.5,4.5,5.5,3.5,,Não,Não,6.056,5.0,Fase 3 (7º e 8º ano),-1,PEDE2022,,,,,,,,,,
RA-356,2,D,Aluno-356,2010,12,Menino,2019,Escola Pública,6.69,10.0,8.4,5.0,4.6,5.3,3.8,,Não,Não,8.278,5.0,Fase 3 (7º e 8º ano),-1,PEDE2022,,,,,,,,,,
RA-357,2,D,Aluno-357,2010,12,Menino,2022,Escola Pública,7.836,8.0,9.6,7.5,8.5,10.0,7.0,,Não,Não,7.778,5.0,Fase 3 (7º e 8º ano),-1,PEDE2022,,,,,,,,,,
RA-358,2,D,Aluno-358,2009,13,Menino,2022,Escola Pública,5.412,7.5,6.5,7.5,0.0,0.0,0.0,,Não,Não,7.556,5.0,Fase 3 (7º e 8º ano),-1,PEDE2022,,,,,,,,,,
RA-359,2,D,Aluno-359,2010,12,Menina,2019,Escola Pública,6.606,9.0,7.0,7.5,4.6,3.3,5.8,,Não,Não,7.5,5.0,Fase 3 (7º e 8º ano),-1,PEDE2022,,,,,,,,,,
RA-360,2,D,Aluno-360,2010,12,Menina,2019,Escola Pública,7.075,9.5,8.5,7.5,5.2,4.7,5.7,,Não,Não,7.5,5.0,Fase 3 (7º e 8º ano),-1,PEDE2022,,,,,,,,,,
RA-361,2,F,Aluno-361,2009,13,Menina,2022,Escola Pública,6.731,7.9,9.2,6.3,5.0,4.0,6.0,,Não,Não,6.778,5.0,Fase 3 (7º e 8º ano),-1,PEDE2022,,,,,,,,,,
RA-362,2,F,Aluno-362,2010,12,Menina,2018,Escola Pública,7.413,8.5,7.9,7.5,7.9,6.5,9.3,,Não,Não,7.5,5.0,Fase 3 (7º e 8º ano),-1,PEDE2022,,,,,,,,,,
RA-363,2,F,Aluno-363,2010,12,Menino,2022,Escola Pública,6.644,10.0,10.0,6.9,2.0,1.0,3.0,,Não,Não,7.056,5.0,Fase 3 (7º e 8º ano),-1,PEDE2022,,,,,,,,,,
RA-364,2,F,Aluno-364,2011,11,Menino,2019,Escola Pública,8.75,9.5,10.0,7.5,8.8,9.5,8.0,,Não,Não,8.167,10.0,Fase 2 (5º e 6º ano),0,PEDE2022,,,,,,,,,,
RA-365,2,F,Aluno-365,2012,10,Menina,2022,Escola Pública,8.063,8.0,10.0,5.0,7.8,6.0,9.5,,Não,Não,7.833,10.0,Fase 2 (5º e 6º ano),0,PEDE2022,,,,,,,,,,
RA-366,2,F,Aluno-366,2010,12,Menino,2022,Escola Pública,7.181,9.5,9.4,7.5,5.5,6.0,5.0,,Não,Não,6.833,5.0,Fase 3 (7º e 8º ano),-1,PEDE2022,,,,,,,,,,
RA-367,2,F,Aluno-367,2010,12,Menina,2018,Escola Pública,6.95,8.5,7.4,6.3,6.7,5.2,8.2,,Não,Não,7.5,5.0,Fase 3 (7º e 8º ano),-1,PEDE2022,,,,,,,,,,
RA-368,2,F,Aluno-368,2009,13,Menino,2018,Rede Decisão,6.969,8.0,7.9,5.0,7.3,5.5,9.0,,Não,Não,7.5,5.0,Fase 3 (7º e 8º ano),-1,PEDE2022,,,,,,,,,,
RA-369,2,F,Aluno-369,2011,11,Menino,2022,Escola Pública,6.973,9.0,6.9,7.5,4.8,4.0,5.5,,Não,Não,6.889,10.0,Fase 2 (5º e 6º ano),0,PEDE2022,,,,,,,,,,
RA-370,2,F,Aluno-370,2010,12,Menina,2018,Rede Decisão,7.066,8.5,8.2,5.0,7.2,5.2,9.2,,Não,Não,7.611,5.0,Fase 3 (7º e 8º ano),-1,PEDE2022,,,,,,,,,,
RA-371,2,F,Aluno-371,2012,10,Menina,2022,Escola Pública,8.112,9.5,8.0,6.9,8.4,7.8,9.0,,Não,Não,7.667,10.0,Fase 2 (5º e 6º ano),0,PEDE2022,,,,,,,,,,
RA-372,2,F,Aluno-372,2012,10,Menino,2021,Escola Pública,7.304,8.5,5.5,6.9,7.8,8.3,7.2,,Não,Não,7.389,10.0,Fase 2 (5º e 6º ano),0,PEDE2022,,,,,,,,,,
RA-373,2,F,Aluno-373,2011,11,Menino,2022,Escola Pública,7.503,6.4,9.5,5.0,7.3,6.5,8.0,,Não,Não,6.944,10.0,Fase 2 (5º e 6º ano),0,PEDE2022,,,,,,,,,,
RA-374,2,F,Aluno-374,2010,12,Menina,2021,Escola Pública,7.747,9.0,9.8,7.5,6.9,5.3,8.5,,Não,Não,7.944,5.0,Fase 3 (7º e 8º ano),-1,PEDE2022,,,,,,,,,,
RA-375,2,F,Aluno-375,2011,11,Menino,2019,Escola Pública,7.831,9.0,9.5,7.5,5.4,3.3,7.5,,Não,Não,7.667,10.0,Fase 2 (5º e 6º ano),0,PEDE2022,,,,,,,,,,
RA-376,2,F,Aluno-376,2010,12,Menina,2019,Escola Pública,6.957,9.0,9.0,7.5,4.3,2.0,6.7,,Não,Não,7.5,5.0,Fase 3 (7º e 8º ano),-1,PEDE2022,,,,,,,,,,
RA-377,2,F,Aluno-377,2010,12,Menina,2021,Escola Pública,6.743,9.0,7.7,5.6,6.2,4.3,8.0,,Não,Não,6.833,5.0,Fase 3 (7º e 8º ano),-1,PEDE2022,,,,,,,,,,
RA-378,2,I,Aluno-378,2010,12,Menino,2021,Escola Pública,7.203,9.0,6.8,5.6,8.1,8.7,7.5,,Sim,Não,7.889,5.0,Fase 3 (7º e 8º ano),-1,PEDE2022,,,,,,,,,,
RA-379,2,I,Aluno-379,2009,13,Menina,2022,Escola Pública,6.722,8.5,8.1,7.5,5.0,5.0,5.0,,Não,Não,6.778,5.0,Fase 3 (7º e 8º ano),-1,PEDE2022,,,,,,,,,,
RA-380,2,I,Aluno-380,2009,13,Menino,2017,Escola Pública,4.556,7.9,4.4,5.0,2.5,2.3,2.7,,Não,Não,4.833,5.0,Fase 3 (7º e 8º ano),-1,PEDE2022,,,,,,,,,,
RA-381,2,I,Aluno-381,2009,13,Menino,2018,Escola Pública,6.454,9.0,8.3,6.9,3.3,1.5,5.2,,Não,Não,6.944,5.0,Fase 3 (7º e 8º ano),-1,PEDE2022,,,,,,,,,,
RA-382,2,I,Aluno-382,2008,14,Menino,2017,Escola Pública,6.777,9.0,7.7,6.3,5.4,4.0,6.8,,Não,Não,7.333,5.0,Fase 4 (9º ano),-2,PEDE2022,,,,,,,,,,
RA-383,2,I,Aluno-383,2011,11,Menino,2019,Escola Pública,8.4,9.0,9.6,7.5,8.1,8.0,8.2,,Não,Não,7.778,10.0,Fase 2 (5º e 6º ano),0,PEDE2022,,,,,,,,,,
RA-384,2,I,Aluno-384,2010,12,Menina,2017,Escola Pública,7.558,9.0,8.4,6.3,8.1,8.0,8.2,,Não,Não,8.0,5.0,Fase 3 (7º e 8º ano),-1,PEDE2022,,,,,,,,,,
RA-385,2,I,Aluno-385,2010,12,Menina,2022,Escola Pública,6.083,7.4,7.5,5.0,4.9,2.7,7.2,,Não,Não,6.5,5.0,Fase 3 (7º e 8º ano),-1,PEDE2022,,,,,,,,,,
RA-386,2,I,Aluno-386,2009,13,Menino,2019,Escola Pública,6.104,10.0,5.9,5.6,4.0,3.7,4.3,,Não,Não,7.222,5.0,Fase 3 (7º e 8º ano),-1,PEDE2022,,,,,,,,,,
RA-387,2,I,Aluno-387,2009,13,Menino,2019,Escola Pública,6.323,7.0,8.2,7.5,3.7,1.3,6.0,,Não,Não,6.833,5.0,Fase 3 (7º e 8º ano),-1,PEDE2022,,,,,,,,,,
RA-388,2,I,Aluno-388,2008,14,Menina,2019,Escola Pública,6.654,7.9,8.5,5.6,4.5,3.5,5.5,,Não,Não,7.722,5.0,Fase 4 (9º ano),-2,PEDE2022,,,,,,,,,,
RA-389,2,I,Aluno-389,2011,11,Menino,2019,Escola Pública,7.184,8.0,8.9,7.5,3.5,2.0,5.0,,Não,Não,7.556,10.0,Fase 2 (5º e 6º ano),0,PEDE2022,,,,,,,,,,
RA-390,2,I,Aluno-390,2010,12,Menina,2022,Escola Pública,6.776,7.4,8.8,6.3,4.7,4.0,5.3,,Não,Não,7.722,5.0,Fase 3 (7º e 8º ano),-1,PEDE2022,,,,,,,,,,
RA-391,2,J,Aluno-391,2010,12,Menina,2022,Escola Pública,7.117,10.0,8.1,7.5,5.1,5.0,5.2,,Não,Não,8.056,5.0,Fase 3 (7º e 8º ano),-1,PEDE2022,,,,,,,,,,
RA-392,2,J,Aluno-392,2008,14,Menino,2022,Escola Pública,6.418,9.5,8.8,5.6,4.8,3.7,5.8,,Não,Não,6.778,5.0,Fase 4 (9º ano),-2,PEDE2022,,,,,,,,,,
RA-393,2,J,Aluno-393,2006,16,Menina,2018,Escola Pública,5.518,10.0,5.4,5.0,4.6,4.7,4.5,,Não,Não,6.778,2.5,Fase 6 (2º EM),-4,PEDE2022,,,,,,,,,,
RA-394,2,J,Aluno-394,2011,11,Menina,2022,Escola Pública,7.897,9.5,8.6,7.5,5.9,4.3,7.5,,Não,Sim,8.444,10.0,Fase 2 (5º e 6º ano),0,PEDE2022,,,,,,,,,,
RA-395,2,J,Aluno-395,2011,11,Menina,2018,Escola Pública,7.683,9.0,8.9,7.5,4.9,4.2,5.7,,Não,Não,8.333,10.0,Fase 2 (5º e 6º ano),0,PEDE2022,,,,,,,,,,
RA-396,2,J,Aluno-396,2010,12,Menino,2022,Escola Pública,6.556,9.0,8.0,6.3,5.6,4.7,6.5,,Não,Não,6.556,5.0,Fase 3 (7º e 8º ano),-1,PEDE2022,,,,,,,,,,
RA-397,2,J,Aluno-397,2008,14,Menina,2017,Escola Pública,5.852,9.0,5.7,6.9,2.8,3.3,2.3,,Não,Não,7.167,5.0,Fase 4 (9º ano),-2,PEDE2022,,,,,,,,,,
RA-398,2,K,Aluno-398,2012,10,Menina,2022,Escola Pública,7.742,9.0,9.3,7.5,5.5,3.0,8.0,,Não,Não,7.5,10.0,Fase 2 (5º e 6º ano),0,PEDE2022,,,,,,,,,,
RA-399,2,K,Aluno-399,2010,12,Menina,2022,Escola Pública,6.58,6.8,9.3,5.6,4.3,3.0,5.5,,Não,Não,7.5,5.0,Fase 3 (7º e 8º ano),-1,PEDE2022,,,,,,,,,,
RA-400,2,K,Aluno-400,2008,14,Menino,2018,Escola Pública,6.042,9.0,8.5,5.0,1.7,1.2,2.2,,Não,Não,7.444,5.0,Fase 4 (9º ano),-2,PEDE2022,,,,,,,,,,
RA-401,2,K,Aluno-401,2010,12,Menina,2021,Escola Pública,6.645,6.9,9.6,7.5,4.3,3.7,5.0,,Não,Não,6.722,5.0,Fase 3 (7º e 8º ano),-1,PEDE2022,,,,,,,,,,
RA-402,2,K,Aluno-402,2010,12,Menina,2019,Escola Pública,5.261,9.0,3.7,5.0,3.0,4.3,1.7,,Não,Não,7.222,5.0,Fase 3 (7º e 8º ano),-1,PEDE2022,,,,,,,,,,
RA-403,2,K,Aluno-403,2010,12,Menino,2020,Escola Pública,7.455,9.5,9.3,7.5,6.3,6.5,6.2,,Não,Não,7.5,5.0,Fase 3 (7º e 8º ano),-1,PEDE2022,,,,,,,,,,
RA-404,2,K,Aluno-404,2010,12,Menina,2020,Escola Pública,6.658,9.0,7.3,7.5,5.3,4.0,6.5,,Não,Não,6.944,5.0,Fase 3 (7º e 8º ano),-1,PEDE2022,,,,,,,,,,
RA-405,2,K,Aluno-405,2009,13,Menino,2016,Escola Pública,5.661,9.5,6.2,5.0,3.3,2.7,3.8,,Não,Não,6.0,5.0,Fase 3 (7º e 8º ano),-1,PEDE2022,,,,,,,,,,
RA-406,2,K,Aluno-406,2009,13,Menina,2019,Escola Pública,7.496,9.5,9.5,7.5,6.6,5.4,7.8,,Não,Não,7.333,5.0,Fase 3 (7º e 8º ano),-1,PEDE2022,,,,,,,,,,
RA-407,2,K,Aluno-407,2009,13,Menino,2022,Escola Pública,7.195,8.5,9.3,7.5,6.0,4.0,8.0,,Não,Não,7.056,5.0,Fase 3 (7º e 8º ano),-1,PEDE2022,,,,,,,,,,
RA-408,2,K,Aluno-408,2010,12,Menina,2022,Escola Pública,6.725,8.0,9.7,7.5,3.3,1.0,5.5,,Não,Não,7.333,5.0,Fase 3 (7º e 8º ano),-1,PEDE2022,,,,,,,,,,
RA-409,2,K,Aluno-409,2011,11,Menina,2022,Escola Pública,8.15,7.9,9.7,7.5,7.8,6.0,9.5,,Não,Não,7.5,10.0,Fase 2 (5º e 6º ano),0,PEDE2022,,,,,,,,,,
RA-410,2,K,Aluno-410,2008,14,Menino,2018,Escola Pública,5.675,7.4,6.5,6.3,2.0,2.0,2.0,,Não,Não,7.444,5.0,Fase 4 (9º ano),-2,PEDE2022,,,,,,,,,,
RA-411,2,L,Aluno-411,2010,12,Menina,2019,Escola Pública,7.232,6.4,8.6,7.5,7.1,6.7,7.5,,Não,Não,7.833,5.0,Fase 3 (7º e 8º ano),-1,PEDE2022,,,,,,,,,,
RA-412,2,L,Aluno-412,2010,12,Menina,2018,Escola Pública,7.556,8.5,9.0,7.5,7.3,6.5,8.2,,Não,Não,7.778,5.0,Fase 3 (7º e 8º ano),-1,PEDE2022,,,,,,,,,,
RA-413,2,L,Aluno-413,2010,12,Menina,2022,Escola Pública,6.408,6.4,8.7,5.6,4.7,4.2,5.2,,Não,Não,7.056,5.0,Fase 3 (7º e 8º ano),-1,PEDE2022,,,,,,,,,,
RA-414,2,L,Aluno-414,2010,12,Menina,2021,Escola Pública,7.284,8.0,9.3,7.5,5.9,5.7,6.2,,Não,Não,7.667,5.0,Fase 3 (7º e 8º ano),-1,PEDE2022,,,,,,,,,,
RA-415,2,L,Aluno-415,2011,11,Menina,2019,Escola Pública,7.695,8.0,8.3,7.5,6.2,4.8,7.5,,Não,Não,8.056,10.0,Fase 2 (5º e 6º ano),0,PEDE2022,,,,,,,,,,
RA-416,2,L,Aluno-416,2010,12,Menino,2018,Rede Decisão,7.913,9.5,9.3,8.8,7.2,6.7,7.7,,Não,Não,8.222,5.0,Fase 3 (7º e 8º ano),-1,PEDE2022,,,,,,,,,,
RA-417,2,L,Aluno-417,2009,13,Menina,2022,Escola Pública,8.428,10.0,10.0,7.5,8.0,6.0,10.0,,Não,Sim,9.556,5.0,Fase 3 (7º e 8º ano),-1,PEDE2022,,,,,,,,,,
RA-418,2,L,Aluno-418,2012,10,Menina,2020,Rede Decisão,8.175,8.0,9.4,7.5,7.5,6.5,8.5,,Não,Não,8.222,10.0,Fase 2 (5º e 6º ano),0,PEDE2022,,,,,,,,,,
RA-419,2,L,Aluno-419,2010,12,Menina,2019,Rede Decisão,7.359,7.5,9.2,5.6,6.9,5.3,8.5,,Não,Sim,8.389,5.0,Fase 3 (7º e 8º ano),-1,PEDE2022,,,,,,,,,,
RA-420,2,L,Aluno-420,2011,11,Menina,2019,Rede Decisão,7.461,9.5,9.0,5.6,4.5,1.3,7.7,,Não,Não,8.0,10.0,Fase 2 (5º e 6º ano),0,PEDE2022,,,,,,,,,,
RA-421,2,L,Aluno-421,2011,11,Menino,2021,Escola Pública,8.717,8.5,9.3,7.5,8.8,9.2,8.5,,Sim,Sim,9.111,10.0,Fase 2 (5º e 6º ano),0,PEDE2022,,,,,,,,,,
RA-422,2,L,Aluno-422,2010,12,Menino,2022,Escola Pública,6.746,8.5,10.0,7.5,2.5,1.0,4.0,,Não,Não,7.5,5.0,Fase 3 (7º e 8º ano),-1,PEDE2022,,,,,,,,,,
RA-423,2,L,Aluno-423,2010,12,Menina,2022,Escola Pública,6.647,8.4,9.6,7.5,2.3,0.5,4.0,,Não,Não,7.667,5.0,Fase 3 (7º e 8º ano),-1,PEDE2022,,,,,,,,,,
RA-424,2,L,Aluno-424,2010,12,Menina,2022,Escola Pública,7.94,9.0,10.0,7.5,7.5,10.0,5.0,,Não,Não,8.222,5.0,Fase 3 (7º e 8º ano),-1,PEDE2022,,,,,,,,,,
RA-425,2,L,Aluno-425,2010,12,Menino,2022,Escola Pública,8.117,9.0,10.0,7.5,9.0,9.0,9.0,,Não,Não,7.5,5.0,Fase 3 (7º e 8º ano),-1,PEDE2022,,,,,,,,,,
RA-426,2,M,Aluno-426,2008,14,Menina,2022,Escola Pública,6.35,9.0,6.5,7.5,4.6,2.3,6.8,,Não,Não,7.111,5.0,Fase 4 (9º ano),-2,PEDE2022,,,,,,,,,,
RA-427,2,M,Aluno-427,2009,13,Menino,2022,Escola Pública,6.245,8.0,8.5,7.5,2.5,3.0,2.0,,Não,Não,6.778,5.0,Fase 3 (7º e 8º ano),-1,PEDE2022,,,,,,,,,,
RA-428,2,M,Aluno-428,2009,13,Menino,2022,Escola Pública,7.683,6.8,8.7,7.5,9.5,10.0,9.0,,Não,Não,7.111,5.0,Fase 3 (7º e 8º ano),-1,PEDE2022,,,,,,,,,,
RA-429,2,M,Aluno-429,2009,13,Menino,2019,Escola Pública,5.811,10.0,5.3,7.5,2.7,2.8,2.5,,Não,Não,6.611,5.0,Fase 3 (7º e 8º ano),-1,PEDE2022,,,,,,,,,,
RA-430,2,M,Aluno-430,2009,13,Menino,2022,Escola Pública,7.585,9.5,8.6,7.5,8.5,7.5,9.5,,Não,Não,6.611,5.0,Fase 3 (7º e 8º ano),-1,PEDE2022,,,,,,,,,,
RA-431,2,M,Aluno-431,2011,11,Menino,2022,Escola Pública,7.175,9.0,8.1,7.5,4.5,5.0,4.0,,Não,Não,6.778,10.0,Fase 2 (5º e 6º ano),0,PEDE2022,,,,,,,,,,
RA-432,2,M,Aluno-432,2008,14,Menina,2019,Escola Pública,6.34,10.0,6.8,5.0,5.1,5.7,4.5,,Não,Não,6.611,5.0,Fase 4 (9º ano),-2,PEDE2022,,,,,,,,,,
RA-433,2,M,Aluno-433,2010,12,Menino,2022,Escola Pública,5.557,8.5,7.3,5.0,2.6,2.2,3.0,,Não,Não,5.778,5.0,Fase 3 (7º e 8º ano),-1,PEDE2022,,,,,,,,,,
RA-434,2,M,Aluno-434,2011,11,Menino,2022,Escola Pública,7.403,9.0,8.1,7.5,5.7,4.8,6.5,,Não,Não,6.778,10.0,Fase 2 (5º e 6º ano),0,PEDE2022,,,,,,,,,,
RA-435,2,M,Aluno-435,2012,10,Menina,2022,Escola Pública,6.599,7.9,6.2,7.5,4.7,3.7,5.7,,Não,Não,6.444,10.0,Fase 2 (5º e 6º ano),0,PEDE2022,,,,,,,,,,
RA-436,2,M,Aluno-436,2011,11,Menino,2022,Escola Pública,6.687,9.5,8.1,7.5,2.0,4.0,0.0,,Não,Não,6.611,10.0,Fase 2 (5º e 6º ano),0,PEDE2022,,,,,,,,,,
RA-437,2,M,Aluno-437,2009,13,Menino,2022,Escola Pública,6.875,8.5,8.3,7.5,5.8,6.0,5.5,,Não,Não,6.611,5.0,Fase 3 (7º e 8º ano),-1,PEDE2022,,,,,,,,,,
RA-438,2,M,Aluno-438,2012,10,Menino,2022,Escola Pública,7.764,8.0,8.7,7.5,7.3,6.5,8.0,,Não,Não,6.889,10.0,Fase 2 (5º e 6º ano),0,PEDE2022,,,,,,,,,,
RA-439,2,M,Aluno-439,2010,12,Menino,2022,Escola Pública,5.519,9.0,4.9,7.5,2.3,3.2,1.3,,Não,Não,6.5,5.0,Fase 3 (7º e 8º ano),-1,PEDE2022,,,,,,,,,,
RA-440,2,P,Aluno-440,2011,11,Menino,2022,Escola Pública,7.329,9.5,9.0,6.9,5.5,6.0,5.0,,Não,Não,5.833,10.0,Fase 2 (5º e 6º ano),0,PEDE2022,,,,,,,,,,
RA-441,2,P,Aluno-441,2011,11,Menina,2019,Escola Pública,8.188,9.0,7.9,7.5,8.0,8.0,8.0,,Não,Não,8.333,10.0,Fase 2 (5º e 6º ano),0,PEDE2022,,,,,,,,,,
RA-442,2,P,Aluno-442,2011,11,Menina,2022,Escola Pública,8.226,10.0,8.2,7.5,7.5,9.0,6.0,,Não,Não,8.222,10.0,Fase 2 (5º e 6º ano),0,PEDE2022,,,,,,,,,,
RA-443,2,P,Aluno-443,2009,13,Menina,2019,Escola Pública,7.482,9.0,9.1,7.5,5.6,8.0,3.2,,Sim,Sim,8.5,5.0,Fase 3 (7º e 8º ano),-1,PEDE2022,,,,,,,,,,
RA-444,2,P,Aluno-444,2011,11,Menino,2018,Escola Pública,6.665,9.0,7.2,5.0,3.1,1.5,4.7,,Não,Não,7.778,10.0,Fase 2 (5º e 6º ano),0,PEDE2022,,,,,,,,,,
RA-445,2,P,Aluno-445,2010,12,Menino,2022,Escola Pública,6.924,9.0,9.4,7.5,3.8,0.0,7.5,,Não,Não,7.5,5.0,Fase 3 (7º e 8º ano),-1,PEDE2022,,,,,,,,,,
RA-446,2,P,Aluno-446,2009,13,Menina,2018,Escola Pública,7.367,9.5,8.9,5.0,6.9,6.3,7.5,,Não,Não,7.889,5.0,Fase 3 (7º e 8º ano),-1,PEDE2022,,,,,,,,,,
RA-447,2,P,Aluno-447,2012,10,Menina,2022,Escola Pública,5.607,0.0,7.0,7.5,3.5,7.0,0.0,,Não,Não,5.556,10.0,Fase 2 (5º e 6º ano),0,PEDE2022,,,,,,,,,,
RA-448,2,P,Aluno-448,2011,11,Menina,2022,Escola Pública,7.972,9.0,9.7,7.5,5.5,5.0,6.0,,Não,Não,8.111,10.0,Fase 2 (5º e 6º ano),0,PEDE2022,,,,,,,,,,
RA-449,2,P,Aluno-449,2010,12,Menina,2022,Escola Pública,6.143,0.0,6.0,7.5,7.0,6.0,8.0,,Não,Não,8.111,5.0,Fase 3 (7º e 8º ano),-1,PEDE2022,,,,,,,,,,
RA-450,2,Q,Aluno-450,2009,13,Menino,2021,Escola Pública,7.843,10.0,9.1,7.5,7.5,6.8,8.2,,Não,Não,8.111,5.0,Fase 3 (7º e 8º ano),-1,PEDE2022,,,,,,,,,,
RA-451,2,Q,Aluno-451,2009,13,Menina,2019,Escola Pública,6.434,9.0,6.0,6.3,6.1,3.1,9.2,,Não,Não,6.889,5.0,Fase 3 (7º e 8º ano),-1,PEDE2022,,,,,,,,,,
RA-452,2,Q,Aluno-452,2009,13,Menina,2021,Escola Pública,6.287,9.0,5.6,7.5,4.8,5.0,4.5,,Não,Não,7.167,5.0,Fase 3 (7º e 8º ano),-1,PEDE2022,,,,,,,,,,
RA-453,2,Q,Aluno-453,2009,13,Menina,2022,Escola Pública,7.845,9.0,8.7,7.5,8.8,8.0,9.5,,Não,Não,7.778,5.0,Fase 3 (7º e 8º ano),-1,PEDE2022,,,,,,,,,,
RA-454,2,Q,Aluno-454,2008,14,Menino,2018,Escola Pública,5.561,9.5,8.6,5.0,2.3,0.0,4.7,,Não,Não,5.444,5.0,Fase 4 (9º ano),-2,PEDE2022,,,,,,,,,,
RA-455,2,Q,Aluno-455,2010,12,Menina,2022,Escola Pública,6.876,7.0,7.9,7.5,6.3,6.0,6.5,,Não,Não,7.278,5.0,Fase 3 (7º e 8º ano),-1,PEDE2022,,,,,,,,,,
RA-456,2,Q,Aluno-456,2010,12,Menina,2022,Escola Pública,7.193,6.4,8.2,6.3,7.3,6.0,8.7,,Não,Sim,8.389,5.0,Fase 3 (7º e 8º ano),-1,PEDE2022,,,,,,,,,,
RA-457,2,Q,Aluno-457,2010,12,Menina,2022,Escola Pública,7.68,8.0,8.8,7.5,8.5,7.0,10.0,,Não,Não,7.667,5.0,Fase 3 (7º e 8º ano),-1,PEDE2022,,,,,,,,,,
RA-458,2,Q,Aluno-458,2009,13,Menino,2019,Escola Pública,6.512,8.0,7.7,7.5,5.6,4.7,6.5,,Não,Não,5.833,5.0,Fase 3 (7º e 8º ano),-1,PEDE2022,,,,,,,,,,
RA-459,2,Q,Aluno-459,2010,12,Menino,2019,Escola Pública,7.28,7.0,9.1,8.1,7.3,5.3,9.2,,Não,Não,7.222,5.0,Fase 3 (7º e 8º ano),-1,PEDE2022,,,,,,,,,,
RA-460,2,Q,Aluno-460,2010,12,Menino,2022,Escola Pública,5.711,6.8,8.1,7.5,3.3,0.5,6.0,,Não,Não,5.056,5.0,Fase 3 (7º e 8º ano),-1,PEDE2022,,,,,,,,,,
RA-461,2,Q,Aluno-461,2010,12,Menina,2018,Escola Pública,5.451,0.0,6.7,7.5,3.8,1.5,6.2,,Não,Não,7.222,5.0,Fase 3 (7º e 8º ano),-1,PEDE2022,,,,,,,,,,
RA-462,2,Q,Aluno-462,2008,14,Menino,2022,Escola Pública,6.626,10.0,8.5,7.5,3.6,2.0,5.2,,Não,Não,6.778,5.0,Fase 4 (9º ano),-2,PEDE2022,,,,,,,,,,
RA-463,2,U,Aluno-463,2010,12,Menina,2020,Escola Pública,6.41,10.0,7.8,7.5,2.5,2.0,3.0,,Não,Não,7.389,5.0,Fase 3 (7º e 8º ano),-1,PEDE2022,,,,,,,,,,
RA-464,2,U,Aluno-464,2009,13,Menina,2022,Escola Pública,6.745,7.5,8.0,7.5,4.8,2.7,7.0,,Não,Não,7.722,5.0,Fase 3 (7º e 8º ano),-1,PEDE2022,,,,,,,,,,
RA-465,2,U,Aluno-465,2011,11,Menino,2019,Escola Pública,8.012,8.0,7.9,7.5,7.8,9.3,6.3,,Não,Sim,8.444,10.0,Fase 2 (5º e 6º ano),0,PEDE2022,,,,,,,,,,
RA-466,2,U,Aluno-466,2009,13,Menino,2022,Escola Pública,6.826,8.5,9.7,7.5,3.3,0.5,6.0,,Não,Não,7.556,5.0,Fase 3 (7º e 8º ano),-1,PEDE2022,,,,,,,,,,
RA-467,2,U,Aluno-467,2009,13,Menina,2022,Escola Pública,6.38,5.8,8.4,5.0,5.5,5.0,6.0,,Não,Não,7.111,5.0,Fase 3 (7º e 8º ano),-1,PEDE2022,,,,,,,,,,
RA-468,2,U,Aluno-468,2009,13,Menino,2022,Escola Pública,6.313,9.5,6.7,7.5,4.1,4.5,3.7,,Não,Não,6.722,5.0,Fase 3 (7º e 8º ano),-1,PEDE2022,,,,,,,,,,
RA-469,2,U,Aluno-469,2011,11,Menina,2022,Escola Pública,7.624,9.0,9.6,5.0,5.7,6.2,5.2,,Não,Não,7.833,10.0,Fase 2 (5º e 6º ano),0,PEDE2022,,,,,,,,,,
RA-470,2,U,Aluno-470,2009,13,Menina,2019,Escola Pública,7.378,8.0,9.7,7.5,6.3,5.3,7.3,,Não,Não,7.5,5.0,Fase 3 (7º e 8º ano),-1,PEDE2022,,,,,,,,,,
RA-471,2,U,Aluno-471,2009,13,Menina,2020,Escola Pública,6.535,3.5,8.5,5.0,6.3,5.7,6.8,,Não,Não,8.056,5.0,Fase 3 (7º e 8º ano),-1,PEDE2022,,,,,,,,,,
RA-472,2,U,Aluno-472,2010,12,Menina,2022,Escola Pública,5.93,9.0,7.0,7.5,2.0,1.8,2.2,,Não,Não,7.056,5.0,Fase 3 (7º e 8º ano),-1,PEDE2022,,,,,,,,,,
RA-473,2,U,Aluno-473,2010,12,Menino,2019,Escola Pública,5.915,8.0,6.1,7.5,4.3,4.5,4.0,,Não,Não,5.889,5.0,Fase 3 (7º e 8º ano),-1,PEDE2022,,,,,,,,,,
RA-474,2,U,Aluno-474,2009,13,Menino,2019,Escola Pública,6.446,9.5,9.1,7.5,3.0,1.3,4.7,,Não,Não,6.0,5.0,Fase 3 (7º e 8º ano),-1,PEDE2022,,,,,,,,,,
RA-475,2,U,Aluno-475,2010,12,Menina,2022,Escola Pública,7.199,8.5,9.2,7.5,5.8,3.3,8.3,,Não,Não,7.667,5.0,Fase 3 (7º e 8º ano),-1,PEDE2022,,,,,,,,,,
RA-476,2,U,Aluno-476,2010,12,Menina,2019,Escola Pública,6.931,9.0,9.3,4.4,5.5,5.0,6.0,,Não,Não,7.556,5.0,Fase 3 (7º e 8º ano),-1,PEDE2022,,,,,,,,,,
RA-477,2,U,Aluno-477,2009,13,Menino,2022,Escola Pública,3.633,0.0,5.0,5.6,0.7,0.3,1.0,,Não,Não,4.5,5.0,Fase 3 (7º e 8º ano),-1,PEDE2022,,,,,,,,,,
RA-478,2,U,Aluno-478,2010,12,Menina,2019,Escola Pública,6.709,8.5,9.1,5.6,4.9,3.8,6.0,,Não,Não,7.056,5.0,Fase 3 (7º e 8º ano),-1,PEDE2022,,,,,,,,,,
RA-479,1,A,Aluno-479,2012,10,Menino,2020,Rede Decisão,8.465,8.0,9.2,7.5,9.8,10.0,9.7,,Não,Sim,9.5,5.0,Fase 2 (5º e 6º ano),-1,PEDE2022,,,,,,,,,,
RA-480,1,A,Aluno-480,2012,10,Menina,2021,Escola Pública,7.502,9.0,8.8,7.5,6.3,6.8,5.7,,Sim,Sim,8.444,5.0,Fase 2 (5º e 6º ano),-1,PEDE2022,,,,,,,,,,
RA-481,1,A,Aluno-481,2013,9,Menino,2021,Escola Pública,7.21,9.0,8.0,7.5,5.2,5.7,4.7,,Não,Não,6.889,10.0,Fase 1 (4º ano),0,PEDE2022,,,,,,,,,,
RA-482,1,A,Aluno-482,2011,11,Menino,2021,Escola Pública,6.866,10.0,7.9,7.5,5.5,4.3,6.7,,Não,Não,6.833,5.0,Fase 2 (5º e 6º ano),-1,PEDE2022,,,,,,,,,,
RA-483,1,A,Aluno-483,2011,11,Menina,2019,Escola Pública,5.263,9.0,4.8,5.0,2.4,2.0,2.8,,Não,Não,6.833,5.0,Fase 2 (5º e 6º ano),-1,PEDE2022,,,,,,,,,,
RA-484,1,A,Aluno-484,2011,11,Menino,2022,Escola Pública,6.71,9.5,8.7,5.0,6.5,8.0,5.0,,Não,Não,6.389,5.0,Fase 2 (5º e 6º ano),-1,PEDE2022,,,,,,,,,,
RA-485,1,A,Aluno-485,2012,10,Menino,2020,Escola Pública,4.742,9.5,4.0,7.5,1.2,1.0,1.3,,Não,Não,5.444,5.0,Fase 2 (5º e 6º ano),-1,PEDE2022,,,,,,,,,,
RA-486,1,A,Aluno-486,2012,10,Menina,2020,Escola Pública,7.621,10.0,9.9,7.5,7.3,6.7,7.8,,Não,Não,7.222,5.0,Fase 2 (5º e 6º ano),-1,PEDE2022,,,,,,,,,,
RA-487,1,A,Aluno-487,2012,10,Menina,2019,Rede Decisão,8.417,7.5,9.7,7.5,9.6,9.7,9.5,,Não,Sim,9.333,5.0,Fase 2 (5º e 6º ano),-1,PEDE2022,,,,,,,,,,
RA-488,1,A,Aluno-488,2012,10,Menina,2022,Escola Pública,7.413,8.5,8.8,7.5,7.3,6.0,8.5,,Não,Não,7.722,5.0,Fase 2 (5º e 6º ano),-1,PEDE2022,,,,,,,,,,
RA-489,1,A,Aluno-489,2013,9,Menina,2022,Escola Pública,5.853,9.0,7.2,7.5,0.0,0.0,0.0,,Não,Não,6.5,10.0,Fase 1 (4º ano),0,PEDE2022,,,,,,,,,,
RA-490,1,A,Aluno-490,2012,10,Menina,2022,Escola Pública,7.576,7.9,8.2,7.5,7.7,6.0,9.3,,Não,Sim,8.722,5.0,Fase 2 (5º e 6º ano),-1,PEDE2022,,,,,,,,,,
RA-491,1,A,Aluno-491,2011,11,Menino,2022,Escola Pública,7.461,7.5,9.7,7.5,7.0,6.0,8.0,,Não,Não,7.722,5.0,Fase 2 (5º e 6º ano),-1,PEDE2022,,,,,,,,,,
RA-492,1,A,Aluno-492,2011,11,Menina,2022,Escola Pública,7.678,10.0,8.8,7.5,7.1,8.2,6.0,,Não,Não,8.278,5.0,Fase 2 (5º e 6º ano),-1,PEDE2022,,,,,,,,,,
RA-493,1,B,Aluno-493,2013,9,Menina,2020,Escola Pública,8.306,10.0,9.4,7.5,7.2,7.3,7.0,,Não,Não,8.278,10.0,Fase 1 (4º ano),0,PEDE2022,,,,,,,,,,
RA-494,1,B,Aluno-494,2011,11,Menina,2022,Escola Pública,6.407,6.4,8.3,5.0,5.8,6.3,5.2,,Não,Não,6.944,5.0,Fase 2 (5º e 6º ano),-1,PEDE2022,,,,,,,,,,
RA-495,1,B,Aluno-495,2011,11,Menino,2022,Escola Pública,7.857,9.0,8.9,7.5,8.4,8.0,8.8,,Não,Não,8.056,5.0,Fase 2 (5º e 6º ano),-1,PEDE2022,,,,,,,,,,
RA-496,1,B,Aluno-496,2011,11,Menino,2018,Escola Pública,6.683,8.5,6.8,7.5,5.7,5.8,5.5,,Não,Não,7.556,5.0,Fase 2 (5º e 6º ano),-1,PEDE2022,,,,,,,,,,
RA-497,1,B,Aluno-497,2009,13,Menina,2016,Rede Decisão,6.323,6.9,9.2,5.0,5.1,4.2,6.0,,Não,Não,5.833,5.0,Fase 3 (7º e 8º ano),-2,PEDE2022,,,,,,,,,,
RA-498,1,B,Aluno-498,2011,11,Menina,2018,Escola Pública,7.7,8.5,8.8,7.5,8.8,8.0,9.5,,Não,Não,7.556,5.0,Fase 2 (5º e 6º ano),-1,PEDE2022,,,,,,,,,,
RA-499,1,B,Aluno-499,2012,10,Menino,2020,Escola Pública,7.826,8.5,10.0,7.5,8.2,8.2,8.2,,Não,Não,7.444,5.0,Fase 2 (5º e 6º ano),-1,PEDE2022,,,,,,,,,,
RA-500,1,B,Aluno-500,2012,10,Menina,2020,Escola Pública,8.232,9.0,10.0,7.5,9.5,9.5,9.5,,Sim,Não,7.889,5.0,Fase 2 (5º e 6º ano),-1,PEDE2022,,,,,,,,,,
RA-501,1,B,Aluno-501,2013,9,Menino,2021,Escola Pública,7.794,8.5,8.8,7.5,6.8,8.0,5.7,,Não,Não,7.333,10.0,Fase 1 (4º ano),0,PEDE2022,,,,,,,,,,
RA-502,1,B,Aluno-502,2014,8,Menina,2021,Rede Decisão,8.287,9.5,9.7,7.5,7.4,6.7,8.2,,Não,Não,7.778,10.0,ALFA  (2º e 3º ano),1,PEDE2022,,,,,,,,,,
RA-503,1,B,Aluno-503,2012,10,Menino,2020,Escola Pública,7.95,8.5,10.0,7.5,8.8,8.7,9.0,,Não,Não,7.5,5.0,Fase 2 (5º e 6º ano),-1,PEDE2022,,,,,,,,,,
RA-504,1,B,Aluno-504,2013,9,Menina,2021,Escola Pública,8.072,8.5,8.9,7.5,8.0,7.8,8.2,,Não,Não,7.556,10.0,Fase 1 (4º ano),0,PEDE2022,,,,,,,,,,
RA-505,1,B,Aluno-505,2011,11,Menina,2019,Escola Pública,7.591,9.5,8.0,7.5,8.4,8.2,8.7,,Não,Não,7.556,5.0,Fase 2 (5º e 6º ano),-1,PEDE2022,,,,,,,,,,
RA-506,1,B,Aluno-506,2010,12,Menino,2020,Escola Pública,7.132,9.5,7.3,7.5,7.2,8.3,6.0,,Não,Não,7.278,5.0,Fase 3 (7º e 8º ano),-2,PEDE2022,,,,,,,,,,
RA-507,1,C,Aluno-507,2011,11,Menina,2021,Escola Pública,7.653,8.5,10.0,7.5,7.4,7.3,7.5,,Não,Não,7.222,5.0,Fase 2 (5º e 6º ano),-1,PEDE2022,,,,,,,,,,
RA-508,1,C,Aluno-508,2012,10,Menino,2022,Escola Pública,6.575,8.0,7.4,7.5,4.5,0.0,9.0,,Não,Não,7.556,5.0,Fase 2 (5º e 6º ano),-1,PEDE2022,,,,,,,,,,
RA-509,1,C,Aluno-509,2010,12,Menina,2018,Escola Pública,7.808,9.0,8.2,7.5,9.2,9.3,9.0,,Sim,Não,7.833,5.0,Fase 3 (7º e 8º ano),-2,PEDE2022,,,,,,,,,,
RA-510,1,C,Aluno-510,2010,12,Menino,2022,Escola Pública,7.336,8.0,9.3,7.5,7.1,5.8,8.3,,Não,Não,7.056,5.0,Fase 3 (7º e 8º ano),-2,PEDE2022,,,,,,,,,,
RA-511,1,C,Aluno-511,2012,10,Menina,2022,Escola Pública,7.094,8.0,10.0,7.5,5.3,2.0,8.5,,Não,Não,7.056,5.0,Fase 2 (5º e 6º ano),-1,PEDE2022,,,,,,,,,,
RA-512,1,C,Aluno-512,2012,10,Menina,2022,Escola Pública,7.365,9.0,9.3,7.5,6.2,5.3,7.0,,Não,Não,7.722,5.0,Fase 2 (5º e 6º ano),-1,PEDE2022,,,,,,,,,,
RA-513,1,C,Aluno-513,2013,9,Menino,2021,Escola Pública,8.229,9.0,9.6,5.6,8.3,8.2,8.5,,Não,Não,7.778,10.0,Fase 1 (4º ano),0,PEDE2022,,,,,,,,,,
RA-514,1,C,Aluno-514,2013,9,Menina,2022,Escola Pública,7.039,8.0,9.7,7.5,4.8,2.0,7.5,,Não,Não,5.889,10.0,Fase 1 (4º ano),0,PEDE2022,,,,,,,,,,
RA-515,1,C,Aluno-515,2010,12,Menino,2022,Escola Pública,6.582,8.0,6.3,7.5,5.8,8.5,3.2,,Não,Não,7.556,5.0,Fase 3 (7º e 8º ano),-2,PEDE2022,,,,,,,,,,
RA-516,1,C,Aluno-516,2013,9,Menino,2019,Rede Decisão,8.903,10.0,9.7,7.5,9.9,10.0,9.8,,Não,Não,8.056,10.0,Fase 1 (4º ano),0,PEDE2022,,,,,,,,,,
RA-517,1,D,Aluno-517,2010,12,Menina,2017,Escola Pública,7.604,6.9,9.5,7.5,7.7,7.8,7.5,,Não,Não,7.833,5.0,Fase 3 (7º e 8º ano),-2,PEDE2022,,,,,,,,,,
RA-518,1,D,Aluno-518,2012,10,Menino,2022,Escola Pública,7.661,9.0,9.4,7.5,7.5,6.0,9.0,,Não,Não,7.5,5.0,Fase 2 (5º e 6º ano),-1,PEDE2022,,,,,,,,,,
RA-519,1,D,Aluno-519,2013,9,Menino,2022,Escola Pública,8.0,7.4,9.6,7.5,7.5,7.0,8.0,,Não,Não,7.333,10.0,Fase 1 (4º ano),0,PEDE2022,,,,,,,,,,
RA-520,1,D,Aluno-520,2011,11,Menina,2022,Escola Pública,7.035,10.0,6.8,7.5,6.8,5.0,8.5,,Não,Não,7.278,5.0,Fase 2 (5º e 6º ano),-1,PEDE2022,,,,,,,,,,
RA-521,1,D,Aluno-521,2013,9,Menino,2022,Escola Pública,7.725,9.0,10.0,5.0,6.0,5.0,7.0,,Não,Não,7.5,10.0,Fase 1 (4º ano),0,PEDE2022,,,,,,,,,,
RA-522,1,D,Aluno-522,2013,9,Menino,2021,Escola Pública,8.306,9.5,9.1,7.5,7.5,7.0,8.0,,Não,Não,8.167,10.0,Fase 1 (4º ano),0,PEDE2022,,,,,,,,,,
RA-523,1,D,Aluno-523,2011,11,Menina,2022,Escola Pública,7.591,10.0,9.5,7.5,6.5,5.0,8.0,,Não,Não,7.556,5.0,Fase 2 (5º e 6º ano),-1,PEDE2022,,,,,,,,,,
RA-524,1,D,Aluno-524,2011,11,Menino,2019,Escola Pública,6.947,0.0,9.4,5.0,9.1,9.0,9.2,,Sim,Não,8.056,5.0,Fase 2 (5º e 6º ano),-1,PEDE2022,,,,,,,,,,
RA-525,1,D,Aluno-525,2011,11,Menina,2021,Escola Pública,8.013,9.0,9.3,7.5,8.6,8.3,8.8,,Não,Não,8.167,5.0,Fase 2 (5º e 6º ano),-1,PEDE2022,,,,,,,,,,
RA-526,1,D,Aluno-526,2010,12,Menino,2022,Escola Pública,8.079,10.0,9.9,7.5,8.0,7.7,8.3,,Não,Não,8.167,5.0,Fase 3 (7º e 8º ano),-2,PEDE2022,,,,,,,,,,
RA-527,1,D,Aluno-527,2013,9,Menina,2022,Escola Pública,8.025,8.5,10.0,7.5,6.5,5.0,8.0,,Não,Não,7.5,10.0,Fase 1 (4º ano),0,PEDE2022,,,,,,,,,,
RA-528,1,D,Aluno-528,2011,11,Menino,2021,Escola Pública,5.335,0.0,6.2,7.5,4.0,5.3,2.7,,Não,Não,6.944,5.0,Fase 2 (5º e 6º ano),-1,PEDE2022,,,,,,,,,,
RA-529,1,D,Aluno-529,2010,12,Menino,2020,Escola Pública,6.51,8.5,8.9,5.0,5.2,3.3,7.0,,Não,Não,6.556,5.0,Fase 3 (7º e 8º ano),-2,PEDE2022,,,,,,,,,,
RA-530,1,E,Aluno-530,2012,10,Menino,2019,Escola Pública,8.338,10.0,9.0,7.5,8.9,9.0,8.8,,Sim,Sim,9.056,5.0,Fase 2 (5º e 6º ano),-1,PEDE2022,,,,,,,,,,
RA-531,1,E,Aluno-531,2012,10,Menino,2022,Escola Pública,8.057,9.5,9.8,7.5,7.8,8.7,7.0,,Sim,Não,8.167,5.0,Fase 2 (5º e 6º ano),-1,PEDE2022,,,,,,,,,,
RA-532,1,E,Aluno-532,2013,9,Menina,2022,Escola Pública,7.792,9.5,9.7,7.5,5.5,4.0,7.0,,Não,Não,7.167,10.0,Fase 1 (4º ano),0,PEDE2022,,,,,,,,,,
RA-533,1,E,Aluno-533,2012,10,Menino,2022,Escola Pública,6.962,8.5,8.8,5.6,6.0,5.0,7.0,,Não,Não,7.333,5.0,Fase 2 (5º e 6º ano),-1,PEDE2022,,,,,,,,,,
RA-534,1,E,Aluno-534,2010,12,Menina,2021,Escola Pública,7.131,9.0,7.4,7.5,7.1,6.5,7.7,,Não,Não,7.333,5.0,Fase 3 (7º e 8º ano),-2,PEDE2022,,,,,,,,,,
RA-535,1,F,Aluno-535,2012,10,Menina,2019,Escola Pública,6.953,9.0,9.2,7.5,5.1,4.7,5.5,,Não,Não,6.917,5.0,Fase 2 (5º e 6º ano),-1,PEDE2022,,,,,,,,,,
RA-536,1,F,Aluno-536,2012,10,Menina,2020,Escola Pública,7.106,9.5,8.9,5.6,6.0,6.3,5.7,,Não,Não,7.75,5.0,Fase 2 (5º e 6º ano),-1,PEDE2022,,,,,,,,,,
RA-537,1,F,Aluno-537,2012,10,Menino,2022,Escola Pública,6.641,9.5,9.0,4.4,4.8,2.5,7.0,,Não,Não,7.167,5.0,Fase 2 (5º e 6º ano),-1,PEDE2022,,,,,,,,,,
RA-538,1,F,Aluno-538,2009,13,Menino,2022,Escola Pública,6.309,8.5,7.5,5.6,6.8,4.5,9.0,,Não,Não,5.583,5.0,Fase 3 (7º e 8º ano),-2,PEDE2022,,,,,,,,,,
RA-539,1,F,Aluno-539,2011,11,Menina,2022,Escola Pública,7.665,8.5,9.3,6.9,7.5,6.8,8.2,,Não,Sim,8.417,5.0,Fase 2 (5º e 6º ano),-1,PEDE2022,,,,,,,,,,
RA-540,1,F,Aluno-540,2012,10,Menina,2019,Escola Pública,7.303,8.5,9.5,5.6,7.0,6.8,7.2,,Não,Não,7.5,5.0,Fase 2 (5º e 6º ano),-1,PEDE2022,,,,,,,,,,
RA-541,1,F,Aluno-541,2008,14,Menino,2022,Escola Pública,5.427,10.0,7.8,6.9,2.5,0.0,5.0,,Não,Não,5.0,2.5,Fase 4 (9º ano),-3,PEDE2022,,,,,,,,,,
RA-542,1,F,Aluno-542,2011,11,Menina,2019,Escola Pública,7.221,8.0,9.8,6.3,6.5,5.3,7.7,,Não,Não,7.417,5.0,Fase 2 (5º e 6º ano),-1,PEDE2022,,,,,,,,,,
RA-543,1,F,Aluno-543,2012,10,Menina,2022,Escola Pública,7.05,8.5,9.8,4.4,6.5,5.0,8.0,,Não,Não,7.167,5.0,Fase 2 (5º e 6º ano),-1,PEDE2022,,,,,,,,,,
RA-544,1,F,Aluno-544,2012,10,Menino,2022,Escola Pública,6.307,9.5,9.7,5.6,3.3,1.0,5.5,,Não,Não,6.0,5.0,Fase 2 (5º e 6º ano),-1,PEDE2022,,,,,,,,,,
RA-545,1,G,Aluno-545,2009,13,Menino,2018,Escola Pública,6.723,9.5,6.6,7.5,5.5,4.3,6.7,,Não,Não,7.5,5.0,Fase 3 (7º e 8º ano),-2,PEDE2022,,,,,,,,,,
RA-546,1,G,Aluno-546,2011,11,Menina,2021,Escola Pública,6.77,9.0,7.9,5.0,5.6,3.3,7.8,,Não,Não,7.917,5.0,Fase 2 (5º e 6º ano),-1,PEDE2022,,,,,,,,,,
RA-547,1,G,Aluno-547,2011,11,Menina,2019,Escola Pública,7.745,9.5,9.7,5.0,7.6,7.3,7.8,,Não,Sim,8.833,5.0,Fase 2 (5º e 6º ano),-1,PEDE2022,,,,,,,,,,
RA-548,1,G,Aluno-548,2010,12,Menino,2019,Escola Pública,7.292,8.0,9.1,6.9,7.2,5.7,8.7,,Não,Não,7.583,5.0,Fase 3 (7º e 8º ano),-2,PEDE2022,,,,,,,,,,
RA-549,1,G,Aluno-549,2012,10,Menino,2021,Escola Pública,6.301,10.0,7.9,6.9,4.2,2.2,6.2,,Não,Não,6.167,5.0,Fase 2 (5º e 6º ano),-1,PEDE2022,,,,,,,,,,
RA-550,1,G,Aluno-550,2010,12,Menina,2022,Escola Pública,6.026,9.0,9.0,6.9,1.9,2.0,1.8,,Não,Não,6.25,5.0,Fase 3 (7º e 8º ano),-2,PEDE2022,,,,,,,,,,
RA-551,1,G,Aluno-551,2010,12,Menina,2018,Escola Pública,6.853,8.5,7.3,6.9,6.6,5.0,8.2,,Não,Não,7.333,5.0,Fase 3 (7º e 8º ano),-2,PEDE2022,,,,,,,,,,
RA-552,1,G,Aluno-552,2011,11,Menino,2022,Escola Pública,6.625,9.5,8.8,5.0,5.5,6.0,5.0,,Não,Não,7.167,5.0,Fase 2 (5º e 6º ano),-1,PEDE2022,,,,,,,,,,
RA-553,1,G,Aluno-553,2011,11,Menina,2019,Escola Pública,6.39,9.5,6.9,6.9,3.3,1.0,5.7,,Não,Não,8.167,5.0,Fase 2 (5º e 6º ano),-1,PEDE2022,,,,,,,,,,
RA-554,1,G,Aluno-554,2010,12,Menino,2017,Escola Pública,5.588,7.9,6.0,6.9,4.0,1.7,6.3,,Não,Não,5.75,5.0,Fase 3 (7º e 8º ano),-2,PEDE2022,,,,,,,,,,
RA-555,1,G,Aluno-555,2010,12,Menino,2019,Escola Pública,5.949,9.5,8.1,5.0,4.4,1.8,7.0,,Não,Não,5.167,5.0,Fase 3 (7º e 8º ano),-2,PEDE2022,,,,,,,,,,
RA-556,1,G,Aluno-556,2011,11,Menina,2018,Escola Pública,7.181,9.0,8.8,5.0,6.4,4.8,8.0,,Não,Não,8.25,5.0,Fase 2 (5º e 6º ano),-1,PEDE2022,,,,,,,,,,
RA-557,1,H,Aluno-557,2012,10,Menino,2019,Escola Pública,8.334,10.0,8.4,7.5,9.4,10.0,8.8,,Sim,Sim,9.333,5.0,Fase 2 (5º e 6º ano),-1,PEDE2022,,,,,,,,,,
RA-558,1,H,Aluno-558,2008,14,Menino,2022,Escola Pública,5.539,9.0,8.5,5.0,4.3,0.5,8.0,,Não,Não,4.5,2.5,Fase 4 (9º ano),-3,PEDE2022,,,,,,,,,,
RA-559,1,H,Aluno-559,2011,11,Menino,2021,Escola Pública,7.634,9.5,9.2,7.5,7.1,7.2,7.0,,Não,Não,8.083,5.0,Fase 2 (5º e 6º ano),-1,PEDE2022,,,,,,,,,,
RA-560,1,H,Aluno-560,2011,11,Menino,2020,Escola Pública,4.949,6.9,7.2,5.0,3.8,3.2,4.3,,Não,Não,3.75,5.0,Fase 2 (5º e 6º ano),-1,PEDE2022,,,,,,,,,,
RA-561,1,H,Aluno-561,2011,11,Menino,2022,Escola Pública,7.856,9.0,9.0,7.5,7.4,9.5,5.3,,Sim,Sim,8.833,5.0,Fase 2 (5º e 6º ano),-1,PEDE2022,,,,,,,,,,
RA-562,1,H,Aluno-562,2011,11,Menina,2021,Escola Pública,7.855,8.0,9.0,7.5,8.0,8.3,7.7,,Não,Sim,8.75,5.0,Fase 2 (5º e 6º ano),-1,PEDE2022,,,,,,,,,,
RA-563,1,H,Aluno-563,2011,11,Menina,2020,Escola Pública,8.22,10.0,9.2,7.5,8.5,9.0,8.0,,Sim,Sim,8.833,5.0,Fase 2 (5º e 6º ano),-1,PEDE2022,,,,,,,,,,
RA-564,1,H,Aluno-564,2009,13,Menino,2019,Escola Pública,4.972,9.5,3.8,5.0,2.3,2.5,2.0,,Não,Não,6.833,5.0,Fase 3 (7º e 8º ano),-2,PEDE2022,,,,,,,,,,
RA-565,1,H,Aluno-565,2009,13,Menino,2022,Escola Pública,5.233,9.0,4.1,7.5,2.9,4.0,1.8,,Não,Não,5.917,5.0,Fase 3 (7º e 8º ano),-2,PEDE2022,,,,,,,,,,
RA-566,1,H,Aluno-566,2010,12,Menina,2022,Escola Pública,7.729,9.5,8.4,7.5,8.5,9.5,7.5,,Não,Não,7.917,5.0,Fase 3 (7º e 8º ano),-2,PEDE2022,,,,,,,,,,
RA-567,1,H,Aluno-567,2011,11,Menino,2019,Escola Pública,6.281,9.5,6.0,7.5,4.8,4.3,5.2,,Não,Não,6.833,5.0,Fase 2 (5º e 6º ano),-1,PEDE2022,,,,,,,,,,
RA-568,1,J,Aluno-568,2008,14,Menino,2018,Escola Pública,7.306,8.0,8.6,6.9,8.3,8.0,8.5,,Não,Não,7.944,2.5,Fase 4 (9º ano),-3,PEDE2022,,,,,,,,,,
RA-569,1,J,Aluno-569,2010,12,Menina,2020,Escola Pública,7.074,9.5,8.7,5.0,6.8,6.3,7.3,,Não,Não,7.333,5.0,Fase 3 (7º e 8º ano),-2,PEDE2022,,,,,,,,,,
RA-570,1,J,Aluno-570,2012,10,Menina,2019,Escola Pública,5.722,9.0,7.0,7.5,1.3,0.7,2.0,,Não,Não,6.778,5.0,Fase 2 (5º e 6º ano),-1,PEDE2022,,,,,,,,,,
RA-571,1,J,Aluno-571,2011,11,Menina,2019,Escola Pública,6.589,8.5,8.8,7.5,3.7,3.3,4.0,,Não,Não,6.944,5.0,Fase 2 (5º e 6º ano),-1,PEDE2022,,,,,,,,,,
RA-572,1,J,Aluno-572,2013,9,Menino,2022,Escola Pública,7.48,8.5,8.0,7.5,6.8,4.5,9.0,,Não,Não,6.833,10.0,Fase 1 (4º ano),0,PEDE2022,,,,,,,,,,
RA-573,1,J,Aluno-573,2011,11,Menino,2020,Escola Pública,8.261,9.5,9.9,7.5,8.2,8.3,8.0,,Sim,Sim,8.944,5.0,Fase 2 (5º e 6º ano),-1,PEDE2022,,,,,,,,,,
RA-574,1,J,Aluno-574,2012,10,Menino,2022,Escola Pública,6.86,9.5,7.2,5.0,7.5,5.5,9.5,,Não,Não,6.944,5.0,Fase 2 (5º e 6º ano),-1,PEDE2022,,,,,,,,,,
RA-575,1,J,Aluno-575,2010,12,Menino,2019,Escola Pública,5.889,8.0,6.1,7.5,2.8,2.7,3.0,,Não,Não,7.0,5.0,Fase 3 (7º e 8º ano),-2,PEDE2022,,,,,,,,,,
RA-576,1,J,Aluno-576,2012,10,Menina,2022,Escola Pública,7.59,9.5,9.1,7.5,7.8,7.5,8.0,,Não,Não,7.111,5.0,Fase 2 (5º e 6º ano),-1,PEDE2022,,,,,,,,,,
RA-577,1,J,Aluno-577,2012,10,Menina,2022,Escola Pública,7.862,9.5,9.3,7.5,9.0,8.3,9.7,,Não,Não,7.111,5.0,Fase 2 (5º e 6º ano),-1,PEDE2022,,,,,,,,,,
RA-578,1,J,Aluno-578,2012,10,Menino,2019,Escola Pública,8.814,9.5,10.0,8.8,9.5,9.3,9.7,,Sim,Sim,9.611,5.0,Fase 2 (5º e 6º ano),-1,PEDE2022,,,,,,,,,,
RA-579,1,J,Aluno-579,2012,10,Menina,2022,Escola Pública,6.067,8.5,5.8,7.5,3.8,0.0,7.5,,Não,Não,7.222,5.0,Fase 2 (5º e 6º ano),-1,PEDE2022,,,,,,,,,,
RA-580,1,J,Aluno-580,2012,10,Menina,2020,Escola Pública,7.525,8.0,9.6,7.5,7.6,6.3,8.8,,Não,Não,7.167,5.0,Fase 2 (5º e 6º ano),-1,PEDE2022,,,,,,,,,,
RA-581,1,J,Aluno-581,2012,10,Menino,2019,Escola Pública,6.464,7.5,8.9,7.5,5.0,5.3,4.7,,Não,Não,5.889,5.0,Fase 2 (5º e 6º ano),-1,PEDE2022,,,,,,,,,,
RA-582,1,J,Aluno-582,2012,10,Menina,2022,Escola Pública,7.064,10.0,9.0,7.5,4.9,4.3,5.5,,Não,Não,7.222,5.0,Fase 2 (5º e 6º ano),-1,PEDE2022,,,,,,,,,,
RA-583,1,J,Aluno-583,2010,12,Menina,2019,Escola Pública,7.456,8.5,9.4,7.5,7.1,6.2,8.0,,Não,Não,7.333,5.0,Fase 3 (7º e 8º ano),-2,PEDE2022,,,,,,,,,,
RA-584,1,J,Aluno-584,2012,10,Menina,2019,Escola Pública,6.714,8.0,8.5,7.5,4.6,4.5,4.7,,Não,Não,7.333,5.0,Fase 2 (5º e 6º ano),-1,PEDE2022,,,,,,,,,,
RA-585,1,K,Aluno-585,2013,9,Menina,2020,Escola Pública,7.398,8.5,9.1,7.5,5.0,3.7,6.3,,Não,Não,6.889,10.0,Fase 1 (4º ano),0,PEDE2022,,,,,,,,,,
RA-586,1,K,Aluno-586,2012,10,Menina,2021,Rede Decisão,7.988,10.0,9.6,5.6,8.2,8.2,8.2,,Não,Sim,8.778,5.0,Fase 2 (5º e 6º ano),-1,PEDE2022,,,,,,,,,,
RA-587,1,K,Aluno-587,2012,10,Menino,2022,Escola Pública,6.632,9.5,9.3,7.5,3.8,1.0,6.5,,Não,Não,6.167,5.0,Fase 2 (5º e 6º ano),-1,PEDE2022,,,,,,,,,,
RA-588,1,K,Aluno-588,2013,9,Menina,2021,Rede Decisão,8.622,9.5,10.0,5.6,9.3,9.3,9.2,,Não,Não,8.278,10.0,Fase 1 (4º ano),0,PEDE2022,,,,,,,,,,
RA-589,1,K,Aluno-589,2013,9,Menina,2022,Escola Pública,7.744,9.5,9.4,7.5,5.8,3.0,8.5,,Não,Não,7.056,10.0,Fase 1 (4º ano),0,PEDE2022,,,,,,,,,,
RA-590,1,K,Aluno-590,2012,10,Menina,2020,Escola Pública,7.435,8.5,8.6,7.5,7.4,5.7,9.2,,Não,Não,7.611,5.0,Fase 2 (5º e 6º ano),-1,PEDE2022,,,,,,,,,,
RA-591,1,K,Aluno-591,2011,11,Menino,2021,Escola Pública,7.507,9.5,9.3,7.5,7.1,7.8,6.3,,Não,Não,7.389,5.0,Fase 2 (5º e 6º ano),-1,PEDE2022,,,,,,,,,,
RA-592,1,K,Aluno-592,2012,10,Menina,2020,Escola Pública,7.381,8.0,8.5,5.6,8.4,7.2,9.7,,Não,Não,7.778,5.0,Fase 2 (5º e 6º ano),-1,PEDE2022,,,,,,,,,,
RA-593,1,K,Aluno-593,2012,10,Menina,2021,Escola Pública,6.254,7.5,7.4,7.5,4.6,3.0,6.2,,Não,Não,6.278,5.0,Fase 2 (5º e 6º ano),-1,PEDE2022,,,,,,,,,,
RA-594,1,K,Aluno-594,2012,10,Menino,2022,Escola Pública,7.392,8.0,9.4,7.5,7.8,6.0,9.5,,Não,Não,6.889,5.0,Fase 2 (5º e 6º ano),-1,PEDE2022,,,,,,,,,,
RA-595,1,K,Aluno-595,2010,12,Menino,2018,Escola Pública,5.18,8.5,5.5,7.5,1.0,2.0,0.0,,Não,Não,6.0,5.0,Fase 3 (7º e 8º ano),-2,PEDE2022,,,,,,,,,,
RA-596,1,K,Aluno-596,2013,9,Menina,2021,Escola Pública,8.971,9.5,10.0,7.5,9.3,8.8,9.8,,Sim,Sim,9.0,10.0,Fase 1 (4º ano),0,PEDE2022,,,,,,,,,,
RA-597,1,L,Aluno-597,2013,9,Menino,2022,Escola Pública,8.265,9.0,10.0,7.5,8.0,6.5,9.5,,Não,Não,7.056,10.0,Fase 1 (4º ano),0,PEDE2022,,,,,,,,,,
RA-598,1,L,Aluno-598,2011,11,Menina,2022,Escola Pública,6.35,9.5,7.2,7.5,3.7,4.7,2.7,,Não,Não,6.944,5.0,Fase 2 (5º e 6º ano),-1,PEDE2022,,,,,,,,,,
RA-599,1,L,Aluno-599,2012,10,Menino,2022,Escola Pública,8.2,9.5,9.2,7.5,9.1,8.3,9.8,,Sim,Sim,8.556,5.0,Fase 2 (5º e 6º ano),-1,PEDE2022,,,,,,,,,,
RA-600,1,L,Aluno-600,2013,9,Menina,2021,Escola Pública,7.011,8.5,8.4,7.5,3.9,2.8,5.0,,Não,Não,6.833,10.0,Fase 1 (4º ano),0,PEDE2022,,,,,,,,,,
RA-601,1,L,Aluno-601,2014,8,Menino,2021,Escola Pública,7.713,9.0,9.7,7.5,5.7,5.3,6.0,,Não,Não,7.167,10.0,ALFA  (2º e 3º ano),1,PEDE2022,,,,,,,,,,
RA-602,1,L,Aluno-602,2011,11,Menino,2019,Escola Pública,8.041,10.0,9.7,7.5,8.6,8.3,8.8,,Sim,Não,7.667,5.0,Fase 2 (5º e 6º ano),-1,PEDE2022,,,,,,,,,,
RA-603,1,L,Aluno-603,2011,11,Menina,2022,Escola Pública,7.78,9.0,9.5,7.5,7.5,6.7,8.3,,Não,Não,8.0,5.0,Fase 2 (5º e 6º ano),-1,PEDE2022,,,,,,,,,,
RA-604,1,L,Aluno-604,2012,10,Menina,2021,Escola Pública,8.018,9.0,9.0,7.5,8.8,8.0,9.7,,Sim,Não,8.333,5.0,Fase 2 (5º e 6º ano),-1,PEDE2022,,,,,,,,,,
RA-605,1,L,Aluno-605,2010,12,Menina,2021,Escola Pública,7.276,6.9,9.3,6.9,7.1,6.2,8.0,,Não,Não,7.556,5.0,Fase 3 (7º e 8º ano),-2,PEDE2022,,,,,,,,,,
RA-606,1,L,Aluno-606,2012,10,Menino,2022,Escola Pública,6.127,9.5,9.0,7.5,1.8,2.0,1.5,,Não,Não,6.111,5.0,Fase 2 (5º e 6º ano),-1,PEDE2022,,,,,,,,,,
RA-607,1,L,Aluno-607,2012,10,Menino,2022,Escola Pública,6.44,6.8,8.1,7.5,4.0,3.0,5.0,,Não,Não,7.444,5.0,Fase 2 (5º e 6º ano),-1,PEDE2022,,,,,,,,,,
RA-608,1,L,Aluno-608,2012,10,Menino,2022,Escola Pública,7.216,7.8,9.6,7.5,6.3,3.0,9.5,,Não,Não,7.222,5.0,Fase 2 (5º e 6º ano),-1,PEDE2022,,,,,,,,,,
RA-609,1,L,Aluno-609,2011,11,Menino,2019,Escola Pública,6.794,8.5,7.6,7.5,6.0,6.5,5.5,,Não,Não,7.056,5.0,Fase 2 (5º e 6º ano),-1,PEDE2022,,,,,,,,,,
RA-610,1,L,Aluno-610,2013,9,Menina,2022,Escola Pública,8.18,9.0,9.6,7.5,6.5,6.0,7.0,,Não,Sim,8.5,10.0,Fase 1 (4º ano),0,PEDE2022,,,,,,,,,,
RA-611,1,M,Aluno-611,2010,12,Menino,2021,Escola Pública,7.756,9.5,7.6,7.5,9.5,10.0,9.0,,Sim,Não,7.556,5.0,Fase 3 (7º e 8º ano),-2,PEDE2022,,,,,,,,,,
RA-612,1,M,Aluno-612,2012,10,Menina,2021,Escola Pública,7.594,9.0,9.2,7.5,7.9,9.7,6.2,,Não,Não,7.167,5.0,Fase 2 (5º e 6º ano),-1,PEDE2022,,,,,,,,,,
RA-613,1,M,Aluno-613,2009,13,Menino,2020,Escola Pública,8.121,9.0,9.2,7.5,9.2,9.2,9.2,,Sim,Sim,8.556,5.0,Fase 3 (7º e 8º ano),-2,PEDE2022,,,,,,,,,,
RA-614,1,M,Aluno-614,2010,12,Menino,2021,Escola Pública,8.339,9.5,9.7,7.5,9.6,9.8,9.3,,Sim,Não,8.278,5.0,Fase 3 (7º e 8º ano),-2,PEDE2022,,,,,,,,,,
RA-615,1,M,Aluno-615,2013,9,Menina,2020,Escola Pública,8.086,9.5,9.7,7.5,7.3,7.8,6.7,,Não,Não,6.889,10.0,Fase 1 (4º ano),0,PEDE2022,,,,,,,,,,
RA-616,1,M,Aluno-616,2010,12,Menino,2019,Escola Pública,7.303,7.4,7.4,7.5,8.8,9.2,8.5,,Não,Não,7.278,5.0,Fase 3 (7º e 8º ano),-2,PEDE2022,,,,,,,,,,
RA-617,1,M,Aluno-617,2011,11,Menina,2021,Escola Pública,7.107,8.5,8.9,7.5,6.3,4.5,8.0,,Não,Não,6.778,5.0,Fase 2 (5º e 6º ano),-1,PEDE2022,,,,,,,,,,
RA-618,1,M,Aluno-618,2009,13,Menino,2020,Escola Pública,7.18,8.9,8.3,7.5,6.7,6.8,6.5,,Não,Não,7.333,5.0,Fase 3 (7º e 8º ano),-2,PEDE2022,,,,,,,,,,
RA-619,1,M,Aluno-619,2011,11,Menina,2021,Escola Pública,7.693,9.5,8.0,7.5,9.0,9.2,8.8,,Não,Não,7.333,5.0,Fase 2 (5º e 6º ano),-1,PEDE2022,,,,,,,,,,
RA-620,1,M,Aluno-620,2010,12,Menino,2021,Escola Pública,6.018,0.0,7.5,7.5,6.8,8.5,5.0,,Não,Não,6.833,5.0,Fase 3 (7º e 8º ano),-2,PEDE2022,,,,,,,,,,
RA-621,1,M,Aluno-621,2012,10,Menino,2020,Escola Pública,7.448,9.5,7.7,7.5,7.5,6.8,8.2,,Não,Não,8.222,5.0,Fase 2 (5º e 6º ano),-1,PEDE2022,,,,,,,,,,
RA-622,1,N,Aluno-622,2010,12,Menina,2019,Escola Pública,4.934,3.5,3.8,7.5,3.8,4.8,2.7,,Não,Não,6.0,5.0,Fase 3 (7º e 8º ano),-2,PEDE2022,,,,,,,,,,
RA-623,1,N,Aluno-623,2009,13,Menino,2022,Escola Pública,7.524,7.5,9.0,7.5,8.3,9.3,7.2,,Não,Não,7.389,5.0,Fase 3 (7º e 8º ano),-2,PEDE2022,,,,,,,,,,
RA-624,1,N,Aluno-624,2012,10,Menino,2022,Escola Pública,7.425,9.0,8.9,7.5,6.8,8.0,5.5,,Não,Não,7.722,5.0,Fase 2 (5º e 6º ano),-1,PEDE2022,,,,,,,,,,
RA-625,1,N,Aluno-625,2011,11,Menino,2022,Escola Pública,7.483,8.0,9.2,7.5,7.8,8.5,7.0,,Não,Não,7.333,5.0,Fase 2 (5º e 6º ano),-1,PEDE2022,,,,,,,,,,
RA-626,1,N,Aluno-626,2011,11,Menino,2021,Escola Pública,5.818,7.4,7.6,7.5,1.3,2.5,0.0,,Não,Não,7.278,5.0,Fase 2 (5º e 6º ano),-1,PEDE2022,,,,,,,,,,
RA-627,1,N,Aluno-627,2012,10,Menina,2022,Escola Pública,6.621,7.0,6.7,7.5,6.5,6.2,6.8,,Não,Não,7.0,5.0,Fase 2 (5º e 6º ano),-1,PEDE2022,,,,,,,,,,
RA-628,1,N,Aluno-628,2011,11,Menino,2022,Escola Pública,7.577,9.5,7.6,7.5,9.2,9.3,9.0,,Não,Não,7.333,5.0,Fase 2 (5º e 6º ano),-1,PEDE2022,,,,,,,,,,
RA-629,1,N,Aluno-629,2013,9,Menino,2022,Escola Pública,8.11,9.0,10.0,7.5,7.0,5.0,9.0,,Não,Não,7.278,10.0,Fase 1 (4º ano),0,PEDE2022,,,,,,,,,,
RA-630,1,N,Aluno-630,2013,9,Menino,2022,Escola Pública,8.064,9.5,9.2,7.5,7.3,6.5,8.0,,Não,Não,7.278,10.0,Fase 1 (4º ano),0,PEDE2022,,,,,,,,,,
RA-631,1,N,Aluno-631,2010,12,Menino,2022,Escola Pública,6.928,8.5,6.8,7.5,7.0,7.3,6.7,,Não,Não,7.222,5.0,Fase 3 (7º e 8º ano),-2,PEDE2022,,,,,,,,,,
RA-632,1,P,Aluno-632,2012,10,Menina,2022,Escola Pública,6.996,8.5,9.3,6.9,6.3,5.5,7.2,,Não,Não,6.722,5.0,Fase 2 (5º e 6º ano),-1,PEDE2022,,,,,,,,,,
RA-633,1,P,Aluno-633,2011,11,Menina,2020,Escola Pública,7.476,7.3,8.9,7.5,7.7,6.8,8.5,,Não,Não,7.833,5.0,Fase 2 (5º e 6º ano),-1,PEDE2022,,,,,,,,,,
RA-634,1,P,Aluno-634,2011,11,Menina,2022,Escola Pública,7.619,9.5,9.4,7.5,6.5,8.0,5.0,,Não,Não,8.222,5.0,Fase 2 (5º e 6º ano),-1,PEDE2022,,,,,,,,,,
RA-635,1,P,Aluno-635,2012,10,Menino,2022,Escola Pública,5.313,10.0,4.9,6.9,1.5,0.5,2.5,,Não,Não,6.444,5.0,Fase 2 (5º e 6º ano),-1,PEDE2022,,,,,,,,,,
RA-636,1,P,Aluno-636,2012,10,Menino,2022,Escola Pública,7.189,8.5,8.0,6.9,7.3,7.3,7.3,,Sim,Não,7.389,5.0,Fase 2 (5º e 6º ano),-1,PEDE2022,,,,,,,,,,
RA-637,1,P,Aluno-637,2012,10,Menina,2021,Escola Pública,7.039,8.5,9.0,7.5,5.8,4.8,6.8,,Não,Não,7.0,5.0,Fase 2 (5º e 6º ano),-1,PEDE2022,,,,,,,,,,
RA-638,1,P,Aluno-638,2013,9,Menina,2020,Escola Pública,7.059,8.5,9.3,7.5,3.9,2.0,5.8,,Não,Não,6.278,10.0,Fase 1 (4º ano),0,PEDE2022,,,,,,,,,,
RA-639,1,P,Aluno-639,2012,10,Menina,2021,Escola Pública,6.613,8.5,7.4,7.5,5.5,3.2,7.8,,Não,Não,6.611,5.0,Fase 2 (5º e 6º ano),-1,PEDE2022,,,,,,,,,,
RA-640,1,P,Aluno-640,2011,11,Menina,2022,Escola Pública,6.73,9.0,8.4,7.5,4.8,2.5,7.0,,Não,Não,6.778,5.0,Fase 2 (5º e 6º ano),-1,PEDE2022,,,,,,,,,,
RA-641,1,P,Aluno-641,2013,9,Menina,2022,Escola Pública,7.776,9.0,9.3,7.5,6.5,4.5,8.5,,Não,Não,6.778,10.0,Fase 1 (4º ano),0,PEDE2022,,,,,,,,,,
RA-642,1,P,Aluno-642,2012,10,Menina,2021,Escola Pública,7.75,10.0,9.7,6.9,7.3,7.0,7.7,,Não,Não,7.778,5.0,Fase 2 (5º e 6º ano),-1,PEDE2022,,,,,,,,,,
RA-643,1,P,Aluno-643,2012,10,Menino,2022,Escola Pública,6.763,9.0,8.0,7.5,6.2,6.3,6.0,,Não,Não,6.722,5.0,Fase 2 (5º e 6º ano),-1,PEDE2022,,,,,,,,,,
RA-644,1,P,Aluno-644,2011,11,Menina,2021,Escola Pública,7.83,9.5,8.0,7.5,8.8,9.7,8.0,,Sim,Não,8.278,5.0,Fase 2 (5º e 6º ano),-1,PEDE2022,,,,,,,,,,
RA-645,1,P,Aluno-645,2012,10,Menina,2022,Escola Pública,6.086,8.5,8.1,7.5,2.0,4.0,0.0,,Não,Não,6.833,5.0,Fase 2 (5º e 6º ano),-1,PEDE2022,,,,,,,,,,
RA-646,1,R,Aluno-646,2009,13,Menino,2019,Escola Pública,8.181,8.5,9.8,8.1,8.4,8.8,8.0,,Sim,Sim,8.389,5.0,Fase 3 (7º e 8º ano),-2,PEDE2022,,,,,,,,,,
RA-647,1,R,Aluno-647,2012,10,Menino,2022,Escola Pública,6.606,9.5,8.6,7.5,3.3,1.5,5.2,,Não,Não,7.278,5.0,Fase 2 (5º e 6º ano),-1,PEDE2022,,,,,,,,,,
RA-648,1,R,Aluno-648,2010,12,Menino,2019,Escola Pública,6.736,9.0,7.5,6.9,5.3,5.0,5.5,,Não,Não,7.5,5.0,Fase 3 (7º e 8º ano),-2,PEDE2022,,,,,,,,,,
RA-649,1,R,Aluno-649,2010,12,Menina,2019,Escola Pública,7.302,8.5,8.9,5.6,7.4,6.3,8.5,,Não,Não,7.611,5.0,Fase 3 (7º e 8º ano),-2,PEDE2022,,,,,,,,,,
RA-650,1,R,Aluno-650,2011,11,Menina,2021,Escola Pública,7.004,6.9,8.7,5.6,6.9,5.5,8.3,,Não,Não,7.5,5.0,Fase 2 (5º e 6º ano),-1,PEDE2022,,,,,,,,,,
RA-651,1,R,Aluno-651,2012,10,Menina,2022,Escola Pública,7.866,8.5,9.3,7.5,7.8,7.7,7.8,,Sim,Não,8.333,5.0,Fase 2 (5º e 6º ano),-1,PEDE2022,,,,,,,,,,
RA-652,1,R,Aluno-652,2013,9,Menina,2022,Escola Pública,8.151,8.0,9.6,7.5,7.8,7.0,8.5,,Não,Não,7.5,10.0,Fase 1 (4º ano),0,PEDE2022,,,,,,,,,,
RA-653,1,R,Aluno-653,2011,11,Menina,2022,Escola Pública,8.101,9.5,9.6,7.5,9.3,9.5,9.0,,Não,Não,7.5,5.0,Fase 2 (5º e 6º ano),-1,PEDE2022,,,,,,,,,,
RA-654,1,R,Aluno-654,2010,12,Menina,2022,Escola Pública,7.308,8.5,8.6,7.5,6.8,5.5,8.0,,Não,Não,7.556,5.0,Fase 3 (7º e 8º ano),-2,PEDE2022,,,,,,,,,,
RA-655,1,R,Aluno-655,2010,12,Menina,2019,Escola Pública,7.785,7.5,9.2,7.5,8.3,8.3,8.2,,Sim,Sim,8.389,5.0,Fase 3 (7º e 8º ano),-2,PEDE2022,,,,,,,,,,
RA-656,1,R,Aluno-656,2011,11,Menina,2020,Escola Pública,6.652,7.4,7.5,5.6,6.3,5.0,7.5,,Não,Não,7.5,5.0,Fase 2 (5º e 6º ano),-1,PEDE2022,,,,,,,,,,
RA-657,1,R,Aluno-657,2010,12,Menina,2021,Escola Pública,8.093,9.5,9.8,7.5,9.0,9.0,9.0,,Não,Não,7.5,5.0,Fase 3 (7º e 8º ano),-2,PEDE2022,,,,,,,,,,
RA-658,1,U,Aluno-658,2012,10,Menina,2022,Escola Pública,7.407,10.0,9.3,7.5,5.6,4.7,6.5,,Não,Não,7.917,5.0,Fase 2 (5º e 6º ano),-1,PEDE2022,,,,,,,,,,
RA-659,1,U,Aluno-659,2012,10,Menina,2022,Escola Pública,7.783,8.0,7.8,7.5,9.3,9.5,9.0,,Não,Não,8.333,5.0,Fase 2 (5º e 6º ano),-1,PEDE2022,,,,,,,,,,
RA-660,1,U,Aluno-660,2013,9,Menina,2021,Escola Pública,8.363,9.5,9.0,7.5,6.9,5.8,8.0,,Não,Sim,9.083,10.0,Fase 1 (4º ano),0,PEDE2022,,,,,,,,,,
RA-661,1,U,Aluno-661,2011,11,Menino,2022,Escola Pública,7.593,9.0,8.3,7.5,7.8,8.3,7.3,,Não,Não,7.917,5.0,Fase 2 (5º e 6º ano),-1,PEDE2022,,,,,,,,,,
RA-662,1,U,Aluno-662,2011,11,Menina,2022,Escola Pública,7.044,9.0,8.8,7.5,6.8,5.7,7.8,,Não,Não,6.083,5.0,Fase 2 (5º e 6º ano),-1,PEDE2022,,,,,,,,,,
RA-663,1,U,Aluno-663,2012,10,Menino,2022,Escola Pública,6.376,6.9,8.7,7.5,5.8,5.0,6.5,,Não,Não,5.25,5.0,Fase 2 (5º e 6º ano),-1,PEDE2022,,,,,,,,,,
RA-664,1,U,Aluno-664,2012,10,Menina,2022,Escola Pública,7.277,9.5,8.8,7.5,6.3,5.0,7.5,,Não,Não,7.167,5.0,Fase 2 (5º e 6º ano),-1,PEDE2022,,,,,,,,,,
RA-665,1,U,Aluno-665,2011,11,Menina,2022,Escola Pública,6.996,9.0,7.4,7.5,6.8,6.5,7.0,,Não,Não,7.25,5.0,Fase 2 (5º e 6º ano),-1,PEDE2022,,,,,,,,,,
RA-666,1,U,Aluno-666,2012,10,Menino,2022,Escola Pública,7.929,9.5,9.1,7.5,7.8,8.0,7.5,,Não,Sim,8.833,5.0,Fase 2 (5º e 6º ano),-1,PEDE2022,,,,,,,,,,
RA-667,1,U,Aluno-667,2011,11,Menino,2021,Escola Pública,5.844,8.5,5.6,7.5,4.5,3.7,5.3,,Não,Não,5.833,5.0,Fase 2 (5º e 6º ano),-1,PEDE2022,,,,,,,,,,
RA-668,1,U,Aluno-668,2011,11,Menino,2022,Escola Pública,4.365,6.9,3.3,7.5,2.8,2.8,2.8,,Não,Não,3.75,5.0,Fase 2 (5º e 6º ano),-1,PEDE2022,,,,,,,,,,
RA-669,1,U,Aluno-669,2011,11,Menino,2022,Escola Pública,7.475,9.0,9.7,7.5,6.0,5.0,7.0,,Não,Não,7.833,5.0,Fase 2 (5º e 6º ano),-1,PEDE2022,,,,,,,,,,
RA-670,1,U,Aluno-670,2012,10,Menina,2022,Escola Pública,7.451,8.0,8.8,7.5,6.9,6.5,7.3,,Não,Não,8.167,5.0,Fase 2 (5º e 6º ano),-1,PEDE2022,,,,,,,,,,
RA-671,0,A,Aluno-671,2013,9,Menino,2021,Escola Pública,7.617,8.5,8.2,8.1,8.8,8.8,8.8,,Não,Não,7.417,5.0,Fase 1 (4º ano),-1,PEDE2022,,,,,,,,,,
RA-672,0,A,Aluno-672,2013,9,Menina,2021,Escola Pública,7.48,8.5,8.5,8.1,8.8,8.5,9.1,,Não,Não,6.75,5.0,Fase 1 (4º ano),-1,PEDE2022,,,,,,,,,,
RA-673,0,A,Aluno-673,2014,8,Menina,2022,Escola Pública,8.65,8.5,9.2,8.1,9.2,9.4,8.9,,Sim,Sim,8.583,10.0,ALFA  (2º e 3º ano),0,PEDE2022,,,,,,,,,,
RA-674,0,A,Aluno-674,2014,8,Menino,2022,Escola Pública,7.862,9.5,8.7,8.1,8.0,8.9,7.0,,Não,Não,6.333,10.0,ALFA  (2º e 3º ano),0,PEDE2022,,,,,,,,,,
RA-675,0,A,Aluno-675,2014,8,Menino,2022,Escola Pública,7.576,10.0,6.6,8.1,7.4,8.8,5.9,,Sim,Não,7.083,10.0,ALFA  (2º e 3º ano),0,PEDE2022,,,,,,,,,,
RA-676,0,A,Aluno-676,2013,9,Menino,2021,Escola Pública,7.911,8.5,8.6,8.1,9.3,9.5,9.1,,Sim,Não,8.167,5.0,Fase 1 (4º ano),-1,PEDE2022,,,,,,,,,,
RA-677,0,B,Aluno-677,2014,8,Menina,2021,Escola Pública,8.358,10.0,9.4,7.5,7.3,7.7,6.8,,Não,Sim,8.583,10.0,ALFA  (2º e 3º ano),0,PEDE2022,,,,,,,,,,
RA-678,0,B,Aluno-678,2013,9,Menino,2022,Escola Pública,8.0,9.0,10.0,6.9,7.3,7.5,7.0,,Não,Sim,9.5,5.0,Fase 1 (4º ano),-1,PEDE2022,,,,,,,,,,
RA-679,0,B,Aluno-679,2012,10,Menino,2020,Escola Pública,7.172,9.0,8.2,7.5,6.3,6.7,5.8,,Não,Não,7.833,5.0,Fase 2 (5º e 6º ano),-2,PEDE2022,,,,,,,,,,
RA-680,0,B,Aluno-680,2012,10,Menina,2019,Escola Pública,7.518,9.5,8.8,7.5,7.4,8.0,6.8,,Não,Não,7.75,5.0,Fase 2 (5º e 6º ano),-2,PEDE2022,,,,,,,,,,
RA-681,0,B,Aluno-681,2012,10,Menino,2022,Escola Pública,7.204,8.5,8.5,6.9,6.5,6.5,6.5,,Não,Não,8.0,5.0,Fase 2 (5º e 6º ano),-2,PEDE2022,,,,,,,,,,
RA-682,0,B,Aluno-682,2011,11,Menino,2022,Escola Pública,7.625,9.5,9.1,7.5,7.0,7.0,7.0,,Não,Não,8.083,5.0,Fase 2 (5º e 6º ano),-2,PEDE2022,,,,,,,,,,
RA-683,0,C,Aluno-683,2012,10,Menino,2022,Escola Pública,6.011,7.9,5.0,7.5,4.0,8.0,0.0,,Não,Não,8.083,5.0,Fase 2 (5º e 6º ano),-2,PEDE2022,,,,,,,,,,
RA-684,0,C,Aluno-684,2015,7,Menino,2022,Escola Pública,8.26,9.5,7.5,8.1,9.3,9.0,9.6,,Não,Não,7.917,10.0,ALFA  (2º e 3º ano),0,PEDE2022,,,,,,,,,,
RA-685,0,C,Aluno-685,2013,9,Menino,2022,Escola Pública,6.864,9.0,6.2,5.0,8.0,8.0,8.0,,Não,Não,7.833,5.0,Fase 1 (4º ano),-1,PEDE2022,,,,,,,,,,
RA-686,0,D,Aluno-686,2013,9,Menina,2022,Escola Pública,7.729,7.5,8.6,8.1,8.8,9.2,8.5,,Não,Não,8.083,5.0,Fase 1 (4º ano),-1,PEDE2022,,,,,,,,,,
RA-687,0,D,Aluno-687,2013,9,Menino,2022,Escola Pública,7.703,8.5,9.0,8.1,8.3,9.0,7.5,,Não,Não,8.0,5.0,Fase 1 (4º ano),-1,PEDE2022,,,,,,,,,,
RA-688,0,D,Aluno-688,2013,9,Menino,2022,Escola Pública,7.771,8.5,9.7,7.5,7.9,8.0,7.8,,Não,Não,7.917,5.0,Fase 1 (4º ano),-1,PEDE2022,,,,,,,,,,
RA-689,0,D,Aluno-689,2013,9,Menina,2022,Escola Pública,6.433,7.4,7.9,5.6,5.8,6.0,5.5,,Não,Não,6.667,5.0,Fase 1 (4º ano),-1,PEDE2022,,,,,,,,,,
RA-690,0,D,Aluno-690,2013,9,Menina,2022,Escola Pública,7.541,9.5,9.5,7.5,7.0,7.2,6.8,,Não,Não,7.417,5.0,Fase 1 (4º ano),-1,PEDE2022,,,,,,,,,,
RA-691,0,D,Aluno-691,2014,8,Menina,2022,Escola Pública,8.68,10.0,9.2,8.1,9.4,9.6,9.3,,Não,Não,7.917,10.0,ALFA  (2º e 3º ano),0,PEDE2022,,,,,,,,,,
RA-692,0,D,Aluno-692,2013,9,Menina,2021,Escola Pública,7.569,9.5,8.9,8.1,6.9,7.0,6.8,,Não,Não,7.917,5.0,Fase 1 (4º ano),-1,PEDE2022,,,,,,,,,,
RA-693,0,D,Aluno-693,2015,7,Menina,2022,Escola Pública,7.944,9.5,9.8,8.1,5.7,5.0,6.3,,Não,Não,7.667,10.0,ALFA  (2º e 3º ano),0,PEDE2022,,,,,,,,,,
RA-694,0,D,Aluno-694,2014,8,Menino,2022,Escola Pública,8.378,10.0,9.0,8.1,8.1,8.2,8.0,,Não,Não,7.917,10.0,ALFA  (2º e 3º ano),0,PEDE2022,,,,,,,,,,
RA-695,0,E,Aluno-695,2014,8,Menina,2021,Escola Pública,4.28,9.0,3.1,7.5,2.5,2.2,2.8,,Não,Não,2.5,10.0,ALFA  (2º e 3º ano),0,PEDE2022,,,,,,,,,,
RA-696,0,E,Aluno-696,2013,9,Menina,2021,Escola Pública,7.441,8.5,9.0,7.5,6.6,6.5,6.7,,Não,Não,8.167,5.0,Fase 1 (4º ano),-1,PEDE2022,,,,,,,,,,
RA-697,0,E,Aluno-697,2011,11,Menino,2021,Escola Pública,7.675,7.0,9.3,7.5,8.4,8.8,8.0,,Não,Não,8.083,5.0,Fase 2 (5º e 6º ano),-2,PEDE2022,,,,,,,,,,
RA-698,0,E,Aluno-698,2013,9,Menino,2021,Escola Pública,7.44,9.0,9.8,2.5,8.1,8.0,8.2,,Não,Não,8.083,5.0,Fase 1 (4º ano),-1,PEDE2022,,,,,,,,,,
RA-699,0,E,Aluno-699,2013,9,Menino,2022,Escola Pública,6.658,5.2,9.2,7.5,7.1,7.5,6.7,,Não,Não,6.0,5.0,Fase 1 (4º ano),-1,PEDE2022,,,,,,,,,,
RA-700,0,F,Aluno-700,2013,9,Menina,2022,Escola Pública,7.738,9.0,8.7,7.5,9.2,9.2,9.2,,Não,Não,7.083,5.0,Fase 1 (4º ano),-1,PEDE2022,,,,,,,,,,
RA-701,0,F,Aluno-701,2012,10,Menino,2021,Escola Pública,7.755,9.0,9.3,7.5,8.7,8.7,8.7,,Não,Não,7.417,5.0,Fase 2 (5º e 6º ano),-2,PEDE2022,,,,,,,,,,
RA-702,0,F,Aluno-702,2014,8,Menina,2022,Escola Pública,7.387,10.0,8.6,5.0,6.8,7.0,6.7,,Não,Não,7.0,10.0,ALFA  (2º e 3º ano),0,PEDE2022,,,,,,,,,,
RA-703,0,F,Aluno-703,2012,10,Menino,2021,Escola Pública,6.099,7.5,7.4,5.0,5.1,5.3,4.8,,Não,Não,6.833,5.0,Fase 2 (5º e 6º ano),-2,PEDE2022,,,,,,,,,,
RA-704,0,F,Aluno-704,2012,10,Menino,2022,Escola Pública,6.741,9.0,8.6,5.0,7.2,7.7,6.6,,Não,Não,6.583,5.0,Fase 2 (5º e 6º ano),-2,PEDE2022,,,,,,,,,,
RA-705,0,F,Aluno-705,2012,10,Menino,2022,Escola Pública,6.634,9.5,6.2,7.5,7.1,7.0,7.2,,Não,Não,6.333,5.0,Fase 2 (5º e 6º ano),-2,PEDE2022,,,,,,,,,,
RA-706,0,F,Aluno-706,2012,10,Menina,2021,Escola Pública,7.659,9.5,6.7,7.5,9.1,9.1,9.1,,Não,Sim,8.417,5.0,Fase 2 (5º e 6º ano),-2,PEDE2022,,,,,,,,,,
RA-707,0,F,Aluno-707,2012,10,Menina,2020,Escola Pública,7.679,10.0,8.1,6.9,8.5,8.8,8.2,,Não,Não,8.083,5.0,Fase 2 (5º e 6º ano),-2,PEDE2022,,,,,,,,,,
RA-708,0,F,Aluno-708,2013,9,Menino,2022,Escola Pública,7.282,8.0,8.4,7.5,7.3,7.1,7.6,,Não,Não,7.583,5.0,Fase 1 (4º ano),-1,PEDE2022,,,,,,,,,,
RA-709,0,F,Aluno-709,2012,10,Menina,2022,Escola Pública,5.313,9.5,3.5,7.5,2.3,2.3,2.3,,Não,Não,7.083,5.0,Fase 2 (5º e 6º ano),-2,PEDE2022,,,,,,,,,,
RA-710,0,G,Aluno-710,2012,10,Menino,2020,Escola Pública,7.285,9.5,8.9,5.0,6.9,7.0,6.8,,Não,Não,8.0,5.0,Fase 2 (5º e 6º ano),-2,PEDE2022,,,,,,,,,,
RA-711,0,G,Aluno-711,2013,9,Menino,2022,Escola Pública,6.04,9.0,7.9,6.3,3.5,4.0,3.0,,Não,Não,6.0,5.0,Fase 1 (4º ano),-1,PEDE2022,,,,,,,,,,
RA-712,0,G,Aluno-712,2011,11,Menino,2019,Escola Pública,6.026,8.0,5.1,5.0,8.0,8.7,7.3,,Não,Não,5.833,5.0,Fase 2 (5º e 6º ano),-2,PEDE2022,,,,,,,,,,
RA-713,0,G,Aluno-713,2013,9,Menino,2021,Escola Pública,7.42,10.0,8.7,7.5,7.8,8.0,7.7,,Não,Não,7.25,5.0,Fase 1 (4º ano),-1,PEDE2022,,,,,,,,,,
RA-714,0,G,Aluno-714,2011,11,Menino,2019,Escola Pública,6.953,9.0,6.9,5.6,8.0,8.5,7.5,,Não,Não,7.25,5.0,Fase 2 (5º e 6º ano),-2,PEDE2022,,,,,,,,,,
RA-715,0,G,Aluno-715,2013,9,Menina,2022,Escola Pública,6.656,8.5,8.7,4.4,4.9,4.8,5.0,,Não,Não,7.917,5.0,Fase 1 (4º ano),-1,PEDE2022,,,,,,,,,,
RA-716,0,G,Aluno-716,2013,9,Menino,2022,Escola Pública,6.525,8.9,8.1,7.5,6.7,7.3,6.0,,Não,Não,5.417,5.0,Fase 1 (4º ano),-1,PEDE2022,,,,,,,,,,
RA-717,0,G,Aluno-717,2012,10,Menina,2021,Escola Pública,6.832,9.0,7.3,7.5,5.4,5.0,5.8,,Não,Não,7.917,5.0,Fase 2 (5º e 6º ano),-2,PEDE2022,,,,,,,,,,
RA-718,0,G,Aluno-718,2014,8,Menina,2022,Escola Pública,8.093,8.0,8.9,6.3,9.2,9.2,9.2,,Não,Não,7.417,10.0,ALFA  (2º e 3º ano),0,PEDE2022,,,,,,,,,,
RA-719,0,G,Aluno-719,2012,10,Menina,2021,Escola Pública,5.552,9.0,4.6,7.5,4.2,5.0,3.3,,Não,Não,6.083,5.0,Fase 2 (5º e 6º ano),-2,PEDE2022,,,,,,,,,,
RA-720,0,G,Aluno-720,2013,9,Menina,2021,Escola Pública,6.731,8.0,5.9,7.5,7.6,7.3,7.8,,Não,Não,7.083,5.0,Fase 1 (4º ano),-1,PEDE2022,,,,,,,,,,
RA-721,0,G,Aluno-721,2014,8,Menina,2021,Escola Pública,7.973,9.5,8.1,7.5,7.6,8.2,7.0,,Não,Não,7.917,10.0,ALFA  (2º e 3º ano),0,PEDE2022,,,,,,,,,,
RA-722,0,G,Aluno-722,2013,9,Menina,2021,Escola Pública,7.41,10.0,8.1,4.4,8.1,7.8,8.3,,Não,Não,8.333,5.0,Fase 1 (4º ano),-1,PEDE2022,,,,,,,,,,
RA-723,0,H,Aluno-723,2014,8,Menina,2022,Escola Pública,7.426,10.0,6.6,8.1,5.5,5.3,5.7,,Não,Não,8.167,10.0,ALFA  (2º e 3º ano),0,PEDE2022,,,,,,,,,,
RA-724,0,H,Aluno-724,2014,8,Menina,2022,Escola Pública,6.931,9.5,5.9,5.6,5.6,2.9,8.3,,Não,Não,8.0,10.0,ALFA  (2º e 3º ano),0,PEDE2022,,,,,,,,,,
RA-725,0,H,Aluno-725,2014,8,Menino,2022,Escola Pública,6.33,8.0,5.9,8.1,5.0,4.0,6.0,,Não,Não,5.5,10.0,ALFA  (2º e 3º ano),0,PEDE2022,,,,,,,,,,
RA-726,0,H,Aluno-726,2015,7,Menina,2022,Escola Pública,6.985,10.0,7.5,7.5,4.4,5.8,3.0,,Não,Não,6.583,10.0,ALFA  (2º e 3º ano),0,PEDE2022,,,,,,,,,,
RA-727,0,H,Aluno-727,2014,8,Menino,2022,Escola Pública,7.736,9.0,7.7,8.1,8.4,9.3,7.4,,Não,Não,6.75,10.0,ALFA  (2º e 3º ano),0,PEDE2022,,,,,,,,,,
RA-728,0,H,Aluno-728,2014,8,Menina,2022,Escola Pública,8.244,9.5,7.3,8.1,9.1,9.3,8.9,,Não,Não,8.167,10.0,ALFA  (2º e 3º ano),0,PEDE2022,,,,,,,,,,
RA-729,0,H,Aluno-729,2014,8,Menina,2022,Escola Pública,8.155,10.0,8.7,8.1,8.1,8.5,7.8,,Não,Não,7.25,10.0,ALFA  (2º e 3º ano),0,PEDE2022,,,,,,,,,,
RA-730,0,I,Aluno-730,2012,10,Menina,2021,Escola Pública,7.902,10.0,8.2,8.8,8.3,8.7,8.0,,Não,Não,8.25,5.0,Fase 2 (5º e 6º ano),-2,PEDE2022,,,,,,,,,,
RA-731,0,I,Aluno-731,2012,10,Menina,2019,Escola Pública,7.151,9.0,8.5,6.9,7.3,7.3,7.2,,Não,Não,7.083,5.0,Fase 2 (5º e 6º ano),-2,PEDE2022,,,,,,,,,,
RA-732,0,I,Aluno-732,2013,9,Menino,2022,Escola Pública,7.347,9.0,7.9,8.8,7.2,7.5,6.8,,Não,Não,7.5,5.0,Fase 1 (4º ano),-1,PEDE2022,,,,,,,,,,
RA-733,0,J,Aluno-733,2013,9,Menina,2022,Escola Pública,6.684,9.5,8.5,5.6,5.1,6.0,4.2,,Não,Não,6.917,5.0,Fase 1 (4º ano),-1,PEDE2022,,,,,,,,,,
RA-734,0,J,Aluno-734,2012,10,Menina,2022,Escola Pública,6.952,9.5,7.2,5.6,7.3,8.0,6.5,,Não,Não,7.417,5.0,Fase 2 (5º e 6º ano),-2,PEDE2022,,,,,,,,,,
RA-735,0,J,Aluno-735,2012,10,Menina,2021,Escola Pública,7.485,9.0,9.0,5.6,7.3,7.8,6.7,,Não,Sim,8.583,5.0,Fase 2 (5º e 6º ano),-2,PEDE2022,,,,,,,,,,
RA-736,0,J,Aluno-736,2012,10,Menino,2022,Escola Pública,6.707,9.0,8.5,5.6,5.4,4.7,6.2,,Não,Não,7.0,5.0,Fase 2 (5º e 6º ano),-2,PEDE2022,,,,,,,,,,
RA-737,0,J,Aluno-737,2013,9,Menina,2022,Escola Pública,8.058,9.5,9.2,5.6,9.0,8.5,9.5,,Não,Sim,9.167,5.0,Fase 1 (4º ano),-1,PEDE2022,,,,,,,,,,
RA-738,0,J,Aluno-738,2014,8,Menina,2022,Escola Pública,7.227,8.5,8.1,5.6,5.7,7.7,3.7,,Não,Não,7.5,10.0,ALFA  (2º e 3º ano),0,PEDE2022,,,,,,,,,,
RA-739,0,J,Aluno-739,2014,8,Menino,2022,Escola Pública,6.82,6.4,7.3,5.6,5.9,6.0,5.8,,Não,Não,7.083,10.0,ALFA  (2º e 3º ano),0,PEDE2022,,,,,,,,,,
RA-740,0,J,Aluno-740,2013,9,Menina,2022,Escola Pública,7.218,8.5,9.0,5.6,7.2,7.3,7.0,,Não,Não,7.5,5.0,Fase 1 (4º ano),-1,PEDE2022,,,,,,,,,,
RA-741,0,J,Aluno-741,2012,10,Menina,2022,Escola Pública,6.896,9.5,8.4,5.6,6.3,7.3,5.2,,Não,Não,7.417,5.0,Fase 2 (5º e 6º ano),-2,PEDE2022,,,,,,,,,,
RA-742,0,J,Aluno-742,2013,9,Menina,2022,Escola Pública,7.097,8.5,8.7,5.0,7.3,8.3,6.2,,Não,Não,7.5,5.0,Fase 1 (4º ano),-1,PEDE2022,,,,,,,,,,
RA-743,0,J,Aluno-743,2013,9,Menina,2022,Escola Pública,6.672,10.0,7.9,5.6,4.8,4.8,4.8,,Não,Não,7.5,5.0,Fase 1 (4º ano),-1,PEDE2022,,,,,,,,,,
RA-744,0,J,Aluno-744,2014,8,Menina,2022,Escola Pública,7.742,9.5,9.7,5.6,6.2,6.0,6.3,,Não,Não,7.5,10.0,ALFA  (2º e 3º ano),0,PEDE2022,,,,,,,,,,
RA-745,0,J,Aluno-745,2013,9,Menino,2021,Rede Decisão,7.382,9.0,8.5,5.6,8.1,8.5,7.7,,Não,Não,7.75,5.0,Fase 1 (4º ano),-1,PEDE2022,,,,,,,,,,
RA-746,0,J,Aluno-746,2014,8,Menino,2022,Escola Pública,7.656,8.0,9.1,5.6,7.2,7.7,6.7,,Não,Não,7.417,10.0,ALFA  (2º e 3º ano),0,PEDE2022,,,,,,,,,,
RA-747,0,K,Aluno-747,2011,11,Menina,2022,Escola Pública,7.676,10.0,7.6,7.5,8.8,8.2,9.4,,Sim,Não,7.917,5.0,Fase 2 (5º e 6º ano),-2,PEDE2022,,,,,,,,,,
RA-748,0,K,Aluno-748,2013,9,Menino,2022,Escola Pública,8.084,10.0,9.0,7.5,9.1,9.6,8.6,,Sim,Não,8.25,5.0,Fase 1 (4º ano),-1,PEDE2022,,,,,,,,,,
RA-749,0,K,Aluno-749,2013,9,Menino,2022,Escola Pública,7.484,9.5,7.7,7.5,8.8,9.5,8.1,,Não,Não,7.25,5.0,Fase 1 (4º ano),-1,PEDE2022,,,,,,,,,,
RA-750,0,K,Aluno-750,2012,10,Menino,2019,Escola Pública,6.344,9.5,8.9,4.4,6.8,7.1,6.4,,Não,Não,5.167,5.0,Fase 2 (5º e 6º ano),-2,PEDE2022,,,,,,,,,,
RA-751,0,K,Aluno-751,2011,11,Menino,2022,Escola Pública,5.246,8.5,5.8,7.5,3.8,2.7,4.9,,Não,Não,6.167,5.0,Fase 2 (5º e 6º ano),-2,PEDE2022,,,,,,,,,,
RA-752,0,K,Aluno-752,2011,11,Menina,2022,Escola Pública,8.197,10.0,9.0,7.5,9.5,9.6,9.4,,Sim,Sim,8.417,5.0,Fase 2 (5º e 6º ano),-2,PEDE2022,,,,,,,,,,
RA-753,0,K,Aluno-753,2014,8,Menina,2022,Escola Pública,8.481,9.5,8.6,7.5,9.1,9.4,8.8,,Sim,Sim,8.417,10.0,ALFA  (2º e 3º ano),0,PEDE2022,,,,,,,,,,
RA-754,0,K,Aluno-754,2013,9,Menino,2022,Escola Pública,6.602,10.0,5.8,4.4,7.9,7.8,8.1,,Não,Não,6.917,5.0,Fase 1 (4º ano),-1,PEDE2022,,,,,,,,,,
RA-755,0,K,Aluno-755,2014,8,Menino,2022,Escola Pública,8.566,9.5,9.2,6.9,9.5,9.8,9.3,,Sim,Não,8.083,10.0,ALFA  (2º e 3º ano),0,PEDE2022,,,,,,,,,,
RA-756,0,K,Aluno-756,2013,9,Menino,2022,Escola Pública,6.976,10.0,7.9,7.5,5.7,5.6,5.8,,Não,Não,7.25,5.0,Fase 1 (4º ano),-1,PEDE2022,,,,,,,,,,
RA-757,0,K,Aluno-757,2013,9,Menina,2022,Escola Pública,8.26,9.5,9.3,7.5,9.7,9.9,9.6,,Sim,Sim,8.5,5.0,Fase 1 (4º ano),-1,PEDE2022,,,,,,,,,,
RA-758,0,L,Aluno-758,2013,9,Menino,2022,Escola Pública,7.911,9.0,9.1,7.5,8.1,8.0,8.2,,Não,Não,8.333,5.0,Fase 1 (4º ano),-1,PEDE2022,,,,,,,,,,
RA-759,0,L,Aluno-759,2012,10,Menina,2021,Escola Pública,7.563,9.0,8.6,7.5,7.5,8.3,6.7,,Não,Não,7.833,5.0,Fase 2 (5º e 6º ano),-2,PEDE2022,,,,,,,,,,
RA-760,0,L,Aluno-760,2011,11,Menino,2021,Escola Pública,8.172,9.0,9.2,7.5,8.8,9.3,8.2,,Não,Sim,8.917,5.0,Fase 2 (5º e 6º ano),-2,PEDE2022,,,,,,,,,,
RA-761,0,L,Aluno-761,2013,9,Menino,2022,Escola Pública,8.06,10.0,9.4,7.5,8.2,8.8,7.5,,Não,Não,8.25,5.0,Fase 1 (4º ano),-1,PEDE2022,,,,,,,,,,
RA-762,0,L,Aluno-762,2010,12,Menino,2022,Escola Pública,7.28,10.0,9.7,7.5,6.7,7.3,6.0,,Não,Não,7.083,2.5,Fase 3 (7º e 8º ano),-3,PEDE2022,,,,,,,,,,
RA-763,0,L,Aluno-763,2012,10,Menina,2021,Escola Pública,7.402,9.5,9.7,7.5,6.5,6.3,6.7,,Não,Não,7.167,5.0,Fase 2 (5º e 6º ano),-2,PEDE2022,,,,,,,,,,
RA-764,0,L,Aluno-764,2014,8,Menino,2022,Escola Pública,8.004,9.0,8.8,7.5,7.5,7.2,7.8,,Não,Não,7.667,10.0,ALFA  (2º e 3º ano),0,PEDE2022,,,,,,,,,,
RA-765,0,L,Aluno-765,2013,9,Menino,2022,Escola Pública,6.902,8.5,9.3,7.5,4.3,5.0,3.7,,Não,Não,7.417,5.0,Fase 1 (4º ano),-1,PEDE2022,,,,,,,,,,
RA-766,0,L,Aluno-766,2011,11,Menina,2020,Escola Pública,8.185,10.0,9.5,7.5,8.7,8.5,8.8,,Não,Não,8.333,5.0,Fase 2 (5º e 6º ano),-2,PEDE2022,,,,,,,,,,
RA-767,0,L,Aluno-767,2012,10,Menino,2021,Escola Pública,7.511,9.5,9.0,7.5,7.0,7.3,6.7,,Não,Não,7.583,5.0,Fase 2 (5º e 6º ano),-2,PEDE2022,,,,,,,,,,
RA-768,0,L,Aluno-768,2012,10,Menina,2021,Escola Pública,7.646,9.0,10.0,7.5,7.1,7.0,7.2,,Não,Não,7.583,5.0,Fase 2 (5º e 6º ano),-2,PEDE2022,,,,,,,,,,
RA-769,0,M,Aluno-769,2013,9,Menina,2022,Escola Pública,7.598,10.0,7.5,7.5,7.9,9.6,6.2,,Sim,Sim,8.5,5.0,Fase 1 (4º ano),-1,PEDE2022,,,,,,,,,,
RA-770,0,M,Aluno-770,2015,7,Menino,2022,Escola Pública,8.143,9.5,8.9,7.5,8.3,8.5,8.1,,Não,Não,7.333,10.0,ALFA  (2º e 3º ano),0,PEDE2022,,,,,,,,,,
RA-771,0,M,Aluno-771,2015,7,Menina,2022,Escola Pública,7.873,10.0,8.3,7.5,7.0,7.2,6.9,,Não,Não,7.5,10.0,ALFA  (2º e 3º ano),0,PEDE2022,,,,,,,,,,
RA-772,0,M,Aluno-772,2011,11,Menino,2021,Escola Pública,6.994,9.0,5.4,7.5,9.2,9.3,9.2,,Não,Não,7.25,5.0,Fase 2 (5º e 6º ano),-2,PEDE2022,,,,,,,,,,
RA-773,0,M,Aluno-773,2013,9,Menina,2022,Escola Pública,6.922,10.0,6.8,5.0,8.1,9.3,6.8,,Não,Não,7.083,5.0,Fase 1 (4º ano),-1,PEDE2022,,,,,,,,,,
RA-774,0,M,Aluno-774,2014,8,Menina,2022,Escola Pública,7.587,10.0,7.8,7.5,6.1,7.8,4.4,,Não,Não,7.417,10.0,ALFA  (2º e 3º ano),0,PEDE2022,,,,,,,,,,
RA-775,0,N,Aluno-775,2012,10,Menino,2021,Escola Pública,5.79,7.9,5.7,4.4,5.7,5.5,5.8,,Não,Não,6.417,5.0,Fase 2 (5º e 6º ano),-2,PEDE2022,,,,,,,,,,
RA-776,0,N,Aluno-776,2013,9,Menina,2022,Escola Pública,3.898,0.0,4.3,4.4,1.7,0.0,3.3,,Não,Não,6.333,5.0,Fase 1 (4º ano),-1,PEDE2022,,,,,,,,,,
RA-777,0,N,Aluno-777,2014,8,Menino,2022,Escola Pública,7.096,8.0,7.7,7.5,5.3,6.5,4.0,,Não,Não,7.0,10.0,ALFA  (2º e 3º ano),0,PEDE2022,,,,,,,,,,
RA-778,0,N,Aluno-778,2013,9,Menina,2021,Escola Pública,7.432,10.0,6.7,7.5,7.1,6.0,8.2,,Não,Sim,8.833,5.0,Fase 1 (4º ano),-1,PEDE2022,,,,,,,,,,
RA-779,0,N,Aluno-779,2012,10,Menino,2022,Escola Pública,5.702,9.5,5.0,7.5,2.6,2.2,3.0,,Não,Não,7.083,5.0,Fase 2 (5º e 6º ano),-2,PEDE2022,,,,,,,,,,
RA-780,0,N,Aluno-780,2013,9,Menina,2022,Escola Pública,6.955,8.0,7.6,7.5,6.9,6.3,7.5,,Não,Não,7.167,5.0,Fase 1 (4º ano),-1,PEDE2022,,,,,,,,,,
RA-781,0,N,Aluno-781,2013,9,Menina,2021,Escola Pública,7.786,10.0,8.9,7.5,8.3,8.0,8.5,,Não,Não,7.75,5.0,Fase 1 (4º ano),-1,PEDE2022,,,,,,,,,,
RA-782,0,N,Aluno-782,2014,8,Menino,2022,Escola Pública,7.485,9.5,8.4,7.5,6.0,5.7,6.3,,Não,Não,7.0,10.0,ALFA  (2º e 3º ano),0,PEDE2022,,,,,,,,,,
RA-783,0,N,Aluno-783,2014,8,Menino,2021,Escola Pública,6.996,9.5,5.8,7.5,6.0,4.7,7.3,,Não,Não,6.917,10.0,ALFA  (2º e 3º ano),0,PEDE2022,,,,,,,,,,
RA-784,0,O,Aluno-784,2013,9,Menino,2022,Escola Pública,8.34,9.5,10.0,7.5,8.2,7.8,8.5,,Não,Sim,9.25,5.0,Fase 1 (4º ano),-1,PEDE2022,,,,,,,,,,
RA-785,0,O,Aluno-785,2013,9,Menina,2022,Escola Pública,7.642,9.0,8.6,7.5,8.4,8.8,8.0,,Não,Não,7.667,5.0,Fase 1 (4º ano),-1,PEDE2022,,,,,,,,,,
RA-786,0,O,Aluno-786,2011,11,Menino,2019,Escola Pública,7.004,9.0,9.5,5.6,6.1,6.3,5.8,,Não,Não,7.167,5.0,Fase 2 (5º e 6º ano),-2,PEDE2022,,,,,,,,,,
RA-787,0,O,Aluno-787,2014,8,Menino,2022,Escola Pública,7.205,8.5,9.5,7.5,3.4,4.2,2.7,,Não,Não,7.25,10.0,ALFA  (2º e 3º ano),0,PEDE2022,,,,,,,,,,
RA-788,0,O,Aluno-788,2014,8,Menino,2021,Rede Decisão,8.264,10.0,9.3,5.6,8.0,7.8,8.2,,Não,Sim,8.667,10.0,ALFA  (2º e 3º ano),0,PEDE2022,,,,,,,,,,
RA-789,0,O,Aluno-789,2015,7,Menina,2022,Escola Pública,7.405,9.0,9.4,7.5,4.2,3.7,4.7,,Não,Não,7.417,10.0,ALFA  (2º e 3º ano),0,PEDE2022,,,,,,,,,,
RA-790,0,O,Aluno-790,2011,11,Menina,2022,Escola Pública,7.504,9.0,8.9,7.5,7.8,8.5,7.2,,Não,Não,7.417,5.0,Fase 2 (5º e 6º ano),-2,PEDE2022,,,,,,,,,,
RA-791,0,O,Aluno-791,2011,11,Menina,2022,Escola Pública,7.507,9.5,8.7,7.5,6.5,6.3,6.7,,Não,Sim,8.5,5.0,Fase 2 (5º e 6º ano),-2,PEDE2022,,,,,,,,,,
RA-792,0,O,Aluno-792,2013,9,Menina,2022,Escola Pública,7.025,9.5,8.0,7.5,6.2,6.5,5.8,,Não,Não,7.167,5.0,Fase 1 (4º ano),-1,PEDE2022,,,,,,,,,,
RA-793,0,O,Aluno-793,2012,10,Menino,2022,Escola Pública,6.894,9.5,7.6,7.5,6.0,6.0,6.0,,Não,Não,7.333,5.0,Fase 2 (5º e 6º ano),-2,PEDE2022,,,,,,,,,,
RA-794,0,O,Aluno-794,2014,8,Menina,2022,Escola Pública,7.335,9.5,8.9,7.5,4.1,3.7,4.5,,Não,Não,7.333,10.0,ALFA  (2º e 3º ano),0,PEDE2022,,,,,,,,,,
RA-795,0,O,Aluno-795,2014,8,Menina,2022,Escola Pública,8.064,9.0,9.7,7.5,7.3,8.0,6.5,,Não,Não,7.333,10.0,ALFA  (2º e 3º ano),0,PEDE2022,,,,,,,,,,
RA-796,0,Q,Aluno-796,2012,10,Menina,2022,Escola Pública,7.232,9.5,9.3,7.5,5.4,5.8,5.0,,Não,Não,7.667,5.0,Fase 2 (5º e 6º ano),-2,PEDE2022,,,,,,,,,,
RA-797,0,Q,Aluno-797,2012,10,Menino,2021,Escola Pública,7.217,9.0,8.5,7.5,7.3,8.2,6.5,,Não,Não,7.5,5.0,Fase 2 (5º e 6º ano),-2,PEDE2022,,,,,,,,,,
RA-798,0,Q,Aluno-798,2012,10,Menino,2022,Escola Pública,7.049,8.0,8.3,7.5,6.3,7.0,5.7,,Não,Não,7.667,5.0,Fase 2 (5º e 6º ano),-2,PEDE2022,,,,,,,,,,
RA-799,0,Q,Aluno-799,2012,10,Menina,2022,Escola Pública,7.676,8.0,9.6,7.5,7.8,8.5,7.2,,Não,Não,7.917,5.0,Fase 2 (5º e 6º ano),-2,PEDE2022,,,,,,,,,,
RA-800,0,Q,Aluno-800,2014,8,Menino,2022,Escola Pública,6.818,8.0,5.4,7.5,6.1,6.3,5.8,,Não,Não,7.5,10.0,ALFA  (2º e 3º ano),0,PEDE2022,,,,,,,,,,
RA-801,0,Q,Aluno-801,2013,9,Menino,2022,Escola Pública,6.644,7.0,6.6,7.5,6.8,7.2,6.3,,Não,Não,7.5,5.0,Fase 1 (4º ano),-1,PEDE2022,,,,,,,,,,
RA-802,0,Q,Aluno-802,2013,9,Menino,2021,Escola Pública,7.831,9.0,9.0,7.5,8.3,9.0,7.5,,Não,Não,8.333,5.0,Fase 1 (4º ano),-1,PEDE2022,,,,,,,,,,
RA-803,0,Q,Aluno-803,2012,10,Menina,2022,Escola Pública,6.98,10.0,7.2,7.5,6.3,6.5,6.0,,Não,Não,7.417,5.0,Fase 2 (5º e 6º ano),-2,PEDE2022,,,,,,,,,,
RA-804,0,Q,Aluno-804,2012,10,Menino,2022,Escola Pública,6.848,10.0,8.4,6.3,4.8,5.5,4.0,,Não,Não,7.667,5.0,Fase 2 (5º e 6º ano),-2,PEDE2022,,,,,,,,,,
RA-805,0,R,Aluno-805,2014,8,Menino,2021,Escola Pública,8.279,9.5,9.0,7.5,8.8,8.7,8.9,,Não,Não,7.333,10.0,ALFA  (2º e 3º ano),0,PEDE2022,,,,,,,,,,
RA-806,0,R,Aluno-806,2014,8,Menino,2022,Escola Pública,7.561,9.5,7.3,7.5,6.6,5.0,8.2,,Não,Não,7.917,10.0,ALFA  (2º e 3º ano),0,PEDE2022,,,,,,,,,,
RA-807,0,R,Aluno-807,2014,8,Menino,2022,Escola Pública,8.121,9.5,8.7,6.3,9.0,9.5,8.6,,Não,Não,7.5,10.0,ALFA  (2º e 3º ano),0,PEDE2022,,,,,,,,,,
RA-808,0,R,Aluno-808,2014,8,Menino,2022,Escola Pública,8.361,10.0,9.1,6.3,9.3,9.7,8.8,,Não,Não,8.0,10.0,ALFA  (2º e 3º ano),0,PEDE2022,,,,,,,,,,
RA-809,0,R,Aluno-809,2015,7,Menino,2022,Escola Pública,7.259,10.0,6.6,6.3,6.3,5.5,7.1,,Não,Não,7.417,10.0,ALFA  (2º e 3º ano),0,PEDE2022,,,,,,,,,,
RA-810,0,R,Aluno-810,2014,8,Menino,2021,Escola Pública,7.887,8.5,9.1,5.0,9.6,9.7,9.5,,Não,Não,7.25,10.0,ALFA  (2º e 3º ano),0,PEDE2022,,,,,,,,,,
RA-811,0,R,Aluno-811,2013,9,Menina,2021,Escola Pública,6.575,8.9,5.7,5.6,7.3,8.9,5.7,,Não,Não,7.667,5.0,Fase 1 (4º ano),-1,PEDE2022,,,,,,,,,,
RA-812,0,R,Aluno-812,2014,8,Menino,2022,Escola Pública,7.497,9.0,8.1,5.6,7.4,8.3,6.6,,Não,Não,7.333,10.0,ALFA  (2º e 3º ano),0,PEDE2022,,,,,,,,,,
RA-813,0,S,Aluno-813,2014,8,Menino,2022,Escola Pública,7.093,9.5,6.5,6.9,6.0,6.7,5.3,,Não,Não,7.417,10.0,ALFA  (2º e 3º ano),0,PEDE2022,,,,,,,,,,
RA-814,0,S,Aluno-814,2013,9,Menino,2022,Escola Pública,7.592,8.9,9.0,6.9,7.5,7.8,7.2,,Não,Sim,8.417,5.0,Fase 1 (4º ano),-1,PEDE2022,,,,,,,,,,
RA-815,0,S,Aluno-815,2013,9,Menino,2022,Escola Pública,6.81,10.0,7.9,5.6,6.5,7.7,5.3,,Não,Não,7.0,5.0,Fase 1 (4º ano),-1,PEDE2022,,,,,,,,,,
RA-816,0,S,Aluno-816,2013,9,Menina,2022,Escola Pública,8.513,10.0,9.3,7.5,9.6,9.5,9.7,,Sim,Sim,9.417,5.0,Fase 1 (4º ano),-1,PEDE2022,,,,,,,,,,
RA-817,0,S,Aluno-817,2014,8,Menina,2022,Escola Pública,7.819,10.0,8.7,6.3,7.1,7.7,6.5,,Não,Não,7.417,10.0,ALFA  (2º e 3º ano),0,PEDE2022,,,,,,,,,,
RA-818,0,S,Aluno-818,2015,7,Menino,2022,Escola Pública,7.483,9.5,7.3,7.5,6.2,6.5,5.8,,Não,Não,7.5,10.0,ALFA  (2º e 3º ano),0,PEDE2022,,,,,,,,,,
RA-819,0,S,Aluno-819,2014,8,Menino,2022,Escola Pública,7.741,10.0,7.9,7.5,7.3,8.0,6.5,,Não,Não,7.333,10.0,ALFA  (2º e 3º ano),0,PEDE2022,,,,,,,,,,
RA-820,0,T,Aluno-820,2013,9,Menino,2022,Escola Pública,7.417,9.5,10.0,6.9,6.0,7.7,4.3,,Não,Não,7.583,5.0,Fase 1 (4º ano),-1,PEDE2022,,,,,,,,,,
RA-821,0,T,Aluno-821,2012,10,Menino,2022,Escola Pública,6.342,9.0,7.0,7.5,4.6,5.2,4.0,,Não,Não,6.917,5.0,Fase 2 (5º e 6º ano),-2,PEDE2022,,,,,,,,,,
RA-822,0,T,Aluno-822,2012,10,Menino,2022,Escola Pública,6.922,8.0,8.4,7.5,6.1,6.5,5.7,,Não,Não,7.083,5.0,Fase 2 (5º e 6º ano),-2,PEDE2022,,,,,,,,,,
RA-823,0,T,Aluno-823,2012,10,Menina,2021,Escola Pública,5.989,10.0,6.0,7.5,2.8,4.0,1.7,,Não,Não,7.167,5.0,Fase 2 (5º e 6º ano),-2,PEDE2022,,,,,,,,,,
RA-824,0,T,Aluno-824,2014,8,Menino,2022,Escola Pública,6.799,10.0,4.4,6.9,6.0,7.0,5.0,,Não,Não,7.333,10.0,ALFA  (2º e 3º ano),0,PEDE2022,,,,,,,,,,
RA-825,0,T,Aluno-825,2013,9,Menina,2021,Escola Pública,7.25,7.5,8.2,6.9,7.6,8.3,6.8,,Não,Não,7.917,5.0,Fase 1 (4º ano),-1,PEDE2022,,,,,,,,,,
RA-826,0,U,Aluno-826,2014,8,Menino,2022,Escola Pública,7.776,9.5,9.6,7.5,5.4,4.3,6.5,,Não,Não,7.5,10.0,ALFA  (2º e 3º ano),0,PEDE2022,,,,,,,,,,
RA-827,0,U,Aluno-827,2012,10,Menina,2022,Escola Pública,7.412,9.5,7.0,7.5,7.6,7.7,7.5,,Não,Sim,8.667,5.0,Fase 2 (5º e 6º ano),-2,PEDE2022,,,,,,,,,,
RA-828,0,U,Aluno-828,2013,9,Menina,2022,Escola Pública,7.139,9.5,7.1,7.5,6.9,7.3,6.5,,Não,Não,7.833,5.0,Fase 1 (4º ano),-1,PEDE2022,,,,,,,,,,
RA-829,0,U,Aluno-829,2014,8,Menina,2022,Escola Pública,8.003,9.0,8.6,7.5,7.8,8.2,7.5,,Não,Não,7.5,10.0,ALFA  (2º e 3º ano),0,PEDE2022,,,,,,,,,,
RA-830,0,U,Aluno-830,2013,9,Menina,2022,Escola Pública,7.234,10.0,8.6,7.5,6.0,5.8,6.2,,Não,Não,7.5,5.0,Fase 1 (4º ano),-1,PEDE2022,,,,,,,,,,
RA-831,0,U,Aluno-831,2013,9,Menino,2022,Escola Pública,7.41,9.5,9.2,7.5,7.2,7.3,7.0,,Não,Não,7.167,5.0,Fase 1 (4º ano),-1,PEDE2022,,,,,,,,,,
RA-832,0,U,Aluno-832,2013,9,Menino,2022,Escola Pública,8.179,10.0,9.2,7.5,8.8,8.8,8.8,,Não,Sim,8.833,5.0,Fase 1 (4º ano),-1,PEDE2022,,,,,,,,,,
RA-833,0,U,Aluno-833,2013,9,Menino,2022,Escola Pública,7.791,10.0,9.5,7.5,7.8,8.2,7.5,,Não,Não,7.583,5.0,Fase 1 (4º ano),-1,PEDE2022,,,,,,,,,,
RA-834,0,U,Aluno-834,2013,9,Menino,2022,Escola Pública,8.136,9.0,9.0,7.5,9.0,9.2,8.8,,Não,Sim,9.083,5.0,Fase 1 (4º ano),-1,PEDE2022,,,,,,,,,,
RA-835,0,V,Aluno-835,2014,8,Menino,2022,Escola Pública,7.263,6.9,7.3,7.5,7.5,7.6,7.3,,Não,Não,6.667,10.0,ALFA  (2º e 3º ano),0,PEDE2022,,,,,,,,,,
RA-836,0,V,Aluno-836,2013,9,Menino,2022,Escola Pública,7.665,8.5,8.3,7.5,9.2,9.0,9.3,,Não,Não,7.583,5.0,Fase 1 (4º ano),-1,PEDE2022,,,,,,,,,,
RA-837,0,V,Aluno-837,2014,8,Menino,2022,Escola Pública,8.207,8.5,9.0,7.5,8.8,9.2,8.3,,Não,Não,7.5,10.0,ALFA  (2º e 3º ano),0,PEDE2022,,,,,,,,,,
RA-838,0,V,Aluno-838,2013,9,Menino,2022,Escola Pública,7.461,10.0,7.4,7.5,6.3,6.6,5.9,,Sim,Sim,9.417,5.0,Fase 1 (4º ano),-1,PEDE2022,,,,,,,,,,
RA-839,0,V,Aluno-839,2013,9,Menina,2022,Escola Pública,5.198,0.0,5.1,7.5,5.4,5.8,5.0,,Não,Não,6.583,5.0,Fase 1 (4º ano),-1,PEDE2022,,,,,,,,,,
RA-840,0,V,Aluno-840,2014,8,Menino,2022,Escola Pública,7.875,9.0,8.2,7.5,7.8,9.6,5.9,,Não,Não,7.5,10.0,ALFA  (2º e 3º ano),0,PEDE2022,,,,,,,,,,
RA-841,0,V,Aluno-841,2011,11,Menino,2022,Escola Pública,7.3,8.5,8.5,7.5,7.2,8.6,5.8,,Não,Não,7.5,5.0,Fase 2 (5º e 6º ano),-2,PEDE2022,,,,,,,,,,
RA-842,0,Y,Aluno-842,2014,8,Menina,2022,Escola Pública,7.952,7.5,8.3,7.5,9.1,9.1,9.1,,Não,Não,8.25,10.0,ALFA  (2º e 3º ano),0,PEDE2022,,,,,,,,,,
RA-843,0,Y,Aluno-843,2014,8,Menina,2022,Escola Pública,8.538,8.5,9.0,7.5,9.2,9.8,8.5,,Sim,Sim,8.417,10.0,ALFA  (2º e 3º ano),0,PEDE2022,,,,,,,,,,
RA-844,0,Y,Aluno-844,2014,8,Menino,2022,Escola Pública,6.253,0.0,5.0,8.1,5.9,6.0,5.8,,Sim,Não,8.333,10.0,ALFA  (2º e 3º ano),0,PEDE2022,,,,,,,,,,
RA-845,0,Y,Aluno-845,2014,8,Menina,2022,Escola Pública,8.491,10.0,8.8,7.5,8.7,9.1,8.3,,Não,Sim,8.417,10.0,ALFA  (2º e 3º ano),0,PEDE2022,,,,,,,,,,
RA-846,0,Y,Aluno-846,2015,7,Menina,2022,Escola Pública,7.412,9.0,7.2,7.5,5.9,7.7,4.0,,Não,Não,7.917,10.0,ALFA  (2º e 3º ano),0,PEDE2022,,,,,,,,,,
RA-847,0,Y,Aluno-847,2013,9,Menino,2022,Escola Pública,6.839,7.9,8.2,4.4,7.7,7.8,7.6,,Não,Não,7.417,5.0,Fase 1 (4º ano),-1,PEDE2022,,,,,,,,,,
RA-848,0,Y,Aluno-848,2013,9,Menino,2022,Escola Pública,7.488,9.5,7.0,7.5,9.0,9.8,8.1,,Não,Não,7.833,5.0,Fase 1 (4º ano),-1,PEDE2022,,,,,,,,,,
RA-849,0,Y,Aluno-849,2013,9,Menino,2022,Escola Pública,7.369,8.5,8.3,7.5,9.1,9.8,8.3,,Não,Não,7.417,5.0,Fase 1 (4º ano),-1,PEDE2022,,,,,,,,,,
RA-850,0,Y,Aluno-850,2014,8,Menino,2022,Escola Pública,7.641,10.0,7.3,7.5,8.5,8.1,8.8,,Não,Não,7.167,10.0,ALFA  (2º e 3º ano),0,PEDE2022,,,,,,,,,,
RA-851,0,Y,Aluno-851,2014,8,Menino,2022,Escola Pública,7.515,9.0,7.9,7.5,8.3,7.9,8.7,,Não,Não,6.583,10.0,ALFA  (2º e 3º ano),0,PEDE2022,,,,,,,,,,
RA-852,0,Z,Aluno-852,2015,7,Menina,2022,Escola Pública,5.666,9.0,6.8,5.0,2.1,2.5,1.8,,Não,Não,5.5,10.0,ALFA  (2º e 3º ano),0,PEDE2022,,,,,,,,,,
RA-853,0,Z,Aluno-853,2014,8,Menina,2022,Escola Pública,8.616,10.0,9.6,7.5,8.5,8.8,8.2,,Não,Sim,8.5,10.0,ALFA  (2º e 3º ano),0,PEDE2022,,,,,,,,,,
RA-854,0,Z,Aluno-854,2014,8,Menina,2022,Escola Pública,8.098,8.0,9.0,7.5,9.3,9.5,9.0,,Não,Não,7.167,10.0,ALFA  (2º e 3º ano),0,PEDE2022,,,,,,,,,,
RA-855,0,Z,Aluno-855,2013,9,Menina,2022,Escola Pública,8.453,10.0,9.6,7.5,9.7,9.7,9.6,,Não,Sim,9.0,5.0,Fase 1 (4º ano),-1,PEDE2022,,,,,,,,,,
RA-856,0,Z,Aluno-856,2015,7,Menino,2022,Escola Pública,8.398,10.0,9.1,7.5,8.4,8.5,8.2,,Não,Não,8.0,10.0,ALFA  (2º e 3º ano),0,PEDE2022,,,,,,,,,,
RA-857,0,Z,Aluno-857,2013,9,Menina,2022,Escola Pública,8.154,8.5,8.9,7.5,9.5,9.6,9.3,,Não,Sim,9.083,5.0,Fase 1 (4º ano),-1,PEDE2022,,,,,,,,,,
RA-858,0,Z,Aluno-858,2015,7,Menino,2022,Escola Pública,7.523,10.0,7.1,5.6,7.7,8.4,6.9,,Não,Não,7.333,10.0,ALFA  (2º e 3º ano),0,PEDE2022,,,,,,,,,,
RA-859,0,Z,Aluno-859,2015,7,Menina,2022,Escola Pública,8.325,8.5,8.7,7.5,8.9,9.4,8.4,,Não,Não,8.25,10.0,ALFA  (2º e 3º ano),0,PEDE2022,,,,,,,,,,
RA-860,0,Z,Aluno-860,2015,7,Menino,2022,Escola Pública,8.136,9.5,8.5,7.5,8.1,8.9,7.2,,Não,Não,7.75,10.0,ALFA  (2º e 3º ano),0,PEDE2022,,,,,,,,,,
